,UniProt ID,InChI Key,canonical_smiles,Isomeric_smiles,Parameter,Value,Unit,-log10 value,Database Source,Database Target ID,Database Ligand ID,Reference
0,P21731,OUMPGEOOYZYXNI-OWOJBTEDSA-N,C1=CC=C(C=C1)S(=O)(=O)NCCCC=CCCCC(=O)O,C1=CC=C(C=C1)S(=O)(=O)NCCC/C=C/CCCC(=O)O,Kd,67.0,nM,-1.8260748027008264,BindingDB,,50279862,
1,P21731,APMBRCHHELJNLE-UHFFFAOYSA-N,C1CC2C(C(C1O2)CC3=CC=CC=C3CCC(=O)O)C4=NC(=CO4)C(=O)NCCCCCO,C1CC2C(C(C1O2)CC3=CC=CC=C3CCC(=O)O)C4=NC(=CO4)C(=O)NCCCCCO,Kd,20.0,nM,-1.3010299956639813,BindingDB,,50047265,8496908
2,P21731,KCLYPNKWGQYJSE-JCOFVJCZSA-N,C1CCCN(CC1)C2CCC(C2OCC=CCCC(=O)O)OCC3=CC=C(C=C3)C4=CC=CC=C4CO,C1CCCN(CC1)[C@H]2CC[C@H]([C@@H]2OC/C=C\CCC(=O)O)OCC3=CC=C(C=C3)C4=CC=CC=C4CO,Kd,6.31,nM,-0.8000293592441343,BindingDB,,50391297,
3,P21731,PJTDGAAOPNDSMH-PCFKBGPBSA-N,C1CCCN(CC1)C2CCC(C2OCC=CCCC(=O)O)OCC3=CC=C(C=C3)C4=C(N=CC=C4)CO,C1CCCN(CC1)[C@H]2CC[C@H]([C@@H]2OC/C=C\CCC(=O)O)OCC3=CC=C(C=C3)C4=C(N=CC=C4)CO,Kd,3.161,nM,-0.4998244958395797,ChEMBL,CHEMBL2069,CHEMBL162409,"Bioorg. Med. Chem. Lett., (1991) 1:12:695"
4,P21731,CAMMMXQKSHSGID-SOFGYWHQSA-N,CCCCCCCC(=O)NCC(=O)NCC1C2CCC(C1CC=CCCCC(=O)O)O2,CCCCCCCC(=O)NCC(=O)NCC1C2CCC(C1C/C=C/CCCC(=O)O)O2,Kd,33.55,nM,-1.5256925245050108,BindingDB,,50015849,2391688
5,P21731,FMGMZPGNRHRJQC-WKULSOCRSA-N,C1CCC(CC1)CCCCNC(=O)C2=COC(=N2)C3=CC=C(C=C3)C(=CCCCCCC(=O)O)C4=CN=CC=C4,C1CCC(CC1)CCCCNC(=O)C2=COC(=N2)C3=CC=C(C=C3)/C(=C\CCCCCC(=O)O)/C4=CN=CC=C4,Kd,110.0,nM,-2.041392685158225,BindingDB,,50071140,9873463
6,P21731,KMFPAIGKYNZRJV-SBQVCWCCSA-N,C1CCCN(CC1)C2CCC(C2OCC=CCCC(=O)O)OCC3=CC=C(C=C3)C4=CC=CC=C4,C1CCCN(CC1)[C@H]2CC[C@@H]([C@@H]2OC/C=C\CCC(=O)O)OCC3=CC=C(C=C3)C4=CC=CC=C4,Kd,5.010999999999999,nM,-0.6999244027424767,ChEMBL,CHEMBL2069,CHEMBL350111,"Bioorg. Med. Chem. Lett., (1991) 1:12:689"
7,P21731,VAHRCTHWRYPGTD-GFXGDVFHSA-N,C1=CC(=CN=C1)C(=CCCCCC(=O)O)C2=CC=C(C=C2)C3=NC(=CO3)C(=O)NS(=O)(=O)C4=CC=C(C=C4)Cl,C1=CC(=CN=C1)/C(=C/CCCCC(=O)O)/C2=CC=C(C=C2)C3=NC(=CO3)C(=O)NS(=O)(=O)C4=CC=C(C=C4)Cl,Kd,165.4,nM,-2.218535505216528,ChEMBL,CHEMBL2069,CHEMBL434449,9876106
8,P21731,BZYFYLPNTYTHJE-KPZIQFQPSA-N,C1CCN(CC1)C2CCC(C2OCC=CCCC(=O)O)OCC3=CC=C(C=C3)C4=CC=CC=C4,C1CCN(CC1)[C@H]2CC[C@@H]([C@@H]2OC/C=C\CCC(=O)O)OCC3=CC=C(C=C3)C4=CC=CC=C4,Kd,10.0,nM,-1.0,BindingDB,,50391278,
9,P21731,POPJWIHAKVJLHO-KTZMUZOWSA-N,C1=CC(=CC(=C1)CCNS(=O)(=O)C2=CC=C(C=C2)F)C(=CCCCC(=O)O)C3=CN=CC=C3,C1=CC(=CC(=C1)CCNS(=O)(=O)C2=CC=C(C=C2)F)/C(=C\CCCC(=O)O)/C3=CN=CC=C3,Kd,794.33,nM,-2.900000965153469,ChEMBL,CHEMBL2069,CHEMBL351657,"Bioorg. Med. Chem. Lett., (1991) 1:12:699"
10,P21731,WKQLUMLVLHJXLK-UHFFFAOYSA-N,C1CCC(CC1)CCCCCC(=O)C2=COC(=N2)C3C4CCC(C3CC5=CC=CC=C5CCC(=O)O)O4,C1CCC(CC1)CCCCCC(=O)C2=COC(=N2)C3C4CCC(C3CC5=CC=CC=C5CCC(=O)O)O4,Kd,0.05,nM,1.3010299956639813,ChEMBL,CHEMBL2069,CHEMBL31146,8496908
11,P21731,ZNRZNAHHOIANAO-CCVNUDIWSA-N,C1CCC(CC1)CCCCNC(=O)C2=COC(=N2)C3=CC=C(C=C3)C(=CCCCCC(=O)O)C4=CN=CC=C4,C1CCC(CC1)CCCCNC(=O)C2=COC(=N2)C3=CC=C(C=C3)/C(=C\CCCCC(=O)O)/C4=CN=CC=C4,Kd,9.9,nM,-0.9956351945975499,BindingDB,,50071127,9873463
12,P21731,LCLLKZZXTCXQCH-FOKREPOFSA-N,C1CCCN(CC1)C2CCC(C2OCC=CCCC(=O)O)OCC3=CC=C(C=C3)C4=CC=C(C=C4)CO,C1CCCN(CC1)[C@H]2CC[C@@H]([C@@H]2OC/C=C\CCC(=O)O)OCC3=CC=C(C=C3)C4=CC=C(C=C4)CO,Kd,3.9810000000000003,nM,-0.599992177584098,ChEMBL,CHEMBL2069,CHEMBL350418,"Bioorg. Med. Chem. Lett., (1991) 1:12:689"
13,P21731,JZRDZYYCHLXGOA-UHFFFAOYSA-N,C1CC2C(C(C1O2)CC3=CC=CC=C3CCC(=O)O)C4=NC(=CO4)C(=O)NCCCCC5=CC=C(C=C5)F,C1CC2C(C(C1O2)CC3=CC=CC=C3CCC(=O)O)C4=NC(=CO4)C(=O)NCCCCC5=CC=C(C=C5)F,Kd,3.9,nM,-0.5910646070264992,BindingDB,,50047285,8496908
14,P21731,FXFUQACNHKFGPX-RBBKRZOGSA-N,C1CC(C(C1)C2=NC(=CO2)C(=O)NCC3=CC=C(C=C3)Cl)CC4=CC=CC=C4CCC(=O)O,C1C[C@H]([C@@H](C1)C2=NC(=CO2)C(=O)NCC3=CC=C(C=C3)Cl)CC4=CC=CC=C4CCC(=O)O,Kd,0.5,nM,0.3010299956639812,BindingDB,,50281917,
15,P21731,NXFFJDQHYLNEJK-CYBMUJFWSA-N,CS(=O)(=O)C1=C2C(=CC(=C1)F)C3=C(N2CC4=CC=C(C=C4)Cl)C(CC3)CC(=O)O,CS(=O)(=O)C1=C2C(=CC(=C1)F)C3=C(N2CC4=CC=C(C=C4)Cl)[C@H](CC3)CC(=O)O,Kd,10.95,nM,-1.0394141191761372,BindingDB,,50205275,17300164
16,P21731,MHYTXOVWEAYREB-UHFFFAOYSA-N,C1CC2C(C(C1O2)CC3=CC=CC=C3CCC(=O)O)C4=NC(=CO4)C(=O)NCCCCC5=CC=CC=C5,C1CC2C(C(C1O2)CC3=CC=CC=C3CCC(=O)O)C4=NC(=CO4)C(=O)NCCCCC5=CC=CC=C5,Kd,0.3,nM,0.5228787452803376,ChEMBL,CHEMBL2069,CHEMBL283923,8496908
17,P21731,HQTLTGWAQGLCHN-UHFFFAOYSA-N,C1CC2C(C(C1O2)CC3=CC=CC=C3CCC(=O)O)C4=NC(=CO4)C(=O)NCCC5=CC=C(C=C5)Cl,C1CC2C(C(C1O2)CC3=CC=CC=C3CCC(=O)O)C4=NC(=CO4)C(=O)NCCC5=CC=C(C=C5)Cl,Kd,1.3,nM,-0.11394335230683678,BindingDB,,50047282,
18,P21731,GZYRADOPCAPBPA-OPEKNORGSA-N,C1=CC=C(C=C1)CNC(=O)C2=COC(=N2)C3=CC=C(C=C3)C(=CCCCCC(=O)O)C4=CN=CC=C4,C1=CC=C(C=C1)CNC(=O)C2=COC(=N2)C3=CC=C(C=C3)/C(=C\CCCCC(=O)O)/C4=CN=CC=C4,Kd,135.2,nM,-2.130976691605617,BindingDB,,50071142,9873463
19,P21731,UICLKHCKXGFMBB-UVHMKAGCSA-N,C1CCC(CC1)CCCCNC(=O)C2=COC(=N2)C3=CC=C(C=C3)C(=CCCCC(=O)O)C4=CN=CC=C4,C1CCC(CC1)CCCCNC(=O)C2=COC(=N2)C3=CC=C(C=C3)/C(=C\CCCC(=O)O)/C4=CN=CC=C4,Kd,33.15,nM,-1.520483532740792,BindingDB,,50071133,9873463
20,P21731,XJQSQMOUIAVWJO-CWJUKMOQSA-N,C1CCC(CC1)CCCCNC(=O)C2COC(=N2)C3=CC=CC=C3C(=CCCCCC(=O)O)C4=CN=CC=C4,C1CCC(CC1)CCCCNC(=O)[C@H]2COC(=N2)C3=CC=CC=C3/C(=C\CCCCC(=O)O)/C4=CN=CC=C4,Kd,1850.0,nM,-3.2671717284030137,BindingDB,,50071144,9873463
21,P21731,UASKRIFPIWYGAQ-HIUVJMHLSA-N,COC1CCC(CC1)CCCNC(=O)C2=COC(=N2)C3=CC=C(C=C3)C(=CCCCCC(=O)O)C4=CN=CC=C4,COC1CCC(CC1)CCCNC(=O)C2=COC(=N2)C3=CC=C(C=C3)/C(=C\CCCCC(=O)O)/C4=CN=CC=C4,Kd,121.7,nM,-2.085290578230065,ChEMBL,CHEMBL2069,CHEMBL357723,9876106
22,P21731,UKRDXVRUKWOQIJ-DAJBAZATSA-N,C1CCCN(CC1)C2CCC(C2OCC=CCCC(=O)O)OCC3=CC=C(C=C3)C4=CC=C(C=C4)C(=O)N,C1CCCN(CC1)[C@H]2CCC([C@@H]2OC/C=C\CCC(=O)O)OCC3=CC=C(C=C3)C4=CC=C(C=C4)C(=O)N,Kd,3.161,nM,-0.4998244958395797,BindingDB,,50391282,
23,P21731,MBMSDPWJDWIMHE-ZCXUNETKSA-N,CC(=C(C)C1=NC(=CO1)C(=O)NCCC2=CC=C(C=C2)Cl)CC3=CC=CC=C3CCC(=O)O,C/C(=C(\C)/C1=NC(=CO1)C(=O)NCCC2=CC=C(C=C2)Cl)/CC3=CC=CC=C3CCC(=O)O,Kd,37.15,nM,-1.569958818096594,ChEMBL,CHEMBL2069,CHEMBL424587,"Bioorg. Med. Chem. Lett., (1993) 3:6:1267"
24,P21731,ZLSQZUKYIFZOES-UHFFFAOYSA-N,C#CCCCCCNC(=O)C1=COC(=N1)C2C3CCC(C2CC4=CC=CC=C4CCC(=O)O)O3,C#CCCCCCNC(=O)C1=COC(=N1)C2C3CCC(C2CC4=CC=CC=C4CCC(=O)O)O3,Kd,4.7,nM,-0.6720978579357175,BindingDB,,50047299,8496908
25,P21731,IQLGXPIWWVPPBC-UHFFFAOYSA-N,C1CC(C2=C(C1)C3=C(N2CC4=CC(=CC=C4)OCCCCCC5=CN=CC=C5)C=CC(=C3)F)CC(=O)O,C1CC(C2=C(C1)C3=C(N2CC4=CC(=CC=C4)OCCCCCC5=CN=CC=C5)C=CC(=C3)F)CC(=O)O,Kd,3162.28,nM,-3.500000321342936,ChEMBL,CHEMBL2069,CHEMBL174388,"Bioorg. Med. Chem. Lett., (1992) 2:9:979"
26,P21731,SHQBTFGWYKSCSE-UHFFFAOYSA-N,COC1=CC=C(C=C1)CCCCNC(=O)C2=COC(=N2)C3C4CCC(C3CC5=CC=CC=C5CCC(=O)O)O4,COC1=CC=C(C=C1)CCCCNC(=O)C2=COC(=N2)C3C4CCC(C3CC5=CC=CC=C5CCC(=O)O)O4,Kd,0.3,nM,0.5228787452803376,ChEMBL,CHEMBL2069,CHEMBL281959,8496908
27,P21731,LJVAGLZNDZKSTD-UHFFFAOYSA-N,C1CCC(CC1)CCCCNC(=O)C2=COC(=N2)C3C4CCC(C3CCC5=CC=CC(=C5)C(=O)O)O4,C1CCC(CC1)CCCCNC(=O)C2=COC(=N2)C3C4CCC(C3CCC5=CC=CC(=C5)C(=O)O)O4,Kd,18.4,nM,-1.2648178230095364,ChEMBL,CHEMBL2069,CHEMBL286708,8496908
28,P21731,PUECHKOKBSMEOQ-RMLRFSFXSA-N,CC(C)(CNS(=O)(=O)C1=CC=C(C=C1)I)C2=CC=CC(=C2)C(=NOCCC(=O)O)C3=CN=CC=C3,CC(C)(CNS(=O)(=O)C1=CC=C(C=C1)I)C2=CC=CC(=C2)/C(=N\OCCC(=O)O)/C3=CN=CC=C3,Kd,316.23,nM,-2.5000030680516936,ChEMBL,CHEMBL2069,CHEMBL159979,"Bioorg. Med. Chem. Lett., (1991) 1:12:699"
29,P21731,NCTKBYPUWBMEBQ-CDITXYPMSA-N,CC1(OCC(C(O1)C2=CC=CC=C2)CC=CCCCC(=O)O)C,CC1(OC[C@H]([C@H](O1)C2=CC=CC=C2)C/C=C\CCCC(=O)O)C,Kd,501.0,nM,-2.699837725867246,BindingDB,,50405464,2949077
30,P21731,MWTFNTGEEFCRGV-UHFFFAOYSA-N,C1CCC(CC1)CCCCNC(=O)C2=COC(=N2)C3C4CCC(C3CC5=CC=CC=C5CCC(=O)O)O4,C1CCC(CC1)CCCCNC(=O)C2=COC(=N2)C3C4CCC(C3CC5=CC=CC=C5CCC(=O)O)O4,Kd,0.1,nM,1.0,ChEMBL,CHEMBL2069,CHEMBL31765,"Bioorg. Med. Chem. Lett., (1992) 2:9:937"
31,P21731,QIXPVYQKDOIRDE-PTZWAXEDSA-N,C1CC(C(C1)NS(=O)(=O)C2=CC=CC=C2)CC=CCCCC(=O)O,C1C[C@@H]([C@@H](C1)NS(=O)(=O)C2=CC=CC=C2)C/C=C\CCCC(=O)O,Kd,36.0,nM,-1.5563025007672873,ChEMBL,CHEMBL2069,CHEMBL50507,"Bioorg. Med. Chem. Lett., (1991) 1:3:173"
32,P21731,FYKCCCZUJJEMQA-UHFFFAOYSA-N,CCCCCN(C)C(=O)C1=COC(=N1)C2C3CCC(C2CC4=CC=CC=C4CCC(=O)O)O3,CCCCCN(C)C(=O)C1=COC(=N1)C2C3CCC(C2CC4=CC=CC=C4CCC(=O)O)O3,Kd,11.0,nM,-1.041392685158225,ChEMBL,CHEMBL2069,CHEMBL418583,8496908
33,P21731,UTAFETDONDFNBQ-XODNFHPESA-N,C1=CC=C(C=C1)OCCCCNC(=O)C2=COC(=N2)C3=CC=C(C=C3)C(=CCCCCC(=O)O)C4=CN=CC=C4,C1=CC=C(C=C1)OCCCCNC(=O)C2=COC(=N2)C3=CC=C(C=C3)/C(=C\CCCCC(=O)O)/C4=CN=CC=C4,Kd,52.2,nM,-1.717670503002262,BindingDB,,50072784,9876106
34,P21731,BZYFYLPNTYTHJE-IDPDDZHTSA-N,C1CCN(CC1)C2CCC(C2OCC=CCCC(=O)O)OCC3=CC=C(C=C3)C4=CC=CC=C4,C1CCN(CC1)[C@H]2CCC([C@@H]2OC/C=C\CCC(=O)O)OCC3=CC=C(C=C3)C4=CC=CC=C4,Kd,39.475,nM,-1.596322138680332,ChEMBL,CHEMBL2069,CHEMBL350579,"Bioorg. Med. Chem. Lett., (1991) 1:12:689"
35,P21731,CCRMJQHMJZIQLV-NFWRABKRSA-N,C1CCCN(CC1)C2CCC(C2OCC=CCCC(=O)O)OCC3=CC=C(C=C3)C4=CC=CC=C4CCO,C1CCCN(CC1)[C@H]2CCC([C@@H]2OC/C=C\CCC(=O)O)OCC3=CC=C(C=C3)C4=CC=CC=C4CCO,Kd,1.9975,nM,-0.300486787986029,ChEMBL,CHEMBL2069,CHEMBL161252,"Bioorg. Med. Chem. Lett., (1991) 1:12:689"
36,P21731,CVPOHUCKSJLQHL-UHFFFAOYSA-N,C1=CC(=CC(=C1)CNC2=C(C(=O)C2=O)O)CCNS(=O)(=O)C3=CC=C(C=C3)Cl,C1=CC(=CC(=C1)CNC2=C(C(=O)C2=O)O)CCNS(=O)(=O)C3=CC=C(C=C3)Cl,Kd,359.0,nM,-2.5550944485783194,BindingDB,,50353636,21863799
37,P21731,NMJYFIAGWNELHF-RMZINKPKSA-N,C1C(C(C(O1)C2=CN=CC=C2)CCC=CCCC(=O)O)OCC3=CC=C(C=C3)C4=CC=CC=C4,C1[C@H]([C@@H]([C@H](O1)C2=CN=CC=C2)CC/C=C\CCC(=O)O)OCC3=CC=C(C=C3)C4=CC=CC=C4,Kd,74.13,nM,-1.8699940001217417,ChEMBL,CHEMBL2069,CHEMBL302457,"Bioorg. Med. Chem. Lett., (1994) 4:17:2073"
38,P21731,JYWDWTWKTYLBED-NUGSKGIGSA-N,CCOCCCNC(=O)C1=COC(=N1)C2=CC=C(C=C2)C(=CCCCCC(=O)O)C3=CN=CC=C3,CCOCCCNC(=O)C1=COC(=N1)C2=CC=C(C=C2)/C(=C\CCCCC(=O)O)/C3=CN=CC=C3,Kd,1404.9,nM,-3.1476454125017423,BindingDB,,50072782,9876106
39,P21731,SPDCRJBFMONBLH-LZCJLJQNSA-N,C1CC2C(C(C1O2)CC=CCCCC(=O)O)CNC(=O)CNC(=O)CSC3=CC=CC=C3,C1CC2C(C(C1O2)C/C=C/CCCC(=O)O)CNC(=O)CNC(=O)CSC3=CC=CC=C3,Kd,41.4,nM,-1.6170003411208989,BindingDB,,50015850,2391688
40,P21731,JIIFXFMPPVBISA-UHFFFAOYSA-N,C1CCC(CC1)NC(=O)C2=COC(=N2)C3C4CCC(C3CC5=CC=CC=C5CCC(=O)O)O4,C1CCC(CC1)NC(=O)C2=COC(=N2)C3C4CCC(C3CC5=CC=CC=C5CCC(=O)O)O4,Kd,4.5,nM,-0.6532125137753437,ChEMBL,CHEMBL2069,CHEMBL31334,8496908
41,P21731,WELWIILLEUCEMX-UHFFFAOYSA-N,C1CCC(CC1)NC(=O)CCCCNC(=O)C2=COC(=N2)C3C4CCC(C3CC5=CC=CC=C5CCC(=O)O)O4,C1CCC(CC1)NC(=O)CCCCNC(=O)C2=COC(=N2)C3C4CCC(C3CC5=CC=CC=C5CCC(=O)O)O4,Kd,22.0,nM,-1.3424226808222062,ChEMBL,CHEMBL2069,CHEMBL30377,8496908
42,P21731,REOJLAXLWPJOTB-WUBHUQEYSA-N,C1CCC(CC1)CCCCNC(=O)C2=COC(=N2)C3CCCC3CC4=CC=CC=C4CCC(=O)O,C1CCC(CC1)CCCCNC(=O)C2=COC(=N2)[C@@H]3CCCC3CC4=CC=CC=C4CCC(=O)O,Kd,4.3,nM,-0.6334684555795865,ChEMBL,CHEMBL2069,CHEMBL424031,"Bioorg. Med. Chem. Lett., (1993) 3:6:1267"
43,P21731,MXLKAIPAYMXZKV-JEYLPNPQSA-N,CC1(C2CCC(C1C2)CC3=CC=CC4=C3OC(=O)C=C4)C,CC1(C2CC[C@H](C1C2)CC3=CC=CC4=C3OC(=O)C=C4)C,Kd,424.0,nM,-2.6273658565927325,ChEMBL,CHEMBL2069,CHEMBL2114959,"Bioorg. Med. Chem. Lett., (1995) 5:15:1653"
44,P21731,GLLPUTYLZIKEGF-HAVVHWLPSA-N,C1=CC(=CC(=C1)C(F)(F)F)C(=NOCCCCC(=O)O)C2=CN=CC=C2,C1=CC(=CC(=C1)C(F)(F)F)/C(=N\OCCCCC(=O)O)/C2=CN=CC=C2,Kd,3981.07,nM,-3.59999981394342,ChEMBL,CHEMBL2069,CHEMBL280728,9876106
45,P21731,JVPRGMUQAFLVBU-UHFFFAOYSA-N,C1CC(C2=C(C1)C3=C(N2CC4=CC=C(C=C4)OCCCCC#CC5=CN=CC=C5)C=CC(=C3)F)CC(=O)O,C1CC(C2=C(C1)C3=C(N2CC4=CC=C(C=C4)OCCCCC#CC5=CN=CC=C5)C=CC(=C3)F)CC(=O)O,Kd,199.53,nM,-2.300008202553813,ChEMBL,CHEMBL2069,CHEMBL172198,"Bioorg. Med. Chem. Lett., (1992) 2:9:979"
46,P21731,JUERAJFRTWKSMU-SJQDTAOZSA-N,CS(=O)(=O)NC1=CC=CC=C1C2=CC=C(C=C2)COC3CCC(C3OCC=CCCC(=O)O)N4CCCCCC4,CS(=O)(=O)NC1=CC=CC=C1C2=CC=C(C=C2)CO[C@H]3CC[C@@H]([C@H]3OC/C=C\CCC(=O)O)N4CCCCCC4,Kd,6.31,nM,-0.8000293592441343,ChEMBL,CHEMBL2069,CHEMBL345396,"Bioorg. Med. Chem. Lett., (1991) 1:12:689"
47,P21731,SQSKJSSIEMTRDR-DAJBAZATSA-N,C1CCCN(CC1)C2CCC(C2OCC=CCCC(=O)O)OCC3=CC=C(C=C3)C4=CC=C(C=C4)O,C1CCCN(CC1)[C@H]2CCC([C@@H]2OC/C=C\CCC(=O)O)OCC3=CC=C(C=C3)C4=CC=C(C=C4)O,Kd,6.31,nM,-0.8000293592441343,ChEMBL,CHEMBL2069,CHEMBL351563,"Bioorg. Med. Chem. Lett., (1991) 1:12:689"
48,P21731,AMZRVJWBVXWSAC-BYMOSMHDSA-N,C1CC2C(C(C1O2)CC=CCCCC(=O)O)CNNC(=O)NC3=CC=C(C=C3)I,C1C[C@@H]2[C@H]([C@H]([C@H]1O2)C/C=C\CCCC(=O)O)CNNC(=O)NC3=CC=C(C=C3)[125I],Kd,5.011872336000001,nM,-0.6999999999763676,IUPHAR,346,1983,2968449
49,P21731,FFAOZMPJNPKYSO-UHFFFAOYSA-N,C1CCC(CC1)CCCCNC(=O)C2=COC(=N2)C3C4CCC(C3CCC5=CC=CC(=C5)CC(=O)O)O4,C1CCC(CC1)CCCCNC(=O)C2=COC(=N2)C3C4CCC(C3CCC5=CC=CC(=C5)CC(=O)O)O4,Kd,16.3,nM,-1.212187604403958,ChEMBL,CHEMBL2069,CHEMBL280786,8496908
50,P21731,DXWKKRIUHITYAY-UHFFFAOYSA-N,C1CC2C(C(C1O2)CC3=CC=CC=C3CCC(=O)O)C4=NC(=CO4)C(=O)NCCCCC5=CC=C(C=C5)O,C1CC2C(C(C1O2)CC3=CC=CC=C3CCC(=O)O)C4=NC(=CO4)C(=O)NCCCCC5=CC=C(C=C5)O,Kd,0.5,nM,0.3010299956639812,BindingDB,,50047280,8496908
51,P21731,MYUMNTLHROMWII-UHFFFAOYSA-N,C1CCC(CC1)CCCCNC(=O)C2=COC(=N2)C3CCC(=O)N3C(=O)C4=CC=CC=C4CCC(=O)O,C1CCC(CC1)CCCCNC(=O)C2=COC(=N2)C3CCC(=O)N3C(=O)C4=CC=CC=C4CCC(=O)O,Kd,7.9,nM,-0.8976270912904414,BindingDB,,50403195,
52,P21731,CIHKKQBANYTYGW-UHFFFAOYSA-N,C1CCC(CC1)CCCCNC(=O)C2=COC(=N2)C3C4CCC(C3CC5=CC=CC(=C5)CC(=O)O)O4,C1CCC(CC1)CCCCNC(=O)C2=COC(=N2)C3C4CCC(C3CC5=CC=CC(=C5)CC(=O)O)O4,Kd,1.2,nM,-0.07918124604762482,ChEMBL,CHEMBL2069,CHEMBL285596,8496908
53,P21731,OKSUIOUMDPPHKG-OTQNLKPASA-N,C1C(C(CN1CC2=CN=CC=C2)C3=CC=CC=C3O)CC=CCCC(=O)O,C1[C@H]([C@H](CN1CC2=CN=CC=C2)C3=CC=CC=C3O)C/C=C\CCC(=O)O,Kd,1584.89,nM,-3.1999991251967965,ChEMBL,CHEMBL2069,CHEMBL119887,"Bioorg. Med. Chem. Lett., (1996) 6:4:349"
54,P21731,RJNDVCNWVBWHLY-OBLVFBLMSA-N,C1CC2C(C(C1O2)CC=CCCCC(=O)O)CNNC(=O)NC3=CC=CC=C3,C1CC2[C@H]([C@H](C1O2)C/C=C\CCCC(=O)O)CNNC(=O)NC3=CC=CC=C3,Kd,0.631,nM,0.19997064075586568,ChEMBL,CHEMBL2069,CHEMBL49535,2140414
55,P21731,WSFCJPZVQFMTRY-UQCOIBPSSA-N,C1CC(C2=C(C1)C3=C(N2CC4=CC(=CC=C4)OCCCC=CC5=CN=CC=C5)C=CC(=C3)F)CC(=O)O,C1CC(C2=C(C1)C3=C(N2CC4=CC(=CC=C4)OCCC/C=C\C5=CN=CC=C5)C=CC(=C3)F)CC(=O)O,Kd,630.96,nM,-2.8000018278179692,ChEMBL,CHEMBL2069,CHEMBL362418,"Bioorg. Med. Chem. Lett., (1992) 2:9:979"
56,P21731,DNBSROBEWRUXPM-UHFFFAOYSA-N,CC(C)(CC1=CC=CC=C1CC2C3CCC(C2C4=NC(=CO4)C(=O)NCCCCC5CCCCC5)O3)C(=O)O,CC(C)(CC1=CC=CC=C1CC2C3CCC(C2C4=NC(=CO4)C(=O)NCCCCC5CCCCC5)O3)C(=O)O,Kd,36.0,nM,-1.5563025007672873,ChEMBL,CHEMBL2069,CHEMBL282186,8496908
57,P21731,XDBBQUBSMKTSDO-DNNNXZGLSA-N,C1CCCN(CC1)C2CCC(C2OCC=CCCC(=O)O)OCC3=CC=C(C=C3)C4=CC=CC=C4O,C1CCCN(CC1)[C@H]2CCC([C@@H]2OC/C=C\CCC(=O)O)OCC3=CC=C(C=C3)C4=CC=CC=C4O,Kd,15.85,nM,-1.2000292665537704,ChEMBL,CHEMBL2069,CHEMBL350286,"Bioorg. Med. Chem. Lett., (1991) 1:12:689"
58,P21731,XXPKZGJSABLLHH-UHFFFAOYSA-N,CC(C)(C)CCNC(=O)C1=COC(=N1)C2C3CCC(C2CC4=CC=CC=C4CCC(=O)O)O3,CC(C)(C)CCNC(=O)C1=COC(=N1)C2C3CCC(C2CC4=CC=CC=C4CCC(=O)O)O3,Kd,2.9,nM,-0.4623979978989561,BindingDB,,50047296,8496908
60,P21731,JUERAJFRTWKSMU-GMSOGEEKSA-N,CS(=O)(=O)NC1=CC=CC=C1C2=CC=C(C=C2)COC3CCC(C3OCC=CCCC(=O)O)N4CCCCCC4,CS(=O)(=O)NC1=CC=CC=C1C2=CC=C(C=C2)COC3CC[C@@H]([C@H]3OC/C=C\CCC(=O)O)N4CCCCCC4,Kd,10.0,nM,-1.0,ChEMBL,CHEMBL2069,CHEMBL350642,"Bioorg. Med. Chem. Lett., (1991) 1:12:689"
61,P21731,UWPBQLKEHGGKKD-GZTJUZNOSA-N,C1=CC=C(C=C1)C(=CCCCCC(=O)O)C2=CN=CC=C2,C1=CC=C(C=C1)/C(=C\CCCCC(=O)O)/C2=CN=CC=C2,Kd,8200.0,nM,-3.9138138523837167,BindingDB,,50010960,9873463
63,P21731,NXCNRQBBNYHOOQ-WMUKYIDKSA-N,C1C(C(OC(O1)C2=CC=C(C=C2)C#N)C3=CN=CC=C3)CC=CCCC(=O)O,C1[C@H]([C@H](O[C@H](O1)C2=CC=C(C=C2)C#N)C3=CN=CC=C3)C/C=C\CCC(=O)O,Kd,1258.93,nM,-3.1000015828013523,ChEMBL,CHEMBL2069,CHEMBL96727,"Bioorg. Med. Chem. Lett., (1996) 6:3:273"
64,P21731,FMDTZGRGHLMLSW-UHFFFAOYSA-N,C1CC2C(C(C1O2)CC3=CC=CC=C3CCC(=O)O)C4=NC(=CO4)C(=O)NCCCCC(F)(F)F,C1CC2C(C(C1O2)CC3=CC=CC=C3CCC(=O)O)C4=NC(=CO4)C(=O)NCCCCC(F)(F)F,Kd,4.8,nM,-0.6812412373755872,ChEMBL,CHEMBL2069,CHEMBL281293,8496908
65,P21731,RJNDVCNWVBWHLY-UJOIVXCQSA-N,C1CC2C(C(C1O2)CC=CCCCC(=O)O)CNNC(=O)NC3=CC=CC=C3,C1CC2[C@H]([C@H]([C@H]1O2)C/C=C\CCCC(=O)O)CNNC(=O)NC3=CC=CC=C3,Kd,0.631,nM,0.19997064075586568,BindingDB,,50008781,2140414
66,P21731,LACPPBQCKQXQIH-IPPBACCNSA-N,C1=CC=C(C=C1)OCCCCCNC(=O)C2=COC(=N2)C3=CC=C(C=C3)C(=CCCCCC(=O)O)C4=CN=CC=C4,C1=CC=C(C=C1)OCCCCCNC(=O)C2=COC(=N2)C3=CC=C(C=C3)/C(=C\CCCCC(=O)O)/C4=CN=CC=C4,Kd,64.3,nM,-1.808210972924222,BindingDB,,50072792,9876106
68,P21731,BGPOBSBSTJWARV-HVYQDUJKSA-N,C1CCCN(CC1)C2CCC(C2OCC=CCCC(=O)O)OCC3=CC=C(C=C3)C4=C(C=CN=C4)CCO,C1CCCN(CC1)[C@H]2CC[C@H]([C@@H]2OC/C=C\CCC(=O)O)OCC3=CC=C(C=C3)C4=C(C=CN=C4)CCO,Kd,3.161,nM,-0.4998244958395797,BindingDB,,50391306,
70,P21731,XJKMOZFCIYEDDT-KBKYJPHKSA-N,C1CCC(CC1)OCCNC(=O)C2=COC(=N2)C3=CC=C(C=C3)C(=CCCCCC(=O)O)C4=CN=CC=C4,C1CCC(CC1)OCCNC(=O)C2=COC(=N2)C3=CC=C(C=C3)/C(=C\CCCCC(=O)O)/C4=CN=CC=C4,Kd,113.3,nM,-2.0542299098633974,ChEMBL,CHEMBL2069,CHEMBL150289,9876106
72,P21731,CEBNOBKZSVKJSX-RRAPWRIQSA-N,C1CC1CNC(=O)C2COC(=N2)C3=CC=C(C=C3)C(=CCCCCC(=O)O)C4=CN=CC=C4,C1CC1CNC(=O)[C@@H]2COC(=N2)C3=CC=C(C=C3)/C(=C\CCCCC(=O)O)/C4=CN=CC=C4,Kd,1122.8,nM,-3.0503024039624016,ChEMBL,CHEMBL2069,CHEMBL299280,9873463
73,P21731,NQCAJBWEFYWOBU-RARHNWIHSA-N,C1C(C(OCO1)C2=CC=CC=C2)CC=CCCCC(=O)O,C1[C@H]([C@H](OCO1)C2=CC=CC=C2)C/C=C\CCCC(=O)O,Kd,501.19,nM,-2.7000023971422538,ChEMBL,CHEMBL2069,CHEMBL349706,2949077
74,P21731,KRNNSVFLMXRFAE-UHFFFAOYSA-N,CC(C)(C)NC(=O)C1=COC(=N1)C2C3CCC(C2CC4=CC=CC=C4CCC(=O)O)O3,CC(C)(C)NC(=O)C1=COC(=N1)C2C3CCC(C2CC4=CC=CC=C4CCC(=O)O)O3,Kd,19.0,nM,-1.2787536009528289,ChEMBL,CHEMBL2069,CHEMBL287421,8496908
75,P21731,STXGLNVWWYTFOV-HIUVJMHLSA-N,COC1=CC=C(C=C1)CCCNC(=O)C2=COC(=N2)C3=CC=C(C=C3)C(=CCCCCC(=O)O)C4=CN=CC=C4,COC1=CC=C(C=C1)CCCNC(=O)C2=COC(=N2)C3=CC=C(C=C3)/C(=C\CCCCC(=O)O)/C4=CN=CC=C4,Kd,119.3,nM,-2.076640443670342,ChEMBL,CHEMBL2069,CHEMBL151091,9876106
77,P21731,ATTDTTWNDPANQN-GEVRCRHISA-N,C1CC1CNC(=O)C2=COC(=N2)C3=CC=C(C=C3)C(=CCCCCC(=O)O)C4=CN=CC=C4,C1CC1CNC(=O)C2=COC(=N2)C3=CC=C(C=C3)/C(=C\CCCCC(=O)O)/C4=CN=CC=C4,Kd,791.2,nM,-2.898286278589123,ChEMBL,CHEMBL2069,CHEMBL60710,9873463
79,P21731,CEKMCURBOQYMIO-KWDMWAAPSA-N,C1CCCN(CC1)C2CCC(C2OCC=CCCC(=O)O)OCC3=CC=C(C=C3)C4=CC=C(C=C4)CC(=O)N,C1CCCN(CC1)[C@H]2CCC([C@@H]2OC/C=C\CCC(=O)O)OCC3=CC=C(C=C3)C4=CC=C(C=C4)CC(=O)N,Kd,3.9805,nM,-0.5999376282551431,BindingDB,,50391296,
82,P21731,WMXZEBHSAJEWND-LUOAPIJWSA-N,C1CCC(CC1)COCCNC(=O)C2=COC(=N2)C3=CC=C(C=C3)C(=CCCCCC(=O)O)C4=CN=CC=C4,C1CCC(CC1)COCCNC(=O)C2=COC(=N2)C3=CC=C(C=C3)/C(=C\CCCCC(=O)O)/C4=CN=CC=C4,Kd,43.3,nM,-1.6364878963533653,BindingDB,,50072781,9876106
83,P21731,OHSXSRXQRFBCGG-FOKREPOFSA-N,C1CCCN(CC1)C2CCC(C2OCC=CCCC(=O)O)OCC3=CC=C(C=C3)C4=CC(=CC=C4)CO,C1CCCN(CC1)[C@H]2CC[C@@H]([C@@H]2OC/C=C\CCC(=O)O)OCC3=CC=C(C=C3)C4=CC(=CC=C4)CO,Kd,5.010999999999999,nM,-0.6999244027424767,BindingDB,,50391299,
84,P21731,MWQOKLJIUWWZJC-UHFFFAOYSA-N,C1OC(C(O1)C2=NC(=CO2)C(=O)NCCC3=CC=C(C=C3)Cl)CC4=CC=CC=C4CCC(=O)O,C1OC(C(O1)C2=NC(=CO2)C(=O)NCCC3=CC=C(C=C3)Cl)CC4=CC=CC=C4CCC(=O)O,Kd,31.05,nM,-1.492061604512599,BindingDB,,50281921,
85,P21731,LTCQRNQPODCPAS-GTGQMDHASA-N,C1CCC(CC1)CCCCNC(=O)C2COC(=N2)C3=CC=C(C=C3)C(=CCCCCC(=O)O)C4=CN=CC=C4,C1CCC(CC1)CCCCNC(=O)[C@H]2COC(=N2)C3=CC=C(C=C3)/C(=C\CCCCC(=O)O)/C4=CN=CC=C4,Kd,15.75,nM,-1.1972805581256194,ChEMBL,CHEMBL2069,CHEMBL56778,9873463
86,P21731,OSRDNFDKXRYQIE-JXOAZZMJSA-N,C1C(C(OC(O1)C2=CC=C(C=C2)C#N)C3=CN=CC=C3)CC=CCCC(=O)OC4=CC=C(C=C4)OC(=O)CCC=CCC5COC(OC5C6=CC=CC=C6O)C7=CC=C(C=C7)C#N,C1[C@H]([C@H](O[C@H](O1)C2=CC=C(C=C2)C#N)C3=CN=CC=C3)C/C=C\CCC(=O)OC4=CC=C(C=C4)OC(=O)CC/C=C\C[C@@H]5CO[C@@H](O[C@@H]5C6=CC=CC=C6O)C7=CC=C(C=C7)C#N,Kd,10000.0,nM,-4.0,ChEMBL,CHEMBL2069,CHEMBL94692,"Bioorg. Med. Chem. Lett., (1996) 6:3:273"
87,P21731,WHLKEJMJCAGFRW-KKMKTNMSSA-N,C1CCC(CC1)OCCCNC(=O)C2=COC(=N2)C3=CC=C(C=C3)C(=CCCCCC(=O)O)C4=CN=CC=C4,C1CCC(CC1)OCCCNC(=O)C2=COC(=N2)C3=CC=C(C=C3)/C(=C\CCCCC(=O)O)/C4=CN=CC=C4,Kd,173.3,nM,-2.238798562713917,BindingDB,,50072777,9876106
89,P21731,HCEWBDHVSXMPDT-UHFFFAOYSA-N,C1C(C(OCO1)C2=NC(=CO2)C(=O)NCCC3=CC=C(C=C3)Cl)CC4=CC=CC=C4CCC(=O)O,C1C(C(OCO1)C2=NC(=CO2)C(=O)NCCC3=CC=C(C=C3)Cl)CC4=CC=CC=C4CCC(=O)O,Kd,8.0,nM,-0.9030899869919435,ChEMBL,CHEMBL2069,CHEMBL280890,"Bioorg. Med. Chem. Lett., (1993) 3:6:1271"
90,P21731,DGCPLJWRNQSCPR-UHFFFAOYSA-N,C1CCC(CC1)CCCCNC(=S)C2=COC(=N2)C3C4CCC(C3CC5=CC=CC=C5CCC(=O)O)O4,C1CCC(CC1)CCCCNC(=S)C2=COC(=N2)C3C4CCC(C3CC5=CC=CC=C5CCC(=O)O)O4,Kd,10.6,nM,-1.0253058652647702,ChEMBL,CHEMBL2069,CHEMBL416395,8496908
91,P21731,CARSCMJPENPADT-FSJBWODESA-N,C1=CC=C(C=C1)S(=O)(=O)NCCC2=CC=CC(=C2)C(=CCCC(=O)O)C3=CN=CC=C3,C1=CC=C(C=C1)S(=O)(=O)NCCC2=CC=CC(=C2)/C(=C\CCC(=O)O)/C3=CN=CC=C3,Kd,7943.28,nM,-3.8999998716658038,ChEMBL,CHEMBL2069,CHEMBL347812,"Bioorg. Med. Chem. Lett., (1991) 1:12:699"
92,P21731,FROYJQAZOBNQDJ-LZCJLJQNSA-N,C1CCC(CC1)CCCC(=O)NCC(=O)NCC2C3CCC(C2CC=CCCCC(=O)O)O3,C1CCC(CC1)CCCC(=O)NCC(=O)NCC2C3CCC(C2C/C=C/CCCC(=O)O)O3,Kd,1.1,nM,-0.04139268515822507,ChEMBL,CHEMBL2069,CHEMBL310406,2391688
95,P21731,LMSWDFLNAYPJJD-OGLMXYFKSA-N,C1CCC(CC1)CCCCNC(=O)C2=COC(=N2)C3=CC(=CC=C3)C(=CCCCCC(=O)O)C4=CN=CC=C4,C1CCC(CC1)CCCCNC(=O)C2=COC(=N2)C3=CC(=CC=C3)/C(=C\CCCCC(=O)O)/C4=CN=CC=C4,Kd,12.15,nM,-1.084576277934331,BindingDB,,50071134,9873463
96,P21731,RCPAWLXQBMAVGJ-WEGMHNBISA-N,CC1(C2CC1C(C(C2)NCC(CC3=CC(=C(C=C3)O)I)O)CC=CCCCC(=O)O)C,CC1(C2CC1C(C(C2)NCC(CC3=CC(=C(C=C3)O)[125I])O)C/C=C/CCCC(=O)O)C,Kd,19.95262315,nM,-1.3000000000067735,IUPHAR,346,1981,3594077
97,P21731,VAGHKWICACTLAS-VRGMRELOSA-N,C1CCCN(CC1)C2CCC(C2OCC=CCCC(=O)O)OCC3=CC=C(C=C3)C4=CC=CC=C4CC(=O)N,C1CCCN(CC1)[C@H]2CCC([C@@H]2OC/C=C\CCC(=O)O)OCC3=CC=C(C=C3)C4=CC=CC=C4CC(=O)N,Kd,7.9415,nM,-0.8999025402352115,BindingDB,,50391290,
98,P21731,VMMMHZPEHOIHND-UHFFFAOYSA-N,C1CCC(CC1)CCCCNC(=O)C2=COC(=N2)C3C4CCC(C3CC5=CC=CC=C5CCCC(=O)O)O4,C1CCC(CC1)CCCCNC(=O)C2=COC(=N2)C3C4CCC(C3CC5=CC=CC=C5CCCC(=O)O)O4,Kd,0.85,nM,0.07058107428570727,ChEMBL,CHEMBL2069,CHEMBL31154,8496908
100,P21731,OHDBZTSRWQXSOV-UHFFFAOYSA-N,C1=CC(=CC(=C1)CCNS(=O)(=O)C2=CC=C(C=C2)Cl)CCC3=NNN=N3,C1=CC(=CC(=C1)CCNS(=O)(=O)C2=CC=C(C=C2)Cl)CCC3=NNN=N3,Kd,331.0,nM,-2.519827993775719,BindingDB,,50353635,21863799
103,P21731,NDMASZNNTXBTGH-UHFFFAOYSA-N,C1CCC(CC1)CCCCNC(=O)C2=COC(=N2)C3CCCN3CC4=CC=CC=C4CCC(=O)O,C1CCC(CC1)CCCCNC(=O)C2=COC(=N2)C3CCCN3CC4=CC=CC=C4CCC(=O)O,Kd,11.0,nM,-1.041392685158225,ChEMBL,CHEMBL2069,CHEMBL23414,"Bioorg. Med. Chem. Lett., (1993) 3:6:1263"
104,P21731,KGSHUXGKYRRZLZ-UHFFFAOYSA-N,C1CCC(CC1)CCCCNC(=O)C2=COC(=N2)C3C4CCC(C3CC5=CC=CC=C5CC(=O)O)O4,C1CCC(CC1)CCCCNC(=O)C2=COC(=N2)C3C4CCC(C3CC5=CC=CC=C5CC(=O)O)O4,Kd,19.0,nM,-1.2787536009528289,ChEMBL,CHEMBL2069,CHEMBL31043,8496908
105,P21731,STKBASKYRYYRSC-WGOQTCKBSA-N,C1CCC(CC1)CCCCNC(=O)C2=COC(=N2)C3=CC=CC=C3C(=CCCCCC(=O)O)C4=CN=CC=C4,C1CCC(CC1)CCCCNC(=O)C2=COC(=N2)C3=CC=CC=C3/C(=C/CCCCC(=O)O)/C4=CN=CC=C4,Kd,1500.0,nM,-3.1760912590556813,BindingDB,,50071139,9873463
106,P21731,CRSIIGUKJRYLGG-ZZIIXHQDSA-N,C1=CC(=CC(=C1)CCNS(=O)(=O)C2=CC=C(C=C2)I)C(=NOCCCC(=O)O)C3=CN=CC=C3,C1=CC(=CC(=C1)CCNS(=O)(=O)C2=CC=C(C=C2)I)/C(=N\OCCCC(=O)O)/C3=CN=CC=C3,Kd,1584.89,nM,-3.1999991251967965,ChEMBL,CHEMBL2069,CHEMBL163276,"Bioorg. Med. Chem. Lett., (1991) 1:12:699"
108,P21731,WHSSOYNNHOWWJE-MFKUBSTISA-N,C1=CC=C(C=C1)S(=O)(=O)NCCCC2=CC=CC(=C2)C(=CCCCC(=O)O)C3=CN=CC=C3,C1=CC=C(C=C1)S(=O)(=O)NCCCC2=CC=CC(=C2)/C(=C\CCCC(=O)O)/C3=CN=CC=C3,Kd,1000.0,nM,-3.0,ChEMBL,CHEMBL2069,CHEMBL422017,"Bioorg. Med. Chem. Lett., (1991) 1:12:699"
110,P21731,KODODMNPRKPEJH-GHNNSANDSA-N,C1C(C(CN1S(=O)(=O)C2=CC=C(C=C2)Cl)C3=CC=CC=C3O)CC=CCCC(=O)O,C1[C@H]([C@H](CN1S(=O)(=O)C2=CC=C(C=C2)Cl)C3=CC=CC=C3O)C/C=C\CCC(=O)O,Kd,1.0,nM,-0.0,ChEMBL,CHEMBL2069,CHEMBL116852,"Bioorg. Med. Chem. Lett., (1996) 6:4:349"
111,P21731,XWBBCTZADGJYFD-UHFFFAOYSA-N,CCCCCCCNC(=O)C1=COC(=N1)C2C3CCC(C2CC4=CC=CC=C4CCC(=O)O)O3,CCCCCCCNC(=O)C1=COC(=N1)C2C3CCC(C2CC4=CC=CC=C4CCC(=O)O)O3,Kd,0.2,nM,0.6989700043360187,ChEMBL,CHEMBL2069,CHEMBL30743,8496908
112,P21731,XJQSQMOUIAVWJO-YIECNSLDSA-N,C1CCC(CC1)CCCCNC(=O)C2COC(=N2)C3=CC=CC=C3C(=CCCCCC(=O)O)C4=CN=CC=C4,C1CCC(CC1)CCCCNC(=O)[C@H]2COC(=N2)C3=CC=CC=C3/C(=C/CCCCC(=O)O)/C4=CN=CC=C4,Kd,1100.0,nM,-3.041392685158225,BindingDB,,50071147,9873463
113,P21731,WXWUURITEUPWMN-PCFKBGPBSA-N,C1CCCN(CC1)C2CCC(C2OCC=CCCC(=O)O)OCC3=CC=C(C=C3)C4=C(C=CN=C4)CO,C1CCCN(CC1)[C@H]2CC[C@H]([C@@H]2OC/C=C\CCC(=O)O)OCC3=CC=C(C=C3)C4=C(C=CN=C4)CO,Kd,3.161,nM,-0.4998244958395797,BindingDB,,50391313,
115,P21731,QUMBJRZRFUYUMM-UHFFFAOYSA-N,CC1=C(C(CC1=O)CC2=CC(=CC=C2)CCNS(=O)(=O)C3=CC=C(C=C3)Cl)O,CC1=C(C(CC1=O)CC2=CC(=CC=C2)CCNS(=O)(=O)C3=CC=C(C=C3)Cl)O,Kd,328.0,nM,-2.515873843711679,ChEMBL,CHEMBL2069,CHEMBL1829806,21863799
117,P21731,KCLYPNKWGQYJSE-LYFCCYKMSA-N,C1CCCN(CC1)C2CCC(C2OCC=CCCC(=O)O)OCC3=CC=C(C=C3)C4=CC=CC=C4CO,C1CCCN(CC1)[C@H]2CC[C@@H]([C@@H]2OC/C=C\CCC(=O)O)OCC3=CC=C(C=C3)C4=CC=CC=C4CO,Kd,1.585,nM,-0.2000292665537703,ChEMBL,CHEMBL2069,CHEMBL161108,"Bioorg. Med. Chem. Lett., (1991) 1:12:689"
120,P21731,DZRVXKRLDRZCHP-LZCJLJQNSA-N,C1CCC(CC1)CCCCC(=O)NCC(=O)NCC2C3CCC(C2CC=CCCCC(=O)O)O3,C1CCC(CC1)CCCCC(=O)NCC(=O)NCC2C3CCC(C2C/C=C/CCCC(=O)O)O3,Kd,2.6,nM,-0.414973347970818,ChEMBL,CHEMBL2069,CHEMBL312732,2391688
121,P21731,AQQCPDIIPNDMEK-WKULSOCRSA-N,C=C(C(=O)NCCCCC1CCCCC1)NC(=O)C2=CC=C(C=C2)C(=CCCCCC(=O)O)C3=CN=CC=C3,C=C(C(=O)NCCCCC1CCCCC1)NC(=O)C2=CC=C(C=C2)/C(=C\CCCCC(=O)O)/C3=CN=CC=C3,Kd,27.3,nM,-1.436162647040756,ChEMBL,CHEMBL2069,CHEMBL147444,9876106
123,P21731,REOJLAXLWPJOTB-DQEYMECFSA-N,C1CCC(CC1)CCCCNC(=O)C2=COC(=N2)C3CCCC3CC4=CC=CC=C4CCC(=O)O,C1CCC(CC1)CCCCNC(=O)C2=COC(=N2)[C@H]3CCC[C@H]3CC4=CC=CC=C4CCC(=O)O,Kd,23.9,nM,-1.3783979009481377,ChEMBL,CHEMBL2069,CHEMBL22244,"Bioorg. Med. Chem. Lett., (1993) 3:6:1267"
125,P21731,WTEIAUJWYKFJJY-UHFFFAOYSA-N,C1CC(C2=C(C1)C3=C(N2CC4=CC=CC(=C4)CCCCCC5=CN=CC=C5)C=CC(=C3)F)CC(=O)O,C1CC(C2=C(C1)C3=C(N2CC4=CC=CC(=C4)CCCCCC5=CN=CC=C5)C=CC(=C3)F)CC(=O)O,Kd,3981.07,nM,-3.59999981394342,ChEMBL,CHEMBL2069,CHEMBL177596,"Bioorg. Med. Chem. Lett., (1992) 2:9:979"
127,P21731,AXLHXZFESBJRKM-UHFFFAOYSA-N,C1CC2C(C(C1O2)CC3=CC=CC=C3CCC(=O)O)C4=NC(=CO4)C(=O)NCCC5=CC=CC=C5,C1CC2C(C(C1O2)CC3=CC=CC=C3CCC(=O)O)C4=NC(=CO4)C(=O)NCCC5=CC=CC=C5,Kd,0.7,nM,0.1549019599857432,ChEMBL,CHEMBL2069,CHEMBL410732,8496908
128,P21731,COOJSXJHFBIVLU-CZWRYMPDSA-N,CCCCCCN1C=NC=C1C2C(COC(O2)C(C)(C)OC3=C(C=C(C=C3)C)[N+](=O)[O-])CC=CCCC(=O)O,CCCCCCN1C=NC=C1[C@@H]2[C@@H](CO[C@@H](O2)C(C)(C)OC3=C(C=C(C=C3)C)[N+](=O)[O-])C/C=C\CCC(=O)O,Kd,199.53,nM,-2.300008202553813,ChEMBL,CHEMBL2069,CHEMBL278458,"Bioorg. Med. Chem. Lett., (1992) 2:10:1181"
129,P21731,IUIKKXJIHSJKKO-FHGOPSEHSA-N,C1CCC(CC1)CCCCNC(=O)C2COC(=N2)C3=CC(=CC=C3)C(=CCCCCC(=O)O)C4=CN=CC=C4,C1CCC(CC1)CCCCNC(=O)[C@H]2COC(=N2)C3=CC(=CC=C3)/C(=C/CCCCC(=O)O)/C4=CN=CC=C4,Kd,830.0,nM,-2.9190780923760737,BindingDB,,50071137,9873463
130,P21731,QJLBOUDSUVHNPR-BOCBRTGQSA-N,C1CC2C(C(C1O2)CC=CCCCC(=O)O)C=NNC(=O)NC3=CC=CC=C3,C1CC2C(C(C1O2)C/C=C\CCCC(=O)O)/C=N/NC(=O)NC3=CC=CC=C3,Kd,39.4,nM,-1.5954962218255742,ChEMBL,CHEMBL2069,CHEMBL318426,1910091
132,P21731,QKGNLXOBZKUVAA-XQRVVYSFSA-N,C=CCCSCC1C2CCC(C1CC=CCCCC(=O)O)O2,C=CCCSCC1C2CCC(C1C/C=C\CCCC(=O)O)O2,Kd,49.0,nM,-1.6901960800285136,ChEMBL,CHEMBL2069,CHEMBL175751,2523485
133,P21731,JTCXJAJLGOTNRH-XODNFHPESA-N,C1CCC(CC1)OCCCCNC(=O)C2=COC(=N2)C3=CC=C(C=C3)C(=CCCCCC(=O)O)C4=CN=CC=C4,C1CCC(CC1)OCCCCNC(=O)C2=COC(=N2)C3=CC=C(C=C3)/C(=C\CCCCC(=O)O)/C4=CN=CC=C4,Kd,86.7,nM,-1.9380190974762104,BindingDB,,50072793,9876106
134,P21731,FLDMZMMLFJFITM-UHFFFAOYSA-N,CC1C(=O)CC(C1=O)CC2=CC(=CC=C2)CCNS(=O)(=O)C3=CC=C(C=C3)Cl,CC1C(=O)CC(C1=O)CC2=CC(=CC=C2)CCNS(=O)(=O)C3=CC=C(C=C3)Cl,Kd,328.0,nM,-2.515873843711679,BindingDB,,50353639,21863799
135,P21731,VSBMIKSTPGIAGB-KTZMUZOWSA-N,COCCOCCCNC(=O)C1=COC(=N1)C2=CC=C(C=C2)C(=CCCCCC(=O)O)C3=CN=CC=C3,COCCOCCCNC(=O)C1=COC(=N1)C2=CC=C(C=C2)/C(=C\CCCCC(=O)O)/C3=CN=CC=C3,Kd,6724.2,nM,-3.8276406223172,BindingDB,,50072789,9876106
136,P21731,UHIGZAXMMCXXMZ-HYXAFXHYSA-N,C=CCSCC1C2CCC(C1CC=CCCCC(=O)O)O2,C=CCSCC1C2CCC(C1C/C=C\CCCC(=O)O)O2,Kd,76.0,nM,-1.8808135922807914,BindingDB,,50016783,2523485
137,P21731,FZEHYOZWPOWKSL-WGOQTCKBSA-N,C1CC2C(C(C1O2)CC3=CC=CC=C3CCCC(=O)O)C=NNC(=O)NC4=CC=CC=C4,C1CC2C(C(C1O2)CC3=CC=CC=C3CCCC(=O)O)/C=N/NC(=O)NC4=CC=CC=C4,Kd,21.1,nM,-1.3242824552976926,ChEMBL,CHEMBL2069,CHEMBL95867,1910091
140,P21731,VDSYMHSEFRKHET-VFLNYLIXSA-N,CC(C1CCCCC1)OCCCNC(=O)C2=COC(=N2)C3=CC=C(C=C3)C(=CCCCCC(=O)O)C4=CN=CC=C4,CC(C1CCCCC1)OCCCNC(=O)C2=COC(=N2)C3=CC=C(C=C3)/C(=C\CCCCC(=O)O)/C4=CN=CC=C4,Kd,58.2,nM,-1.7649229846498886,BindingDB,,50072787,9876106
144,P21731,JOZTXLKBELNSQL-MXTKCAFNSA-N,CC(C)C(=O)N1CC(C(C1)C2=CC=CC=C2O)CC=CCCC(=O)O,CC(C)C(=O)N1C[C@H]([C@H](C1)C2=CC=CC=C2O)C/C=C\CCC(=O)O,Kd,199.53,nM,-2.300008202553813,ChEMBL,CHEMBL2069,CHEMBL117163,"Bioorg. Med. Chem. Lett., (1996) 6:4:349"
150,P21731,WHUIENZXNGAHQI-GKZDNZBASA-N,C1C(C(OC(O1)C2=CC=CC=C2Cl)C3=CC=CC=C3O)CC=CCCC(=O)O,C1[C@H]([C@H](O[C@H](O1)C2=CC=CC=C2Cl)C3=CC=CC=C3O)C/C=C\CCC(=O)O,Kd,1.78005,nM,-0.2504322014207584,ChEMBL,CHEMBL2069,CHEMBL30024,"Bioorg. Med. Chem. Lett., (1996) 6:3:273"
151,P21731,SZNMERGTFJHNSM-JSMWPFPQSA-N,CC1(C2CC1C(C(C2)NS(=O)(=O)C3=CC=C(C=C3)I)CC=CCCCC(=O)O)C,CC1([C@H]2C[C@@H]1[C@@H]([C@H](C2)NS(=O)(=O)C3=CC=C(C=C3)I)C/C=C\CCCC(=O)O)C,Kd,0.47,nM,0.3279021420642826,IUPHAR,346,3332,1386885
152,P21731,PWTCIBWRMQFJBC-BHQIHCQQSA-N,C1CC2CC1C(C2NS(=O)(=O)C3=CC=CC=C3)CC=CCCCC(=O)O,C1CC2CC1C(C2NS(=O)(=O)C3=CC=CC=C3)C/C=C\CCCC(=O)O,Kd,2.9,nM,-0.4623979978989561,ChEMBL,CHEMBL2069,CHEMBL48597,"Bioorg. Med. Chem. Lett., (1991) 1:3:173"
153,P21731,JZIHLPQBKBILMV-NPBBFKMKSA-N,CC(=O)NCC1=CC=CC=C1C2=CC=C(C=C2)COC3CCC(C3OCC=CCCC(=O)O)N4CCCCCC4,CC(=O)NCC1=CC=CC=C1C2=CC=C(C=C2)COC3CC[C@@H]([C@H]3OC/C=C\CCC(=O)O)N4CCCCCC4,Kd,25.12,nM,-1.4000196350651586,ChEMBL,CHEMBL2069,CHEMBL160091,"Bioorg. Med. Chem. Lett., (1991) 1:12:689"
154,P21731,VWNGGSJYQAOKAV-UHFFFAOYSA-N,C1CC(C2=C(C1)C3=C(N2CC4=CC(=CC=C4)OCCCC#CC5=CN=CC=C5)C=CC(=C3)F)CC(=O)O,C1CC(C2=C(C1)C3=C(N2CC4=CC(=CC=C4)OCCCC#CC5=CN=CC=C5)C=CC(=C3)F)CC(=O)O,Kd,1000.0,nM,-3.0,ChEMBL,CHEMBL2069,CHEMBL175538,"Bioorg. Med. Chem. Lett., (1992) 2:9:979"
155,P21731,DXYMWUNZRNBQSM-XFTAGSCBSA-N,CCCCCNC(=O)C1COC(=N1)C2=CC=C(C=C2)C(=CCCCCC(=O)O)C3=CN=CC=C3,CCCCCNC(=O)[C@@H]1COC(=N1)C2=CC=C(C=C2)/C(=C\CCCCC(=O)O)/C3=CN=CC=C3,Kd,244.75,nM,-2.3887227004751757,BindingDB,,50071130,9873463
156,P21731,SKEXRYFLGKXYGL-VQHVLOKHSA-N,CCCCCCCCC(=O)NCC(=O)NCC1C2CCC(C1CC=CCCCC(=O)O)O2,CCCCCCCCC(=O)NCC(=O)NCC1C2CCC(C1C/C=C/CCCC(=O)O)O2,Kd,8.3,nM,-0.919078092376074,ChEMBL,CHEMBL2069,CHEMBL82146,2391688
157,P21731,BCFQWPRFKYAFHU-GAFDFGGTSA-N,C1CCCN(CC1)C2CCC(C2OCC=CCCC(=O)O)OCC3=CC=C(C=C3)C4=CC=CC=C4C(=O)N,C1CCCN(CC1)[C@H]2CCC([C@@H]2OC/C=C\CCC(=O)O)OCC3=CC=C(C=C3)C4=CC=CC=C4C(=O)N,Kd,15.85,nM,-1.2000292665537704,BindingDB,,50391295,
158,P21731,XDLZFBKHPVNBAA-IXBIJAQISA-N,C1C(C(OC(O1)C2=CC=C(C=C2)C#N)C3=CC=CC=C3O)CC=CCCC(=O)O,C1[C@H]([C@H](O[C@H](O1)C2=CC=C(C=C2)C#N)C3=CC=CC=C3O)C/C=C\CCC(=O)O,Kd,5.012,nM,-0.7000110623221123,ChEMBL,CHEMBL2069,CHEMBL440321,"Bioorg. Med. Chem. Lett., (1996) 6:3:273"
159,P21731,QAEXGGHIOIAOAF-UHFFFAOYSA-N,C1CC2C(C(C1O2)CC3=CC=CC=C3CCC(=O)O)C4=NC(=CO4)C(=O)NCCCCC5=CC=C(C=C5)Cl,C1CC2C(C(C1O2)CC3=CC=CC=C3CCC(=O)O)C4=NC(=CO4)C(=O)NCCCCC5=CC=C(C=C5)Cl,Kd,0.2,nM,0.6989700043360187,BindingDB,,50047278,8496908
162,P21731,SXIFZKGCEZUKRA-KBKYJPHKSA-N,C1=CC=C(C=C1)OCCNC(=O)C2=COC(=N2)C3=CC=C(C=C3)C(=CCCCCC(=O)O)C4=CN=CC=C4,C1=CC=C(C=C1)OCCNC(=O)C2=COC(=N2)C3=CC=C(C=C3)/C(=C\CCCCC(=O)O)/C4=CN=CC=C4,Kd,74.3,nM,-1.8709888137605752,BindingDB,,50072779,9876106
163,P21731,YKPJTNNQDJFQBF-HLOJMEPRSA-N,C1CCCN(CC1)C2CCC(C2OCC=CCCC(=O)O)OCC3=CC=C(C=C3)C4=CN=CC=C4,C1CCCN(CC1)[C@H]2CC[C@H]([C@@H]2OC/C=C\CCC(=O)O)OCC3=CC=C(C=C3)C4=CN=CC=C4,Kd,12.59,nM,-1.1000257301078626,ChEMBL,CHEMBL2069,CHEMBL433884,"Bioorg. Med. Chem. Lett., (1991) 1:12:695"
165,P21731,PMZRHVZFESEBFJ-AUEPDCJTSA-N,CCCCCNC(=O)C1=COC(=N1)C2=CC=C(C=C2)C(=CCCCCC(=O)O)C3=CN=CC=C3,CCCCCNC(=O)C1=COC(=N1)C2=CC=C(C=C2)/C(=C\CCCCC(=O)O)/C3=CN=CC=C3,Kd,153.1,nM,-2.184975190698261,ChEMBL,CHEMBL2069,CHEMBL291539,9876106
166,P21731,KODODMNPRKPEJH-JFCQXLCGSA-N,C1C(C(CN1S(=O)(=O)C2=CC=C(C=C2)Cl)C3=CC=CC=C3O)CC=CCCC(=O)O,C1[C@H]([C@@H](CN1S(=O)(=O)C2=CC=C(C=C2)Cl)C3=CC=CC=C3O)C/C=C\CCC(=O)O,Kd,12.59,nM,-1.1000257301078626,ChEMBL,CHEMBL2069,CHEMBL419224,"Bioorg. Med. Chem. Lett., (1996) 6:4:349"
168,P21731,MXLKAIPAYMXZKV-IUDNXUCKSA-N,CC1(C2CCC(C1C2)CC3=CC=CC4=C3OC(=O)C=C4)C,CC1(C2CC[C@@H](C1C2)CC3=CC=CC4=C3OC(=O)C=C4)C,Kd,138.0,nM,-2.1398790864012365,BindingDB,,50403476,
169,P21731,PCRWOHMPDVYVEE-UHFFFAOYSA-N,C1CCC(CC1)CCNC(=O)C2=COC(=N2)C3C4CCC(C3CC5=CC=CC=C5CCC(=O)O)O4,C1CCC(CC1)CCNC(=O)C2=COC(=N2)C3C4CCC(C3CC5=CC=CC=C5CCC(=O)O)O4,Kd,0.7,nM,0.1549019599857432,ChEMBL,CHEMBL2069,CHEMBL31922,8496908
170,P21731,WPBWMPUZDXLQIX-NILCVCNASA-N,CC1=C(C=NC=C1)C2=CC=C(C=C2)COC3CCC(C3OCC=CCCC(=O)O)N4CCCCCC4,CC1=C(C=NC=C1)C2=CC=C(C=C2)CO[C@@H]3CC[C@@H]([C@H]3OC/C=C\CCC(=O)O)N4CCCCCC4,Kd,2.511,nM,-0.39984671271292244,ChEMBL,CHEMBL2069,CHEMBL349625,"Bioorg. Med. Chem. Lett., (1991) 1:12:695"
176,P21731,WEOUXETYJHONTM-XLVZBRSZSA-N,C1=CC(=CC(=C1)CCNS(=O)(=O)C2=CC=C(C=C2)I)C(=NOCCCCC(=O)O)C3=CN=CC=C3,C1=CC(=CC(=C1)CCNS(=O)(=O)C2=CC=C(C=C2)I)/C(=N\OCCCCC(=O)O)/C3=CN=CC=C3,Kd,1995.26,nM,-3.299999496116984,ChEMBL,CHEMBL2069,CHEMBL159481,"Bioorg. Med. Chem. Lett., (1991) 1:12:699"
177,P21731,DJPVNHLABTYAMF-LSHDLFTRSA-N,C1=CC=C(C(=C1)[N+](=O)[O-])S(=O)(=O)NCCC2=CC=CC(=C2)C(=CCCCC(=O)O)C3=CN=CC=C3,C1=CC=C(C(=C1)[N+](=O)[O-])S(=O)(=O)NCCC2=CC=CC(=C2)/C(=C\CCCC(=O)O)/C3=CN=CC=C3,Kd,1000.0,nM,-3.0,ChEMBL,CHEMBL2069,CHEMBL164109,"Bioorg. Med. Chem. Lett., (1991) 1:12:699"
178,P21731,SYUFSKPOVFADFD-RPPGKUMJSA-N,C1CCC(CC1)CCCCNC(=O)C2=COC(=N2)C3=CC=C(C=C3)C(=CCCC(=O)O)C4=CN=CC=C4,C1CCC(CC1)CCCCNC(=O)C2=COC(=N2)C3=CC=C(C=C3)/C(=C\CCC(=O)O)/C4=CN=CC=C4,Kd,93.15,nM,-1.9691828592322613,BindingDB,,50071135,9873463
179,P21731,AGZOJGNFCHGAFI-ZVHZXABRSA-N,C1CC2C(C(C1O2)CC3=CC=CC(=C3)CC(=O)O)C=NNC(=O)NC4=CC=CC=C4,C1CC2C(C(C1O2)CC3=CC=CC(=C3)CC(=O)O)/C=N/NC(=O)NC4=CC=CC=C4,Kd,171.0,nM,-2.2329961103921536,ChEMBL,CHEMBL2069,CHEMBL99041,1910091
184,P21731,BZYFYLPNTYTHJE-OMVJQGQBSA-N,C1CCN(CC1)C2CCC(C2OCC=CCCC(=O)O)OCC3=CC=C(C=C3)C4=CC=CC=C4,C1CCN(CC1)[C@H]2CC[C@@H]([C@H]2OC/C=C\CCC(=O)O)OCC3=CC=C(C=C3)C4=CC=CC=C4,Kd,100.0,nM,-2.0,BindingDB,,50391277,
185,P21731,BZYFYLPNTYTHJE-INGQZMTHSA-N,C1CCN(CC1)C2CCC(C2OCC=CCCC(=O)O)OCC3=CC=C(C=C3)C4=CC=CC=C4,C1CCN(CC1)[C@H]2CCC([C@H]2OC/C=C\CCC(=O)O)OCC3=CC=C(C=C3)C4=CC=CC=C4,Kd,39.81,nM,-1.5999921775840982,ChEMBL,CHEMBL2069,CHEMBL162589,"Bioorg. Med. Chem. Lett., (1991) 1:12:689"
186,P21731,JFLGDEPZDPAZLY-ZMOGYAJESA-N,C1CC2C(C(C1O2)CC3=CC(=CC=C3)OCC(=O)O)C=NNC(=O)NC4=CC=CC=C4,C1CC2C(C(C1O2)CC3=CC(=CC=C3)OCC(=O)O)/C=N/NC(=O)NC4=CC=CC=C4,Kd,1196.0,nM,-3.077731179652392,ChEMBL,CHEMBL2069,CHEMBL318673,1910091
187,P21731,FXOYNMOKXRISKQ-UHFFFAOYSA-N,C1CCC(=C(C1)CC2=CC=CC=C2CCC(=O)O)C3=NC(=CO3)C(=O)NCCC4=CC=C(C=C4)Cl,C1CCC(=C(C1)CC2=CC=CC=C2CCC(=O)O)C3=NC(=CO3)C(=O)NCCC4=CC=C(C=C4)Cl,Kd,63.75,nM,-1.8044801891059927,ChEMBL,CHEMBL2069,CHEMBL22418,"Bioorg. Med. Chem. Lett., (1993) 3:6:1267"
188,P21731,LQANGKSBLPMBTJ-BRSNVKEHSA-N,CCCCCC(C=CC1C2CC(C1CC=CCCCC(=O)O)CO2)O,CCCCC[C@@H](/C=C/[C@H]1[C@H]2C[C@@H]([C@@H]1C/C=C\CCCC(=O)O)CO2)O,Kd,15.84893192,nM,-1.199999999873645,IUPHAR,346,1974,10634944
190,P21731,PTVHLCSHLNBWFT-LUOAPIJWSA-N,C1=CC=C(C=C1)COCCNC(=O)C2=COC(=N2)C3=CC=C(C=C3)C(=CCCCCC(=O)O)C4=CN=CC=C4,C1=CC=C(C=C1)COCCNC(=O)C2=COC(=N2)C3=CC=C(C=C3)/C(=C\CCCCC(=O)O)/C4=CN=CC=C4,Kd,155.8,nM,-2.1925674533365456,ChEMBL,CHEMBL2069,CHEMBL151860,9876106
191,P21731,FXFUQACNHKFGPX-IRLDBZIGSA-N,C1CC(C(C1)C2=NC(=CO2)C(=O)NCC3=CC=C(C=C3)Cl)CC4=CC=CC=C4CCC(=O)O,C1C[C@@H]([C@H](C1)C2=NC(=CO2)C(=O)NCC3=CC=C(C=C3)Cl)CC4=CC=CC=C4CCC(=O)O,Kd,3.3,nM,-0.5185139398778874,BindingDB,,50281915,
192,P21731,AGRAPFFXIAIYEB-UHFFFAOYSA-N,C1=CC(=CC(=C1)CCNS(=O)(=O)C2=CC=C(C=C2)Cl)CCC(=O)O,C1=CC(=CC(=C1)CCNS(=O)(=O)C2=CC=C(C=C2)Cl)CCC(=O)O,Kd,141.0,nM,-2.1492191126553797,BindingDB,,50353640,21863799
193,P21731,MFWYJEKVQQGLOD-SYKIKZFJSA-N,CC(=O)NCC1=CC=C(C=C1)C2=CC=C(C=C2)COC3CCC(C3OCC=CCCC(=O)O)N4CCCCCC4,CC(=O)NCC1=CC=C(C=C1)C2=CC=C(C=C2)COC3CC[C@@H]([C@H]3OC/C=C\CCC(=O)O)N4CCCCCC4,Kd,2.511,nM,-0.39984671271292244,ChEMBL,CHEMBL2069,CHEMBL352076,"Bioorg. Med. Chem. Lett., (1991) 1:12:689"
194,P21731,MYZJPBBAWWEAPY-VMOCFESUSA-N,C1C(C(CN1CC2=CC=CC=C2)C3=CC=CC=C3O)CC=CCCC(=O)O,C1[C@H]([C@H](CN1CC2=CC=CC=C2)C3=CC=CC=C3O)C/C=C\CCC(=O)O,Kd,251.19,nM,-2.4000023459279562,ChEMBL,CHEMBL2069,CHEMBL332609,"Bioorg. Med. Chem. Lett., (1996) 6:4:349"
195,P21731,NYWFCFZRUBBVMD-UHFFFAOYSA-N,C1CCC(CC1)CCCCNC(=O)C2=COC(=N2)C3C4CCC(C3CC5=CC=CC=C5OCC(=O)O)O4,C1CCC(CC1)CCCCNC(=O)C2=COC(=N2)C3C4CCC(C3CC5=CC=CC=C5OCC(=O)O)O4,Kd,3.2,nM,-0.505149978319906,BindingDB,,50047277,8496908
197,P21731,SJOULRAWZZKEMY-UHFFFAOYSA-N,C1CCC(CC1)CCCCOC(=O)C2=COC(=N2)C3C4CCC(C3CC5=CC=CC=C5CCC(=O)O)O4,C1CCC(CC1)CCCCOC(=O)C2=COC(=N2)C3C4CCC(C3CC5=CC=CC=C5CCC(=O)O)O4,Kd,1.0,nM,-0.0,ChEMBL,CHEMBL2069,CHEMBL286978,8496908
199,P21731,IDSQFTJASXFWNN-LGJMQFESSA-N,CC1=CC(=C(C=C1)OC(C)(C)C2OCC(C(O2)C3=CN=CN3C)CC=CCCC(=O)O)[N+](=O)[O-],CC1=CC(=C(C=C1)OC(C)(C)[C@H]2OC[C@H]([C@H](O2)C3=CN=CN3C)C/C=C\CCC(=O)O)[N+](=O)[O-],Kd,3.9810000000000003,nM,-0.5999921775840981,ChEMBL,CHEMBL2069,CHEMBL278714,"Bioorg. Med. Chem. Lett., (1992) 2:10:1181"
202,P21731,NFSKSKSPHHUGPE-UHFFFAOYSA-N,CC(C)(C)CCCCNC(=O)C1=COC(=N1)C2C3CCC(C2CC4=CC=CC=C4CCC(=O)O)O3,CC(C)(C)CCCCNC(=O)C1=COC(=N1)C2C3CCC(C2CC4=CC=CC=C4CCC(=O)O)O3,Kd,0.6,nM,0.22184874961635637,BindingDB,,50047289,8496908
203,P21731,ZHBPUNZHLIFKIH-SLEBQGDGSA-N,C1=CC(=CC(=C1)CCNS(=O)(=O)C2=CC=C(C=C2)I)C(=NOCCC(=O)O)C3=CN=CC=C3,C1=CC(=CC(=C1)CCNS(=O)(=O)C2=CC=C(C=C2)I)/C(=N\OCCC(=O)O)/C3=CN=CC=C3,Kd,100.0,nM,-2.0,ChEMBL,CHEMBL2069,CHEMBL161253,"Bioorg. Med. Chem. Lett., (1991) 1:12:699"
204,P21731,ZKBAXNDIDOKZNC-UHFFFAOYSA-M,[Li+].C1CCN(CC1)CCCCNC(=O)C2=COC(=N2)C3C4CCC(C3CC5=CC=CC=C5CCC(=O)[O-])O4,[Li+].C1CCN(CC1)CCCCNC(=O)C2=COC(=N2)C3C4CCC(C3CC5=CC=CC=C5CCC(=O)[O-])O4,Kd,22.0,nM,-1.3424226808222062,ChEMBL,CHEMBL2069,CHEMBL2368531,8496908
206,P21731,HOVQMBSPXMVMFY-UHFFFAOYSA-N,C1C(C(=O)CC1=O)CC2=CC(=CC=C2)CCNS(=O)(=O)C3=CC=C(C=C3)Cl,C1C(C(=O)CC1=O)CC2=CC(=CC=C2)CCNS(=O)(=O)C3=CC=C(C=C3)Cl,Kd,203.0,nM,-2.3074960379132126,BindingDB,,50353638,21863799
207,P21731,NMJYFIAGWNELHF-SJKZHLFISA-N,C1C(C(C(O1)C2=CN=CC=C2)CCC=CCCC(=O)O)OCC3=CC=C(C=C3)C4=CC=CC=C4,C1[C@@H]([C@@H]([C@H](O1)C2=CN=CC=C2)CC/C=C\CCC(=O)O)OCC3=CC=C(C=C3)C4=CC=CC=C4,Kd,21.88,nM,-1.3400473176613932,ChEMBL,CHEMBL2069,CHEMBL63040,"Bioorg. Med. Chem. Lett., (1994) 4:17:2073"
209,P21731,LMMMTAMTZBRQTD-UHFFFAOYSA-N,CCCNC(=O)C1=COC(=N1)C2C3CCC(C2CC4=CC=CC=C4CCC(=O)O)O3,CCCNC(=O)C1=COC(=N1)C2C3CCC(C2CC4=CC=CC=C4CCC(=O)O)O3,Kd,10.0,nM,-1.0,BindingDB,,50047279,8496908
212,P21731,CHADKCBWJIDVLS-UHFFFAOYSA-N,C1=CC=C(C=C1)S(=O)(=O)NCCCCCCCCC(=O)O,C1=CC=C(C=C1)S(=O)(=O)NCCCCCCCCC(=O)O,Kd,172.0,nM,-2.2355284469075487,ChEMBL,CHEMBL2069,CHEMBL52003,"Bioorg. Med. Chem. Lett., (1991) 1:3:173"
214,P21731,BBPRUNPUJIUXSE-UHFFFAOYSA-N,CCCCCNC(=O)C1=COC(=N1)C2C3CCC(C2CC4=CC=CC=C4CCC(=O)O)O3,CCCCCNC(=O)C1=COC(=N1)C2C3CCC(C2CC4=CC=CC=C4CCC(=O)O)O3,Kd,4.0,nM,-0.6020599913279624,ChEMBL,CHEMBL2069,CHEMBL283100,"Bioorg. Med. Chem. Lett., (1993) 3:6:1271"
215,P21731,JILQVWNDRFJPRF-KIBLKLHPSA-N,CC(C)(CNS(=O)(=O)C1=CC=C(C=C1)I)C2=CC=CC(=C2)C(=CCCCC(=O)O)C3=CN=CC=C3,CC(C)(CNS(=O)(=O)C1=CC=C(C=C1)I)C2=CC=CC(=C2)/C(=C\CCCC(=O)O)/C3=CN=CC=C3,Kd,199.53,nM,-2.300008202553813,ChEMBL,CHEMBL2069,CHEMBL162641,"Bioorg. Med. Chem. Lett., (1991) 1:12:699"
218,P21731,OURMJLFLCWODMX-MFKUBSTISA-N,C1CC2C(C(C1O2)CC3=CC=CC=C3CCC(=O)O)C=NNC(=O)NC4=CC=CC=C4,C1CC2C(C(C1O2)CC3=CC=CC=C3CCC(=O)O)/C=N/NC(=O)NC4=CC=CC=C4,Kd,1.0,nM,-0.0,ChEMBL,CHEMBL2069,CHEMBL95872,1910091
221,P21731,YDSNEOPPPKZWIV-UHFFFAOYSA-N,CSC1=CC=C(C=C1)CCCCNC(=O)C2=COC(=N2)C3C4CCC(C3CC5=CC=CC=C5CCC(=O)O)O4,CSC1=CC=C(C=C1)CCCCNC(=O)C2=COC(=N2)C3C4CCC(C3CC5=CC=CC=C5CCC(=O)O)O4,Kd,2.9,nM,-0.4623979978989561,ChEMBL,CHEMBL2069,CHEMBL287068,8496908
223,P21731,HCLFUHWPLXVRIS-HLOJMEPRSA-N,C1CCCN(CC1)C2CCC(C2OCC=CCCC(=O)O)OCC3=CC=C(C=C3)C4=CC=NC=C4,C1CCCN(CC1)[C@H]2CC[C@H]([C@@H]2OC/C=C\CCC(=O)O)OCC3=CC=C(C=C3)C4=CC=NC=C4,Kd,10.0,nM,-1.0,BindingDB,,50391300,
224,P21731,LTCQRNQPODCPAS-NHFJQHJOSA-N,C1CCC(CC1)CCCCNC(=O)C2COC(=N2)C3=CC=C(C=C3)C(=CCCCCC(=O)O)C4=CN=CC=C4,C1CCC(CC1)CCCCNC(=O)[C@H]2COC(=N2)C3=CC=C(C=C3)/C(=C/CCCCC(=O)O)/C4=CN=CC=C4,Kd,51.8,nM,-1.714329759745233,ChEMBL,CHEMBL2069,CHEMBL59547,9873463
225,P21731,YBCQOWWJDRETOA-PCFKBGPBSA-N,C1CCCN(CC1)C2CCC(C2OCC=CCCC(=O)O)OCC3=CC=C(C=C3)C4=C(C=NC=C4)CO,C1CCCN(CC1)[C@H]2CC[C@H]([C@@H]2OC/C=C\CCC(=O)O)OCC3=CC=C(C=C3)C4=C(C=NC=C4)CO,Kd,3.161,nM,-0.4998244958395797,BindingDB,,50391307,
226,P21731,DOADCIRUVGSBTJ-UHFFFAOYSA-N,C1CC(C2=C(C1)C3=C(N2CC4=CC=C(C=C4)OCCCC#CC5=CN=CC=C5)C=CC(=C3)F)CC(=O)O,C1CC(C2=C(C1)C3=C(N2CC4=CC=C(C=C4)OCCCC#CC5=CN=CC=C5)C=CC(=C3)F)CC(=O)O,Kd,158.49,nM,-2.200001865406602,ChEMBL,CHEMBL2069,CHEMBL427300,"Bioorg. Med. Chem. Lett., (1992) 2:9:979"
227,P21731,OHSXSRXQRFBCGG-JIHXRDMZSA-N,C1CCCN(CC1)C2CCC(C2OCC=CCCC(=O)O)OCC3=CC=C(C=C3)C4=CC(=CC=C4)CO,C1CCCN(CC1)[C@H]2CCC([C@@H]2OC/C=C\CCC(=O)O)OCC3=CC=C(C=C3)C4=CC(=CC=C4)CO,Kd,7.9415,nM,-0.8999025402352115,BindingDB,,50391280,
228,P21731,IMUPQXOQMCAJLF-KONHRLNYSA-N,CNS(=O)(=O)CC1=CC=C(C=C1)C2=CC=C(C=C2)COC3CCC(C3OCC=CCCC(=O)O)N4CCCCCC4,CNS(=O)(=O)CC1=CC=C(C=C1)C2=CC=C(C=C2)COC3CC[C@@H]([C@H]3OC/C=C\CCC(=O)O)N4CCCCCC4,Kd,3.161,nM,-0.4998244958395797,BindingDB,,50391276,
229,P21731,MDGKVHITCQLBLJ-UHFFFAOYSA-N,C1CCC(CC1)CCCCNC(=O)C2=COC(=N2)C3=CC=CC=C3CC4=CC=CC=C4CCC(=O)O,C1CCC(CC1)CCCCNC(=O)C2=COC(=N2)C3=CC=CC=C3CC4=CC=CC=C4CCC(=O)O,Kd,19.0,nM,-1.2787536009528289,ChEMBL,CHEMBL2069,CHEMBL170747,"Bioorg. Med. Chem. Lett., (1992) 2:9:937"
230,P21731,GQISCPGEZUUCRE-STHJYCLQSA-N,CC(C)(C)C1=C(C=NC=C1)C2=CC=C(C=C2)COC3CCC(C3OCC=CCCC(=O)O)N4CCCCCC4,CC(C)(C)C1=C(C=NC=C1)C2=CC=C(C=C2)CO[C@@H]3CC[C@@H]([C@H]3OC/C=C\CCC(=O)O)N4CCCCCC4,Kd,3.161,nM,-0.4998244958395797,ChEMBL,CHEMBL2069,CHEMBL345876,"Bioorg. Med. Chem. Lett., (1991) 1:12:695"
234,P21731,FACJEJPQFUXMOA-JQAMDZJQSA-N,C1CCOC(C1)COCCNC(=O)C2=COC(=N2)C3=CC=C(C=C3)C(=CCCCCC(=O)O)C4=CN=CC=C4,C1CCOC(C1)COCCNC(=O)C2=COC(=N2)C3=CC=C(C=C3)/C(=C\CCCCC(=O)O)/C4=CN=CC=C4,Kd,483.0,nM,-2.683947130751512,BindingDB,,50072791,9876106
238,P21731,KMFPAIGKYNZRJV-LVIMBVLTSA-N,C1CCCN(CC1)C2CCC(C2OCC=CCCC(=O)O)OCC3=CC=C(C=C3)C4=CC=CC=C4,C1CCCN(CC1)[C@H]2CCC([C@@H]2OC/C=C\CCC(=O)O)OCC3=CC=C(C=C3)C4=CC=CC=C4,Kd,12.59,nM,-1.1000257301078626,BindingDB,,50391286,
241,P21731,UBJAMZPBAMJFDV-KXNLUABASA-N,C1C(C(CN1S(=O)(=O)C2=CC=CC3=C2C=CN=C3)C4=CC=CC=C4O)CC=CCCC(=O)O,C1[C@H]([C@H](CN1S(=O)(=O)C2=CC=CC3=C2C=CN=C3)C4=CC=CC=C4O)C/C=C\CCC(=O)O,Kd,0.3162,nM,0.5000381344038098,ChEMBL,CHEMBL2069,CHEMBL263442,"Bioorg. Med. Chem. Lett., (1996) 6:4:349"
244,P21731,SAKWDHBZKHMQPN-AZDWBHJSSA-N,C1C(C1NC(=O)C2=COC(=N2)C3=CC=C(C=C3)C(=CCCCCC(=O)O)C4=CN=CC=C4)C5=CC=CC=C5,C1[C@H]([C@@H]1NC(=O)C2=COC(=N2)C3=CC=C(C=C3)/C(=C\CCCCC(=O)O)/C4=CN=CC=C4)C5=CC=CC=C5,Kd,83.85,nM,-1.9235030669421045,BindingDB,,50072788,9876106
247,P21731,ZBWQXDNFOLCAEN-NILCVCNASA-N,CC1=C(C=CN=C1)C2=CC=C(C=C2)COC3CCC(C3OCC=CCCC(=O)O)N4CCCCCC4,CC1=C(C=CN=C1)C2=CC=C(C=C2)CO[C@@H]3CC[C@@H]([C@H]3OC/C=C\CCC(=O)O)N4CCCCCC4,Kd,6.31,nM,-0.8000293592441343,BindingDB,,50391308,
249,P21731,BXVLOKOSLGIICL-ZMOGYAJESA-N,C1=CC=C(C=C1)S(=O)(=O)NCCC2=CC=CC(=C2)C(=CCCCC(=O)O)C3=CN=CC=C3,C1=CC=C(C=C1)S(=O)(=O)NCCC2=CC=CC(=C2)/C(=C\CCCC(=O)O)/C3=CN=CC=C3,Kd,794.33,nM,-2.900000965153469,ChEMBL,CHEMBL2069,CHEMBL159447,"Bioorg. Med. Chem. Lett., (1991) 1:12:699"
251,P21731,HRDSTLFKRWABMM-FNORWQNLSA-N,CCCCCCC(=S)NCC(=O)NCC1C2CCC(C1CC=CCCCC(=O)O)O2,CCCCCCC(=S)NCC(=O)NCC1C2CCC(C1C/C=C/CCCC(=O)O)O2,Kd,12.4,nM,-1.0934216851622351,ChEMBL,CHEMBL2069,CHEMBL79287,2391688
254,P21731,SPWUEWCTABNLLC-UHFFFAOYSA-N,CC(C)NC(=O)C1=COC(=N1)C2C3CCC(C2CC4=CC=CC=C4CCC(=O)O)O3,CC(C)NC(=O)C1=COC(=N1)C2C3CCC(C2CC4=CC=CC=C4CCC(=O)O)O3,Kd,26.0,nM,-1.414973347970818,ChEMBL,CHEMBL2069,CHEMBL29947,8496908
255,P21731,XRRNUAXUYMWVSW-UHFFFAOYSA-N,CNC(=O)C1=COC(=N1)C2C3CCC(C2CC4=CC=CC=C4CCC(=O)O)O3,CNC(=O)C1=COC(=N1)C2C3CCC(C2CC4=CC=CC=C4CCC(=O)O)O3,Kd,45.0,nM,-1.6532125137753437,BindingDB,,50047275,8496908
256,P21731,YDJGESKTURUXSO-MRWCJKGFSA-N,CCC=CCCSCC1C2CCC(C1CC=CCCCC(=O)O)O2,CC/C=C\CCSCC1C2CCC(C1C/C=C\CCCC(=O)O)O2,Kd,0.4,nM,0.3979400086720376,ChEMBL,CHEMBL2069,CHEMBL2096756,2523485
257,P21731,MIIIWVNAZRSKJI-UHFFFAOYSA-N,C1CC(C2=C(C1)C3=C(N2CC4=CC(=CC=C4)OCCCCC5=CN=CC=C5)C=CC(=C3)F)CC(=O)O,C1CC(C2=C(C1)C3=C(N2CC4=CC(=CC=C4)OCCCCC5=CN=CC=C5)C=CC(=C3)F)CC(=O)O,Kd,501.19,nM,-2.7000023971422538,ChEMBL,CHEMBL2069,CHEMBL425325,"Bioorg. Med. Chem. Lett., (1992) 2:9:979"
258,P21731,LCLLKZZXTCXQCH-JIHXRDMZSA-N,C1CCCN(CC1)C2CCC(C2OCC=CCCC(=O)O)OCC3=CC=C(C=C3)C4=CC=C(C=C4)CO,C1CCCN(CC1)[C@H]2CCC([C@@H]2OC/C=C\CCC(=O)O)OCC3=CC=C(C=C3)C4=CC=C(C=C4)CO,Kd,3.162,nM,-0.4999618655961903,ChEMBL,CHEMBL2069,CHEMBL161240,"Bioorg. Med. Chem. Lett., (1991) 1:12:689"
261,P21731,FNZKCWXEVYFTES-ACMYVRKESA-N,CCCCCCC(=S)NCC(=S)NCC1C2CCC(C1CC=CCCCC(=O)O)O2,CCCCCCC(=S)NCC(=S)NCC1C2CC[C@H](C1C/C=C/CCCC(=O)O)O2,Kd,26.4,nM,-1.421603926869831,BindingDB,,50015854,2391688
262,P21731,DVZLDSAVIVWHPM-UHDMUKLCSA-N,C1C(C(CN1S(=O)(=O)C2=CC=CC3=CC=CC=C32)C4=CC=CC=C4O)CC=CCCC(=O)O,C1[C@H]([C@H](CN1S(=O)(=O)C2=CC=CC3=CC=CC=C32)C4=CC=CC=C4O)C/C=C\CCC(=O)O,Kd,1.585,nM,-0.2000292665537703,ChEMBL,CHEMBL2069,CHEMBL116088,"Bioorg. Med. Chem. Lett., (1996) 6:4:349"
263,P21731,UAFDHQXFOHBPKX-QALSPVHKSA-N,C1C(C(CN1S(=O)(=O)C2=CC=CC3=CC=CC=C32)C4=CC=CC=C4O)CC=CCCCC(=O)O,C1[C@H]([C@H](CN1S(=O)(=O)C2=CC=CC3=CC=CC=C32)C4=CC=CC=C4O)C/C=C\CCCC(=O)O,Kd,6.31,nM,-0.8000293592441343,ChEMBL,CHEMBL2069,CHEMBL119624,"Bioorg. Med. Chem. Lett., (1996) 6:4:349"
272,P21731,CTTXJPIPQATLAA-UHFFFAOYSA-N,C1CC(C2=C(C1)C3=C(N2CC4=CN=CC=C4)C=CC(=C3)F)CC(=O)O,C1CC(C2=C(C1)C3=C(N2CC4=CN=CC=C4)C=CC(=C3)F)CC(=O)O,Kd,3162.28,nM,-3.500000321342936,ChEMBL,CHEMBL2069,CHEMBL367109,"Bioorg. Med. Chem. Lett., (1992) 2:9:979"
274,P21731,ZNRZNAHHOIANAO-MUXKCCDJSA-N,C1CCC(CC1)CCCCNC(=O)C2=COC(=N2)C3=CC=C(C=C3)C(=CCCCCC(=O)O)C4=CN=CC=C4,C1CCC(CC1)CCCCNC(=O)C2=COC(=N2)C3=CC=C(C=C3)/C(=C/CCCCC(=O)O)/C4=CN=CC=C4,Kd,146.8,nM,-2.166726055580052,ChEMBL,CHEMBL2069,CHEMBL60516,9873463
279,P21731,LULNMGLDEMLBSW-MFKUBSTISA-N,C1CC2C(C(C1O2)CCC3=CC=CC(=C3)CC(=O)O)C=NNC(=O)NC4=CC=CC=C4,C1CC2C(C(C1O2)CCC3=CC=CC(=C3)CC(=O)O)/C=N/NC(=O)NC4=CC=CC=C4,Kd,1070.0,nM,-3.0293837776852097,ChEMBL,CHEMBL2069,CHEMBL99348,1910091
280,P21731,UWJOYAHCDWUKJF-PCOZEAMQSA-N,CS(=O)(=O)NC1=CC=CC(=C1)C2=CC=C(C=C2)COC3CCC(C3OCC=CCCC(=O)O)N4CCCCCC4,CS(=O)(=O)NC1=CC=CC(=C1)C2=CC=C(C=C2)COC3CC[C@@H]([C@H]3OC/C=C\CCC(=O)O)N4CCCCCC4,Kd,12.59,nM,-1.1000257301078626,ChEMBL,CHEMBL2069,CHEMBL351252,"Bioorg. Med. Chem. Lett., (1991) 1:12:689"
286,P21731,STKBASKYRYYRSC-QQXSKIMKSA-N,C1CCC(CC1)CCCCNC(=O)C2=COC(=N2)C3=CC=CC=C3C(=CCCCCC(=O)O)C4=CN=CC=C4,C1CCC(CC1)CCCCNC(=O)C2=COC(=N2)C3=CC=CC=C3/C(=C\CCCCC(=O)O)/C4=CN=CC=C4,Kd,540.0,nM,-2.7323937598229686,BindingDB,,50071143,9873463
287,P21731,GUQZFAORYXDJNW-UHFFFAOYSA-N,CS(=O)(=O)NC(=O)CCC1=CC=CC=C1CC2C3CCC(C2C4=NC(=CO4)C(=O)NCCCCC5CCCCC5)O3,CS(=O)(=O)NC(=O)CCC1=CC=CC=C1CC2C3CCC(C2C4=NC(=CO4)C(=O)NCCCCC5CCCCC5)O3,Kd,1.6,nM,-0.20411998265592482,ChEMBL,CHEMBL2069,CHEMBL30398,8496908
288,P21731,YHSIOGBAMKKEDO-ALCCZGGFSA-N,CCCCCCSCC1C2CCC(C1CC=CCCCC(=O)O)O2,CCCCCCSCC1C2CCC(C1C/C=C\CCCC(=O)O)O2,Kd,1.6,nM,-0.2041199826559248,BindingDB,,50016782,2523485
295,P21731,LMSWDFLNAYPJJD-QRQIAZFYSA-N,C1CCC(CC1)CCCCNC(=O)C2=COC(=N2)C3=CC(=CC=C3)C(=CCCCCC(=O)O)C4=CN=CC=C4,C1CCC(CC1)CCCCNC(=O)C2=COC(=N2)C3=CC(=CC=C3)/C(=C/CCCCC(=O)O)/C4=CN=CC=C4,Kd,630.0,nM,-2.7993405494535817,ChEMBL,CHEMBL2069,CHEMBL57359,9873463
297,P21731,YJDKSHGBRADVOT-IHXJLJSNSA-N,C1C(C(OC(O1)C2=CC=C(C=C2)C#N)C3=CN=CC=C3)CC=CCCC(=O)OCCCCCCOC(=O)CCC=CCC4COC(OC4C5=CC=CC=C5O)C6=CC=C(C=C6)C#N,C1[C@H]([C@H](O[C@H](O1)C2=CC=C(C=C2)C#N)C3=CN=CC=C3)C/C=C\CCC(=O)OCCCCCCOC(=O)CC/C=C\C[C@@H]4CO[C@@H](O[C@@H]4C5=CC=CC=C5O)C6=CC=C(C=C6)C#N,Kd,10000.0,nM,-4.0,ChEMBL,CHEMBL2069,CHEMBL327992,"Bioorg. Med. Chem. Lett., (1996) 6:3:273"
299,P21731,BBQILAZFNVDEMU-PBIJAFQOSA-N,CCCC1=C(C=NC=C1)C2=CC=C(C=C2)COC3CCC(C3OCC=CCCC(=O)O)N4CCCCCC4,CCCC1=C(C=NC=C1)C2=CC=C(C=C2)CO[C@@H]3CC[C@@H]([C@H]3OC/C=C\CCC(=O)O)N4CCCCCC4,Kd,2.511,nM,-0.39984671271292244,BindingDB,,50391309,
304,P21731,QNSOXESEHPFNCD-YCPBAFNGSA-N,C1=CC(=CC(=C1)CCNS(=O)(=O)C2=CC=C(C=C2)I)C(=CCCCCC(=O)O)C3=CN=CC=C3,C1=CC(=CC(=C1)CCNS(=O)(=O)C2=CC=C(C=C2)I)/C(=C\CCCCC(=O)O)/C3=CN=CC=C3,Kd,794.33,nM,-2.900000965153469,ChEMBL,CHEMBL2069,CHEMBL161422,"Bioorg. Med. Chem. Lett., (1991) 1:12:699"
305,P21731,VGRCPALIWBYEPM-DNAHJEAESA-N,CC(C1=CC=CC=C1)C(C=CC2C3CCC(C2CC=CCCCC(=O)O)O3)O,C[C@@H](C1=CC=CC=C1)[C@@H](/C=C/C2C3CCC(C2C/C=C\CCCC(=O)O)O3)O,Kd,10.0,nM,-1.0,ChEMBL,CHEMBL2069,CHEMBL301098,2140414
306,P21731,AGAXMMPHPXHEAW-YFSTVHLBSA-N,CCCCC1=C(C=NC=C1)C2=CC=C(C=C2)COC3CCC(C3OCC=CCCC(=O)O)N4CCCCCC4,CCCCC1=C(C=NC=C1)C2=CC=C(C=C2)CO[C@@H]3CC[C@@H]([C@H]3OC/C=C\CCC(=O)O)N4CCCCCC4,Kd,3.9805,nM,-0.5999376282551431,ChEMBL,CHEMBL2069,CHEMBL158576,"Bioorg. Med. Chem. Lett., (1991) 1:12:695"
308,P21731,LDWKPIFSGPLNJT-PCFKBGPBSA-N,C1CCCN(CC1)C2CCC(C2OCC=CCCC(=O)O)OCC3=CC=C(C=C3)C4=CC(=CN=C4)CO,C1CCCN(CC1)[C@H]2CC[C@H]([C@@H]2OC/C=C\CCC(=O)O)OCC3=CC=C(C=C3)C4=CC(=CN=C4)CO,Kd,6.31,nM,-0.8000293592441343,ChEMBL,CHEMBL2069,CHEMBL158875,"Bioorg. Med. Chem. Lett., (1991) 1:12:695"
314,P21731,HEMGORMJZTVDGN-KTZMUZOWSA-N,C1=CC(=CC(=C1)CCNS(=O)(=O)C2=CC=C(C=C2)[N+](=O)[O-])C(=CCCCC(=O)O)C3=CN=CC=C3,C1=CC(=CC(=C1)CCNS(=O)(=O)C2=CC=C(C=C2)[N+](=O)[O-])/C(=C\CCCC(=O)O)/C3=CN=CC=C3,Kd,630.96,nM,-2.8000018278179692,ChEMBL,CHEMBL2069,CHEMBL162879,"Bioorg. Med. Chem. Lett., (1991) 1:12:699"
316,P21731,SXRHQCGRCCCGEY-GQCTYLIASA-N,CC(C)(C)C1=CC=C(C=C1)SCC(=O)NCC(=O)NCC2C3CCC(C2CC=CCCCC(=O)O)O3,CC(C)(C)C1=CC=C(C=C1)SCC(=O)NCC(=O)NCC2C3CCC(C2C/C=C/CCCC(=O)O)O3,Kd,4.2,nM,-0.6232492903979004,BindingDB,,50015851,2391688
318,P21731,VGBBXLWOWUXXFE-GWLGBLMRSA-N,CC1=CC(=C(C=C1)OC(C)(C)C2OCC(C(O2)C3=CN=CC=C3)CC=CCCC(=O)O)[N+](=O)[O-],CC1=CC(=C(C=C1)OC(C)(C)[C@H]2OC[C@H]([C@H](O2)C3=CN=CC=C3)C/C=C\CCC(=O)O)[N+](=O)[O-],Kd,3.9810000000000003,nM,-0.5999921775840981,ChEMBL,CHEMBL2069,CHEMBL279847,"Bioorg. Med. Chem. Lett., (1992) 2:10:1181"
319,P21731,VKYMAXGZPKUBLB-ORSPOGDCSA-N,CCC1=C(C=CN=C1)C2=CC=C(C=C2)COC3CCC(C3OCC=CCCC(=O)O)N4CCCCCC4,CCC1=C(C=CN=C1)C2=CC=C(C=C2)CO[C@@H]3CC[C@@H]([C@H]3OC/C=C\CCC(=O)O)N4CCCCCC4,Kd,6.31,nM,-0.8000293592441343,BindingDB,,50391304,
322,P21731,OEDGMHFIXBEKAB-NFPRBCDZSA-N,C1C(N=C(O1)C2=CC=C(C=C2)C(=CCCCCC(=O)O)C3=CN=CC=C3)C(=O)NCC4=CC=CC=C4,C1[C@H](N=C(O1)C2=CC=C(C=C2)/C(=C\CCCCC(=O)O)/C3=CN=CC=C3)C(=O)NCC4=CC=CC=C4,Kd,378.8,nM,-2.578409970331236,BindingDB,,50071138,9873463
323,P21731,DQRRRJQMMFHFRI-XTCLZLMSSA-N,C1=CC(=CC(=C1)CCNS(=O)(=O)C2=CC=C(C=C2)I)C(=NOCC(=O)O)C3=CN=CC=C3,C1=CC(=CC(=C1)CCNS(=O)(=O)C2=CC=C(C=C2)I)/C(=N\OCC(=O)O)/C3=CN=CC=C3,Kd,199.53,nM,-2.300008202553813,ChEMBL,CHEMBL2069,CHEMBL159775,"Bioorg. Med. Chem. Lett., (1991) 1:12:699"
329,P21731,SKCVVIVPLRIUJX-UHFFFAOYSA-N,CCC(C)(C)NC(=O)C1=COC(=N1)C2C3CCC(C2CC4=CC=CC=C4CCC(=O)O)O3,CCC(C)(C)NC(=O)C1=COC(=N1)C2C3CCC(C2CC4=CC=CC=C4CCC(=O)O)O3,Kd,0.8,nM,0.09691001300805639,ChEMBL,CHEMBL2069,CHEMBL281726,8496908
335,P21731,QIXPVYQKDOIRDE-CHFKJATDSA-N,C1CC(C(C1)NS(=O)(=O)C2=CC=CC=C2)CC=CCCCC(=O)O,C1C[C@@H]([C@H](C1)NS(=O)(=O)C2=CC=CC=C2)C/C=C\CCCC(=O)O,Kd,7.5,nM,-0.8750612633917001,ChEMBL,CHEMBL2069,CHEMBL300681,"Bioorg. Med. Chem. Lett., (1991) 1:3:173"
339,P21731,GOAHXSVKIFPWHR-XZZFYQAUSA-N,CCCCCCC(=O)N1CC(C(C1)C2=CC=CC=C2O)CC=CCCC(=O)O,CCCCCCC(=O)N1C[C@H]([C@H](C1)C2=CC=CC=C2O)C/C=C\CCC(=O)O,Kd,19.95,nM,-1.2999429000227671,ChEMBL,CHEMBL2069,CHEMBL325703,"Bioorg. Med. Chem. Lett., (1996) 6:4:349"
342,P21731,LTCQRNQPODCPAS-IMDLGZNOSA-N,C1CCC(CC1)CCCCNC(=O)C2COC(=N2)C3=CC=C(C=C3)C(=CCCCCC(=O)O)C4=CN=CC=C4,C1CCC(CC1)CCCCNC(=O)[C@@H]2COC(=N2)C3=CC=C(C=C3)/C(=C\CCCCC(=O)O)/C4=CN=CC=C4,Kd,15.75,nM,-1.1972805581256194,BindingDB,,50071132,9873463
343,P21731,PJZSRUKFPMOTFE-KTZMUZOWSA-N,C1=CC(=CC(=C1)CCNS(=O)(=O)C2=CC=C(C=C2)I)C(=CCCCC(=O)O)C3=CN=CC=C3,C1=CC(=CC(=C1)CCNS(=O)(=O)C2=CC=C(C=C2)I)/C(=C\CCCC(=O)O)/C3=CN=CC=C3,Kd,630.96,nM,-2.8000018278179692,ChEMBL,CHEMBL2069,CHEMBL348790,"Bioorg. Med. Chem. Lett., (1991) 1:12:699"
345,P21731,WBTHGTHFGYAVNF-IHXJLJSNSA-N,C1C(C(OC(O1)C2=CC=C(C=C2)C#N)C3=CN=CC=C3)CC=CCCC(=O)NCCCCCCNC(=O)CCC=CCC4COC(OC4C5=CC=CC=C5O)C6=CC=C(C=C6)C#N,C1[C@H]([C@H](O[C@H](O1)C2=CC=C(C=C2)C#N)C3=CN=CC=C3)C/C=C\CCC(=O)NCCCCCCNC(=O)CC/C=C\C[C@@H]4CO[C@@H](O[C@@H]4C5=CC=CC=C5O)C6=CC=C(C=C6)C#N,Kd,10000.0,nM,-4.0,ChEMBL,CHEMBL2069,CHEMBL320461,"Bioorg. Med. Chem. Lett., (1996) 6:3:273"
347,P21731,PWTCIBWRMQFJBC-LIANOHOESA-N,C1CC2CC1C(C2NS(=O)(=O)C3=CC=CC=C3)CC=CCCCC(=O)O,C1CC2C[C@@H]1[C@@H](C2NS(=O)(=O)C3=CC=CC=C3)C/C=C\CCCC(=O)O,Kd,2.9,nM,-0.4623979978989561,BindingDB,,50008805,
348,P21731,BPXWFRXHKNVENH-UCXNPNORSA-N,CNS(=O)(=O)CC1=CC=CC=C1C2=CC=C(C=C2)COC3CCC(C3OCC=CCCC(=O)O)N4CCCCCC4,CNS(=O)(=O)CC1=CC=CC=C1C2=CC=C(C=C2)COC3CC[C@@H]([C@H]3OC/C=C\CCC(=O)O)N4CCCCCC4,Kd,7.9415,nM,-0.8999025402352115,BindingDB,,50391287,
350,P21731,DOIVAJMCRLNJKI-KBKYJPHKSA-N,C1=CC=C(C=C1)CCNC(=O)C2=COC(=N2)C3=CC=C(C=C3)C(=CCCCCC(=O)O)C4=CN=CC=C4,C1=CC=C(C=C1)CCNC(=O)C2=COC(=N2)C3=CC=C(C=C3)/C(=C\CCCCC(=O)O)/C4=CN=CC=C4,Kd,82.4,nM,-1.9159272116971158,ChEMBL,CHEMBL2069,CHEMBL150563,9876106
352,P21731,ISMHAZMNDUAHLK-UHFFFAOYSA-N,C1=CC(=CN=C1)CCCC(CCCCNS(=O)(=O)C2=CC=C(C=C2)Cl)CCC(=O)O,C1=CC(=CN=C1)CCCC(CCCCNS(=O)(=O)C2=CC=C(C=C2)Cl)CCC(=O)O,Kd,1.2590000000000001,nM,-0.10002573010786256,ChEMBL,CHEMBL2069,CHEMBL65414,"Bioorg. Med. Chem. Lett., (1994) 4:17:2073"
353,P21731,CQHSEENDVCFMSH-ZMOGYAJESA-N,C1CC2C(C(C1O2)CC3=CC=CC=C3OCC(=O)O)C=NNC(=O)NC4=CC=CC=C4,C1CC2C(C(C1O2)CC3=CC=CC=C3OCC(=O)O)/C=N/NC(=O)NC4=CC=CC=C4,Kd,6.0,nM,-0.7781512503836436,ChEMBL,CHEMBL2069,CHEMBL95884,1910091
355,P21731,COFUPBQMJDTNIS-UHFFFAOYSA-N,CCCCCCCCCCNC(=O)C1=COC(=N1)C2C3CCC(C2CC4=CC=CC=C4CCC(=O)O)O3,CCCCCCCCCCNC(=O)C1=COC(=N1)C2C3CCC(C2CC4=CC=CC=C4CCC(=O)O)O3,Kd,5.8,nM,-0.7634279935629373,BindingDB,,50047290,8496908
356,P21731,LHJWQVJJSYPRIX-UHFFFAOYSA-N,C1CC(C2=C(C1)C3=C(N2CC4=CC=C(C=C4)Cl)C=CC(=C3)F)CC(=O)O,C1CC(C2=C(C1)C3=C(N2CC4=CC=C(C=C4)Cl)C=CC(=C3)F)CC(=O)O,Kd,79.43,nM,-1.8999845625493907,ChEMBL,CHEMBL2069,CHEMBL280107,"Bioorg. Med. Chem. Lett., (1992) 2:9:979"
362,P21731,UYFMSCHBODMWON-ZKBYQGIHSA-N,C1CC2C(C(C1O2)CC=CCCCC(=O)O)C=CC(COC3=CC=C(C=C3)I)O,C1C[C@@H]2[C@@H]([C@H]([C@H]1O2)C/C=C/CCCC(=O)O)/C=C/[C@H](COC3=CC=C(C=C3)[125I])O,Kd,2.0,nM,-0.3010299956639812,IUPHAR,346,1973,2530338
363,P21731,HTENHHIGQQUQAD-JXOAZZMJSA-N,C1C(C(OC(O1)C2=CC=C(C=C2)C#N)C3=CN=CC=C3)CC=CCCC(=O)OC4=CC=CC=C4OC(=O)CCC=CCC5COC(OC5C6=CC=CC=C6O)C7=CC=C(C=C7)C#N,C1[C@H]([C@H](O[C@H](O1)C2=CC=C(C=C2)C#N)C3=CN=CC=C3)C/C=C\CCC(=O)OC4=CC=CC=C4OC(=O)CC/C=C\C[C@@H]5CO[C@@H](O[C@@H]5C6=CC=CC=C6O)C7=CC=C(C=C7)C#N,Kd,10000.0,nM,-4.0,ChEMBL,CHEMBL2069,CHEMBL94381,"Bioorg. Med. Chem. Lett., (1996) 6:3:273"
364,P21731,XCXKTQPMCWBJCT-GAFDFGGTSA-N,C1CCCN(CC1)C2CCC(C2OCC=CCCC(=O)O)OCC3=CC=C(C=C3)C4=CC=CC=C4NC(=O)N,C1CCCN(CC1)[C@H]2CCC([C@@H]2OC/C=C\CCC(=O)O)OCC3=CC=C(C=C3)C4=CC=CC=C4NC(=O)N,Kd,7.9415,nM,-0.8999025402352115,BindingDB,,50391291,
365,P21731,QBBXKADRHIDBIS-HYXAFXHYSA-N,CCCSCC1C2CCC(C1CC=CCCCC(=O)O)O2,CCCSCC1C2CCC(C1C/C=C\CCCC(=O)O)O2,Kd,97.0,nM,-1.9867717342662448,BindingDB,,50016779,2523485
369,P21731,AEMOPCLSCUUOFI-IVWCHCLBSA-N,CC1=CC(=C(C=C1)OC(C)(C)C2OCC(C(O2)C3=CN=CS3)CC=CCCC(=O)O)[N+](=O)[O-],CC1=CC(=C(C=C1)OC(C)(C)[C@H]2OC[C@H]([C@H](O2)C3=CN=CS3)C/C=C\CCC(=O)O)[N+](=O)[O-],Kd,5.012,nM,-0.7000110623221123,ChEMBL,CHEMBL2069,CHEMBL277167,"Bioorg. Med. Chem. Lett., (1992) 2:10:1181"
371,P21731,KCLYPNKWGQYJSE-UCXRAKIQSA-N,C1CCCN(CC1)C2CCC(C2OCC=CCCC(=O)O)OCC3=CC=C(C=C3)C4=CC=CC=C4CO,C1CCCN(CC1)[C@H]2CCC([C@@H]2OC/C=C\CCC(=O)O)OCC3=CC=C(C=C3)C4=CC=CC=C4CO,Kd,3.162,nM,-0.4999618655961903,ChEMBL,CHEMBL2069,CHEMBL350805,"Bioorg. Med. Chem. Lett., (1991) 1:12:689"
380,P21731,AESNDGLSSLLXCC-UHFFFAOYSA-N,C1CCC(CC1)CCCCNC(=O)C2=COC(=N2)C3C4CCC(C3CC5=CC=CC=C5CCCO)O4,C1CCC(CC1)CCCCNC(=O)C2=COC(=N2)C3C4CCC(C3CC5=CC=CC=C5CCCO)O4,Kd,112.0,nM,-2.0492180226701815,BindingDB,,50047267,8496908
382,P21731,ZIIQKOSWWBOXNW-UHFFFAOYSA-N,C1C(C(=CC1=O)O)CC2=CC(=CC=C2)CCNS(=O)(=O)C3=CC=C(C=C3)Cl,C1C(C(=CC1=O)O)CC2=CC(=CC=C2)CCNS(=O)(=O)C3=CC=C(C=C3)Cl,Kd,203.0,nM,-2.3074960379132126,ChEMBL,CHEMBL2069,CHEMBL1829805,21863799
384,P21731,PWTCIBWRMQFJBC-ZEMKZVSASA-N,C1CC2CC1C(C2NS(=O)(=O)C3=CC=CC=C3)CC=CCCCC(=O)O,C1C[C@H]2C[C@@H]1[C@@H]([C@H]2NS(=O)(=O)C3=CC=CC=C3)C/C=C\CCCC(=O)O,Kd,1.258925412,nM,-0.1000000000710066,IUPHAR,346,1984,1825698
388,P21731,USUKSIWJMDJSSI-ORSPOGDCSA-N,CCC1=C(C=NC=C1)C2=CC=C(C=C2)COC3CCC(C3OCC=CCCC(=O)O)N4CCCCCC4,CCC1=C(C=NC=C1)C2=CC=C(C=C2)CO[C@@H]3CC[C@@H]([C@H]3OC/C=C\CCC(=O)O)N4CCCCCC4,Kd,1.0,nM,-0.0,ChEMBL,CHEMBL2069,CHEMBL352040,"Bioorg. Med. Chem. Lett., (1991) 1:12:695"
390,P21731,VAQSKICDKGIOMV-BUPKHEAXSA-N,C1C(C(OC(O1)C2=CC=C(C=C2)C#N)C3=CN=CC=C3)CC=CCCC(=O)OC4=CC=CC=C4OC(=O)CCC=CCC5COC(OC5C6=CC=CC=C6O)C7=CC=CC=C7Cl,C1[C@H]([C@H](O[C@H](O1)C2=CC=C(C=C2)C#N)C3=CN=CC=C3)C/C=C\CCC(=O)OC4=CC=CC=C4OC(=O)CC/C=C\C[C@@H]5CO[C@@H](O[C@@H]5C6=CC=CC=C6O)C7=CC=CC=C7Cl,Kd,10000.0,nM,-4.0,ChEMBL,CHEMBL2069,CHEMBL320682,"Bioorg. Med. Chem. Lett., (1996) 6:3:273"
391,P21731,YHSIOGBAMKKEDO-CMKHJVDASA-N,CCCCCCSCC1C2CCC(C1CC=CCCCC(=O)O)O2,CCCCCCSC[C@@H]1[C@@H]([C@H]2CCC1O2)C/C=C\CCCC(=O)O,Kd,1.6,nM,-0.2041199826559248,ChEMBL,CHEMBL2069,CHEMBL3349042,2523485
393,P21731,JFHKOMDCQBVNHI-GZIVZEMBSA-N,C1=CC(=CC(=C1)CCNS(=O)(=O)C2=CC(=C(C=C2)Cl)Cl)C(=CCCCC(=O)O)C3=CN=CC=C3,C1=CC(=CC(=C1)CCNS(=O)(=O)C2=CC(=C(C=C2)Cl)Cl)/C(=C\CCCC(=O)O)/C3=CN=CC=C3,Kd,316.23,nM,-2.5000030680516936,ChEMBL,CHEMBL2069,CHEMBL159936,"Bioorg. Med. Chem. Lett., (1991) 1:12:699"
397,P21731,KCFWCFRNLRWLNY-XSCIEUTISA-N,C1C(C(OC(O1)C2=CC=C(C=C2)C#N)C3=CN=CC=C3)CC=CCCC(=O)NCCNC(=O)CCC=CCC4COC(OC4C5=CC=CC=C5O)C6=CC=C(C=C6)C#N,C1[C@H]([C@H](O[C@H](O1)C2=CC=C(C=C2)C#N)C3=CN=CC=C3)C/C=C\CCC(=O)NCCNC(=O)CC/C=C\C[C@@H]4CO[C@@H](O[C@@H]4C5=CC=CC=C5O)C6=CC=C(C=C6)C#N,Kd,10000.0,nM,-4.0,ChEMBL,CHEMBL2069,CHEMBL94375,"Bioorg. Med. Chem. Lett., (1996) 6:3:273"
406,P21731,CIYZUODQUHAGKZ-SCVXEUJASA-N,CCCCCC(C=CC1CC2C(C(C1CC=CCCCC(=O)O)O2)(F)F)O,CCCCC[C@@H](/C=C/[C@H]1C[C@H]2C([C@@H]([C@@H]1C/C=C\CCCC(=O)O)O2)(F)F)O,Kd,100.0,nM,-2.0,IUPHAR,346,6069,2748606
420,P21731,XDAMNZKNPUNSHL-UHFFFAOYSA-N,C1CC(C2=C(C1)C3=C(N2CC4=CC(=CC=C4)OCCCCC#CC5=CN=CC=C5)C=CC(=C3)F)CC(=O)O,C1CC(C2=C(C1)C3=C(N2CC4=CC(=CC=C4)OCCCCC#CC5=CN=CC=C5)C=CC(=C3)F)CC(=O)O,Kd,2511.89,nM,-3.40000061697638,ChEMBL,CHEMBL2069,CHEMBL175801,"Bioorg. Med. Chem. Lett., (1992) 2:9:979"
