smiles,value,cano_smiles
CC1=CC(=CC(=C1CC(C(=O)NC(C)C(=O)NCC(=O)NC(CC2=CC=C(C=C2)Cl)C(=O)NC(CC(C)C)C(=O)NC(CCC(=O)NCCC(=O)N(C3CCN(CC3)CCC4=CC=CC=C4)C5=CC=CC=C5)C(=O)NC(CC(C)C)C(=O)N)N)C)O,-2.230448921378274,Cc1cc(O)cc(C)c1CC(N)C(=O)NC(C)C(=O)NCC(=O)NC(Cc1ccc(Cl)cc1)C(=O)NC(CC(C)C)C(=O)NC(CCC(=O)NCCC(=O)N(c1ccccc1)C1CCN(CCc2ccccc2)CC1)C(=O)NC(CC(C)C)C(N)=O
COC1=CC(=C(C=C1)C(=O)NC2(CCN(CC2)C3=NC=CC(=C3)N)C4=CC=CC=C4)OC,-1.146128035678238,COc1ccc(C(=O)NC2(c3ccccc3)CCN(c3cc(N)ccn3)CC2)c(OC)c1
CCN(CC)C(=O)C1=CC=C(C=C1)C2CC3(CCNCC3)OC4=CC=CC=C24,-2.6232492903979003,CCN(CC)C(=O)c1ccc(C2CC3(CCNCC3)Oc3ccccc32)cc1
CCCCC(C(=O)N1CCCC1C(=O)NC(CC(C)C)C(=O)NC(CC2=CNC3=CC=CC=C32)C(=O)N(C)CC4=CC(=CC(=C4)C(F)(F)F)C(F)(F)F)NC(=O)C(CC5=CC=CC=C5)NC(=O)CNC(=O)C(C)NC(=O)C(CC6=C(C=C(C=C6C)O)C)N,-0.3617278360175928,CCCCC(NC(=O)C(Cc1ccccc1)NC(=O)CNC(=O)C(C)NC(=O)C(N)Cc1c(C)cc(O)cc1C)C(=O)N1CCCC1C(=O)NC(CC(C)C)C(=O)NC(Cc1c[nH]c2ccccc12)C(=O)N(C)Cc1cc(C(F)(F)F)cc(C(F)(F)F)c1
CCN(CC)C(=O)C1=CC=C(C=C1)N(C2CCN(CC2)CCC3=CC(=CC=C3)F)C4=CC(=CC=C4)O,-0.4174716932032931,CCN(CC)C(=O)c1ccc(N(c2cccc(O)c2)C2CCN(CCc3cccc(F)c3)CC2)cc1
CCCCC(C(=O)NC(CC(=O)O)C(=O)NC(CC1=CC=CC=C1)C(=O)N)NC(=O)C(CC2=CNC3=CC=CC=C32)NC(=O)CNC(=O)C(C)NC(=O)C(CC4=CC=C(C=C4)O)N,-2.113943352306837,CCCCC(NC(=O)C(Cc1c[nH]c2ccccc12)NC(=O)CNC(=O)C(C)NC(=O)C(N)Cc1ccc(O)cc1)C(=O)NC(CC(=O)O)C(=O)NC(Cc1ccccc1)C(N)=O
CCN(CC)C(=O)C1=CC=C(C=C1)N(C2CCN(CC2)CC3=CC=CC=C3)C4=CC=CC(=C4)C(=O)C,-0.8984509191983747,CCN(CC)C(=O)c1ccc(N(c2cccc(C(C)=O)c2)C2CCN(Cc3ccccc3)CC2)cc1
C1CCN(C1)CCN2C3=CC=CC=C3N=C2NC(=O)C4=CC=CN4,-3.4471580313422194,O=C(Nc1nc2ccccc2n1CCN1CCCC1)c1ccc[nH]1
CC(C)CC(C(=O)NC(CC1=CNC2=CC=CC=C21)C(=O)OCC3=CC(=CC(=C3)C(F)(F)F)C(F)(F)F)NC(=O)C(C)NC(=O)C(CCSC)NC(=O)C(CC4=CC=CC=C4)NC(=O)CNC(=O)C(C)NC(=O)C(CC5=CC=C(C=C5)O)N,-0.3979400086720376,CSCCC(NC(=O)C(Cc1ccccc1)NC(=O)CNC(=O)C(C)NC(=O)C(N)Cc1ccc(O)cc1)C(=O)NC(C)C(=O)NC(CC(C)C)C(=O)NC(Cc1c[nH]c2ccccc12)C(=O)OCc1cc(C(F)(F)F)cc(C(F)(F)F)c1
C1CC1CN2CCC34C5C(CCC3(C2CC6=C4C(=C(C=C6)O)O5)O)NC(=O)C7=CC=C(C=C7)C(F)(F)F,-0.7075701760979364,O=C(NC1CCC2(O)C3Cc4ccc(O)c5c4C2(CCN3CC2CC2)C1O5)c1ccc(C(F)(F)F)cc1
COC12CCC3(CC1COCC4=CC=CC=C4)C5CC6=C7C3(C2OC7=C(C=C6)Br)CCN5CC8CC8,-2.1319072427743864,COC12CCC3(CC1COCc1ccccc1)C1Cc4ccc(Br)c5c4C3(CCN1CC1CC1)C2O5
CCCCC(C(=O)NC(CC(=O)O)C(=O)NC(CC1=CC=CC=C1)C(=O)N)N(C)C(=O)C(CC2=CNC3=CC=CC=C32)NC(=O)CNC(=O)C(C)NC(=O)C(CC4=CC=C(C=C4)O)N,-2.0791812460476247,CCCCC(C(=O)NC(CC(=O)O)C(=O)NC(Cc1ccccc1)C(N)=O)N(C)C(=O)C(Cc1c[nH]c2ccccc12)NC(=O)CNC(=O)C(C)NC(=O)C(N)Cc1ccc(O)cc1
C1CC2CC(=C(C3=CC=CC=C3)C4=CC=C(C=C4)C(=O)N5CCOCC5)CC1N2CCC6=CC=CC=C6,-2.544068044350276,O=C(c1ccc(C(=C2CC3CCC(C2)N3CCc2ccccc2)c2ccccc2)cc1)N1CCOCC1
CCCC(C)(C1CC23C=CC1(C4C25CCN(C3CC6=C5C(=C(C=C6)O)O4)C)OC)O,-0.17609125905568124,CCCC(C)(O)C1CC23C=CC1(OC)C1Oc4c(O)ccc5c4C12CCN(C)C3C5
CC(C(=O)NCC(=O)NC(CC1=CC=CC=C1)C(=O)NCC(=O)NC(CC2=CNC3=CC=CC=C32)C(=O)OCC4=CC(=CC(=C4)C(F)(F)F)C(F)(F)F)NC(=O)C(CC5=CC=C(C=C5)O)N,-1.4313637641589874,CC(NC(=O)C(N)Cc1ccc(O)cc1)C(=O)NCC(=O)NC(Cc1ccccc1)C(=O)NCC(=O)NC(Cc1c[nH]c2ccccc12)C(=O)OCc1cc(C(F)(F)F)cc(C(F)(F)F)c1
CN1CCC23C4C(=O)CCC2(C1CC5=C3C(=C(C=C5)OC)O4)O,-3.6020599913279625,COc1ccc2c3c1OC1C(=O)CCC4(O)C(C2)N(C)CCC314
CCC(C)C(C(=O)NC(CCCN=C(N)N)C(=O)N1CCCC1C(=O)NC(CCCCN)C(=O)NC(CC(C)C)C(=O)NC(CCCCN)C(=O)NC(CC2=CNC3=CC=CC=C32)C(=O)NC(CC(=O)O)C(=O)NC(CC(=O)N)C(=O)NC(CCC(=O)N)C(=O)O)NC(=O)C(CCCN=C(N)N)NC(=O)C(CCCN=C(N)N)NC(=O)C(CC(C)C)NC(=O)C(CC4=CC=CC=C4)NC(=O)CNC(=O)CNC(=O)C(CC5=CC=C(C=C5)O)N,-1.2743887955503792,CCC(C)C(NC(=O)C(CCCN=C(N)N)NC(=O)C(CCCN=C(N)N)NC(=O)C(CC(C)C)NC(=O)C(Cc1ccccc1)NC(=O)CNC(=O)CNC(=O)C(N)Cc1ccc(O)cc1)C(=O)NC(CCCN=C(N)N)C(=O)N1CCCC1C(=O)NC(CCCCN)C(=O)NC(CC(C)C)C(=O)NC(CCCCN)C(=O)NC(Cc1c[nH]c2ccccc12)C(=O)NC(CC(=O)O)C(=O)NC(CC(N)=O)C(=O)NC(CCC(N)=O)C(=O)O
CC1=CC(=CC(=C1CC(C(=O)N2CCCC2C(=O)NC(CC3=CC=CC=C3)C(=O)NC(CC4=CC5=CC=CC=C5C=C4)C(=O)N)N)C)O,-1.1972805581256194,Cc1cc(O)cc(C)c1CC(N)C(=O)N1CCCC1C(=O)NC(Cc1ccccc1)C(=O)NC(Cc1ccc2ccccc2c1)C(N)=O
CN(C(CN1CCC(C1)O)C2=CC=CC=C2)C(=O)C(C3=CC=CC=C3)C4=CC=CC=C4,-3.903089986991944,CN(C(=O)C(c1ccccc1)c1ccccc1)C(CN1CCC(O)C1)c1ccccc1
CN1CCC23C4C(=O)CCC2(C1CC5=C3C(=C(C=C5)OC)O4)NC(=O)C=CC6=CC=CC=C6Cl,-0.3424226808222063,COc1ccc2c3c1OC1C(=O)CCC4(NC(=O)C=Cc5ccccc5Cl)C(C2)N(C)CCC314
C1CC(N(C1)C(=O)C(CC2=CC=C(C=C2)O)N)C(=O)NC(CC3=CNC4=CC=CC=C43)C(=O)NC(CC5=CC=CC=C5)C(=O)N,-2.9694159123539814,NC(=O)C(Cc1ccccc1)NC(=O)C(Cc1c[nH]c2ccccc12)NC(=O)C1CCCN1C(=O)C(N)Cc1ccc(O)cc1
CC(C)CC(C(=O)O)NC(=O)C(CC1=CC=CC=C1)NC(=O)C(C)(C)NC(=O)C(C)(C)NC(=O)C(CC2=CC=C(C=C2)O)N(CC=C)CC=C,-2.0644579892269186,C=CCN(CC=C)C(Cc1ccc(O)cc1)C(=O)NC(C)(C)C(=O)NC(C)(C)C(=O)NC(Cc1ccccc1)C(=O)NC(CC(C)C)C(=O)O
CC(C)CC(C(=O)NC(CC1=CNC2=CC=CC=C21)C(=O)OCC3=CC(=CC(=C3)C(F)(F)F)C(F)(F)F)NC(=O)C4CCCN4C(=O)CNC(=O)C(CC5=CC=CC=C5)NC(=O)CNC(=O)C(C)NC(=O)C(CC6=CC=C(C=C6)O)N,-1.6989700043360187,CC(C)CC(NC(=O)C1CCCN1C(=O)CNC(=O)C(Cc1ccccc1)NC(=O)CNC(=O)C(C)NC(=O)C(N)Cc1ccc(O)cc1)C(=O)NC(Cc1c[nH]c2ccccc12)C(=O)OCc1cc(C(F)(F)F)cc(C(F)(F)F)c1
CC1CN(CCC1(C)C2=CC(=CC=C2)O)CC(C(C)C)NC(=O)C3CC4=C(CS3)C=C(C=C4)O,-2.57978359661681,CC(C)C(CN1CCC(C)(c2cccc(O)c2)C(C)C1)NC(=O)C1Cc2ccc(O)cc2CS1
C1CN(CCC1(C2=CC=CC=C2)C3=NC=CN3CC4=CC=CC=C4)C5=NC6=CC=CC=C6S5,-1.414973347970818,c1ccc(Cn2ccnc2C2(c3ccccc3)CCN(c3nc4ccccc4s3)CC2)cc1
CN1CCC23C4C5=C(CC2(C1CC6=C3C(=C(C=C6)O)O4)NCCCC7=CC=CC=C7)C8=CC=CC=C8N5,0.060480747381381476,CN1CCC23c4c5ccc(O)c4OC2c2[nH]c4ccccc4c2CC3(NCCCc2ccccc2)C1C5
CC1=C(C(=NO1)C)COCC2CC34CCC2(C5C36CCN(C4CC7=C6C(=C(C=C7)OC)O5)CC8CC8)OC,-2.3603282880720524,COc1ccc2c3c1OC1C4(OC)CCC5(CC4COCc4c(C)noc4C)C(C2)N(CC2CC2)CCC315
CCN(CC)C(=O)C1=CC=C(C=C1)C(C2=CC=CC=C2)N3CCNCC3,-1.5652573434202135,CCN(CC)C(=O)c1ccc(C(c2ccccc2)N2CCNCC2)cc1
CC1(CC2=C(C(C3=C(O2)CC(CC3=O)(C)C)C4=CC=C(C=C4)OCC5=CC=CC=C5Cl)C(=O)C1)C,-2.4771212547196626,CC1(C)CC(=O)C2=C(C1)OC1=C(C(=O)CC(C)(C)C1)C2c1ccc(OCc2ccccc2Cl)cc1
CCN(CC)C(=O)C1=CC=C(C=C1)N(C2CCN(CC2)CC3=CC=CC=C3)C4=CC=CC(=C4)C=O,-1.230448921378274,CCN(CC)C(=O)c1ccc(N(c2cccc(C=O)c2)C2CCN(Cc3ccccc3)CC2)cc1
C1CN(CCC1(C2=CC=CC=C2)C(=O)NC3=NC4=CC=CC=C4C=C3)C5=NC=CC(=C5)N,-0.6989700043360189,Nc1ccnc(N2CCC(C(=O)Nc3ccc4ccccc4n3)(c3ccccc3)CC2)c1
CN1CCC23C4C5=C(CCC(=O)N5CC6=CC=CC=C6)CC2(C1CC7=C3C(=C(C=C7)O)O4)O,-0.4771212547196624,CN1CCC23c4c5ccc(O)c4OC2C2=C(CCC(=O)N2Cc2ccccc2)CC3(O)C1C5
CC(C)CC(C(=O)NC(CC1=CNC2=CC=CC=C21)C(=O)NCC3=CC(=CC(=C3)C(F)(F)F)C(F)(F)F)NC(=O)C4CCCN4C(=O)C(COC5C(C(C(C(O5)CO)O)O)O)NC(=O)C(CC6=CC=CC=C6)NC(=O)CNC(=O)C(C)NC(=O)C(CC7=CC=C(C=C7)O)N,-1.7100326990657535,CC(C)CC(NC(=O)C1CCCN1C(=O)C(COC1OC(CO)C(O)C(O)C1O)NC(=O)C(Cc1ccccc1)NC(=O)CNC(=O)C(C)NC(=O)C(N)Cc1ccc(O)cc1)C(=O)NC(Cc1c[nH]c2ccccc12)C(=O)NCc1cc(C(F)(F)F)cc(C(F)(F)F)c1
CC1=NSC(=N1)SCC2CC34CCC2(C5C36CCN(C4CC7=C6C(=C(C=C7)OC)O5)CC8CC8)OC,-2.806322453486497,COc1ccc2c3c1OC1C4(OC)CCC5(CC4CSc4nc(C)ns4)C(C2)N(CC2CC2)CCC315
CC1(CCCCCCC1)N2CCC(CC2)N3C4=CC=CC=C4N=C3C5CCCNC5,-2.7109631189952763,CC1(N2CCC(n3c(C4CCCNC4)nc4ccccc43)CC2)CCCCCCC1
CCOC(C)C1CC23C=CC1(C4C25CCN(C3CC6=C5C(=C(C=C6)O)O4)C)OC,-1.3765769570565118,CCOC(C)C1CC23C=CC1(OC)C1Oc4c(O)ccc5c4C12CCN(C)C3C5
CCCCC(C(=O)N1CCCC1C(=O)NC(CC(C)C)C(=O)NC(COC2C(C(C(C(O2)CC)O)O)O)C(=O)NC(CC3=CNC4=CC=CC=C43)C(=O)NCC5=CC(=CC(=C5)C(F)(F)F)C(F)(F)F)NC(=O)C(CC6=CC=CC=C6)NC(=O)CNC(=O)C(C)NC(=O)C(CC7=CC=C(C=C7)O)N,-1.4471580313422192,CCCCC(NC(=O)C(Cc1ccccc1)NC(=O)CNC(=O)C(C)NC(=O)C(N)Cc1ccc(O)cc1)C(=O)N1CCCC1C(=O)NC(CC(C)C)C(=O)NC(COC1OC(CC)C(O)C(O)C1O)C(=O)NC(Cc1c[nH]c2ccccc12)C(=O)NCc1cc(C(F)(F)F)cc(C(F)(F)F)c1
C1CC1CN2CCC34CC5=NC6=CC=CC=C6C=C5CC3C2CC7=C4C(=CC=C7)O,0.7212463990471709,Oc1cccc2c1C13CCN(CC4CC4)C(C2)C1Cc1cc2ccccc2nc1C3
CC1C2CCC(CN2CCC1(C)C3=CC(=CC=C3)O)C4=CC=CC=C4,-1.740362689494244,CC1C2CCC(c3ccccc3)CN2CCC1(C)c1cccc(O)c1
CC(C(=O)NCC(=O)N(C)C(CC1=CC=CC=C1)C(=O)NCCO)NC(=O)C(CC2=CC=C(C=C2)O)N,-0.8388490907372553,CC(NC(=O)C(N)Cc1ccc(O)cc1)C(=O)NCC(=O)N(C)C(Cc1ccccc1)C(=O)NCCO
CCCCC(C(=O)NC(CC(=O)O)C(=O)NC(CC1=CC=CC=C1)C(=O)NNC(=O)C(CC2=CC=CC=C2)NC(=O)CNC(=O)C(C)NC(=O)C(CC3=CC=C(C=C3)O)N)NC(=O)C(CC4=CC5=CC=CC=C5N4)NC(=O)OC(C)(C)C,-0.9242792860618816,CCCCC(NC(=O)C(Cc1cc2ccccc2[nH]1)NC(=O)OC(C)(C)C)C(=O)NC(CC(=O)O)C(=O)NC(Cc1ccccc1)C(=O)NNC(=O)C(Cc1ccccc1)NC(=O)CNC(=O)C(C)NC(=O)C(N)Cc1ccc(O)cc1
COC1=C2C3=C(CC4C56C3(CCN4CC7CC7)C(O2)C(CC5)(C(C6)COCC8=CC(=CC=C8)NCC(=O)O)OC)C=C1,-1.6596310116070006,COc1ccc2c3c1OC1C4(OC)CCC5(CC4COCc4cccc(NCC(=O)O)c4)C(C2)N(CC2CC2)CCC315
CCN(CC)C(=O)C1=CC=C(C=C1)N(C2CCN(CC2)CCC3=CC=C(C=C3)C)C4=CC(=CC=C4)O,-0.04921802267018165,CCN(CC)C(=O)c1ccc(N(c2cccc(O)c2)C2CCN(CCc3ccc(C)cc3)CC2)cc1
CCN(CC)C(=O)C1=CC=C(C=C1)C(C2=CC=C(C=C2)OC)N3CCNCC3,-2.271841606536499,CCN(CC)C(=O)c1ccc(C(c2ccc(OC)cc2)N2CCNCC2)cc1
CCCCC(C(=O)NC(CC1=CN(C2=CC=CC=C21)C(=O)OC(C)(C)C)C(=O)O)N(C)C(=O)C(CC(=O)O)NC(=O)C(CC3=CC=CC=C3)NNC(CC4=CC=CC=C4)C(=O)NCC(=O)NC(C)C(=O)NC(CC5=CC=C(C=C5)O)C(=O)O,-1.4000196350651586,CCCCC(C(=O)NC(Cc1cn(C(=O)OC(C)(C)C)c2ccccc12)C(=O)O)N(C)C(=O)C(CC(=O)O)NC(=O)C(Cc1ccccc1)NNC(Cc1ccccc1)C(=O)NCC(=O)NC(C)C(=O)NC(Cc1ccc(O)cc1)C(=O)O
CCC(C1CC23C=CC1(C4C25CCN(C3CC6=C5C(=C(C=C6)O)O4)CC7CC7)OC)(C8=CC=CC=C8)O,-1.0043213737826426,CCC(O)(c1ccccc1)C1CC23C=CC1(OC)C1Oc4c(O)ccc5c4C12CCN(CC1CC1)C3C5
CCN(CC)C(=O)C1=CC=C(C=C1)C(C2=CC(=CC=C2)OC)N3CC(N(CC3C)CC=C)C,-1.0310042813635367,C=CCN1CC(C)N(C(c2ccc(C(=O)N(CC)CC)cc2)c2cccc(OC)c2)CC1C
CC1CN(CCC1(C)C2=CC(=CC=C2)O)CC(C(C)C)NC(=O)C3CC4=C(CS3)C=C(C=C4)O.Cl,-2.57978359661681,CC(C)C(CN1CCC(C)(c2cccc(O)c2)C(C)C1)NC(=O)C1Cc2ccc(O)cc2CS1.Cl
C1CCN(C1)CCN2C3=CC=CC=C3N=C2NC(=O)C4=CC5=CC=CC=C5S4,-3.716003343634799,O=C(Nc1nc2ccccc2n1CCN1CCCC1)c1cc2ccccc2s1
CC(C)N(C(C)C)C(=O)C1=CC=C(C=C1)C2=CC3(CCNCC3)OC4=CC=CC=C42,-1.6720978579357175,CC(C)N(C(=O)c1ccc(C2=CC3(CCNCC3)Oc3ccccc32)cc1)C(C)C
CCN(CC)C(=O)C1=CC=C(C=C1)C(C2=CC=C(C=C2)C)N3CCNCC3,-1.8923729073984363,CCN(CC)C(=O)c1ccc(C(c2ccc(C)cc2)N2CCNCC2)cc1
COC1=C2C3=C(CC4C56C3(CCN4CC7CC7)C(O2)C(CC5)(C(C6)COCC8=CC=C(C=C8)C(CO)O)OC)C=C1,-2.2167726984290392,COc1ccc2c3c1OC1C4(OC)CCC5(CC4COCc4ccc(C(O)CO)cc4)C(C2)N(CC2CC2)CCC315
CCN(CC)C(=O)C1=CN=C(C=C1)C2=CC3(CCNCC3)OC4=CC=CC=C42,-2.431363764158988,CCN(CC)C(=O)c1ccc(C2=CC3(CCNCC3)Oc3ccccc32)nc1
CCN(CC)C(=O)C1=CC=C(C=C1)C(=C2CCN(CC2)CC=C)C3=CC=CC=C3,-1.449478399187365,C=CCN1CCC(=C(c2ccccc2)c2ccc(C(=O)N(CC)CC)cc2)CC1
CCCCC(C(=O)NC(CC1=CC2=CC=CC=C2N1)C(=O)NNC(=O)C(CC3=CC=CC=C3)NC(=O)CNC(=O)C(C)NC(=O)C(CC4=CC=C(C=C4)O)N)NC(=O)C(CC(=O)O)NC(=O)C(CC5=CC=CC=C5)N,-1.2787536009528289,CCCCC(NC(=O)C(CC(=O)O)NC(=O)C(N)Cc1ccccc1)C(=O)NC(Cc1cc2ccccc2[nH]1)C(=O)NNC(=O)C(Cc1ccccc1)NC(=O)CNC(=O)C(C)NC(=O)C(N)Cc1ccc(O)cc1
CCN(CC)C(=O)C1C2=CC=CC=C2C3(O1)CCN(CC3)C4=NC=CC(=C4)N,-1.0791812460476249,CCN(CC)C(=O)C1OC2(CCN(c3cc(N)ccn3)CC2)c2ccccc21
CC1=CC=C(C=C1)C(=O)NC2=NC3=CC=CC=C3N2CCN4CCCC4,-3.89209460269048,Cc1ccc(C(=O)Nc2nc3ccccc3n2CCN2CCCC2)cc1
CCCCC(C(=O)NC(CC(=O)O)C(=O)NC(CC1=CC=CC=C1)C(=O)N)N(C)C(=O)C(CC2=CNC3=CC=CC=C32)NC(=O)CNC(=O)C4CCCN4C(=O)C(CC5=CC=C(C=C5)O)N,-2.949390006644913,CCCCC(C(=O)NC(CC(=O)O)C(=O)NC(Cc1ccccc1)C(N)=O)N(C)C(=O)C(Cc1c[nH]c2ccccc12)NC(=O)CNC(=O)C1CCCN1C(=O)C(N)Cc1ccc(O)cc1
CCN1CCC2=C(C1=O)C=CC(=C2)C3=CC4(CCNCC4)OC5=CC=CC=C53,-2.2787536009528293,CCN1CCc2cc(C3=CC4(CCNCC4)Oc4ccccc43)ccc2C1=O
CC1CN(C2CC(CC1(C2)C3=CC(=CC=C3)O)NC)CCCC4=CC=CC=C4.Cl.Cl,-1.1702617153949575,CNC1CC2CC(c3cccc(O)c3)(C1)C(C)CN2CCCc1ccccc1.Cl.Cl
C1CCC(CC1)CN2C3=C(CCCC3)C4=C2C5C67CCN(C(C6(C4)O)CC8=C7C(=C(C=C8)O)O5)CC9CC9,-1.833147111912785,Oc1ccc2c3c1OC1c4c(c5c(n4CC4CCCCC4)CCCC5)CC4(O)C(C2)N(CC2CC2)CCC314
C1CC1CN2CCC34C5C(CCC3(C2CC6=C4C(=C(C=C6)O)O5)O)NC(=O)C7=CC=C(C=C7)Br,-1.5198279937757189,O=C(NC1CCC2(O)C3Cc4ccc(O)c5c4C2(CCN3CC2CC2)C1O5)c1ccc(Br)cc1
CCN(CC)C(=O)C1=CC=C(C=C1)N(C2CCN(CC2)CC(C)C3=CC=CC=C3)C4=CC(=CC=C4)O,-0.5792117802314991,CCN(CC)C(=O)c1ccc(N(c2cccc(O)c2)C2CCN(CC(C)c3ccccc3)CC2)cc1
CC(C)CC(C(=O)NC(CCCN=C(N)N)C(=O)NC(CCC(=O)NCCCCCC(=O)N(C1CCN(CC1)CCC2=CC=CC=C2)C3=CC=CC=C3)C(=O)NC(CC4=C(C(=C(C(=C4F)F)F)F)F)C(=O)N)NC(=O)C(CC5=CC=CC=C5)NC(=O)CNC(=O)C(C)NC(=O)C(CC6=CC=C(C=C6)O)N,-0.4471580313422192,CC(C)CC(NC(=O)C(Cc1ccccc1)NC(=O)CNC(=O)C(C)NC(=O)C(N)Cc1ccc(O)cc1)C(=O)NC(CCCN=C(N)N)C(=O)NC(CCC(=O)NCCCCCC(=O)N(c1ccccc1)C1CCN(CCc2ccccc2)CC1)C(=O)NC(Cc1c(F)c(F)c(F)c(F)c1F)C(N)=O
CC1=CC(=NC(=N1)NC2=NCN(CN2CC3=CC=C(C=C3)OC)CC4=CC=C(C=C4)OC)C,-3.597804842404293,COc1ccc(CN2CN=C(Nc3nc(C)cc(C)n3)N(Cc3ccc(OC)cc3)C2)cc1
CC1=CC(=CC(=C1CC(C(=O)N2CC3=CC=CC=C3CC2CNC(=O)NC(C)(C)C)N)C)O,0.1870866433571444,Cc1cc(O)cc(C)c1CC(N)C(=O)N1Cc2ccccc2CC1CNC(=O)NC(C)(C)C
COC1=CC2=C(CC3C4C2(CCN3CC5CCC5)CC6=C(C4)C7=CC=CC=C7N6)C=C1,-1.3617278360175928,COc1ccc2c(c1)C13CCN(CC4CCC4)C(C2)C1Cc1c([nH]c2ccccc12)C3
CS(=O)(=O)C1=CNC(=C1)C(=O)NC2=NC3=C(N2CCN4CCCC4)N=CC=C3,-3.060697840353612,CS(=O)(=O)c1c[nH]c(C(=O)Nc2nc3cccnc3n2CCN2CCCC2)c1
CC(C(=O)NCC(=O)NC(CC1=CC=CC=C1)C(=O)N2CCCC2C(=O)NC(CC3=CNC4=CC=CC=C43)C(=O)OCC5=CC(=CC(=C5)C(F)(F)F)C(F)(F)F)NC(=O)C(CC6=CC=C(C=C6)O)N,-1.880813592280792,CC(NC(=O)C(N)Cc1ccc(O)cc1)C(=O)NCC(=O)NC(Cc1ccccc1)C(=O)N1CCCC1C(=O)NC(Cc1c[nH]c2ccccc12)C(=O)OCc1cc(C(F)(F)F)cc(C(F)(F)F)c1
CCOC(=O)N1CCN(CC1)C(=O)C2(CCN(CC2)C3=NC=CC(=C3)N)C4=CC=CC=C4,-1.3802112417116061,CCOC(=O)N1CCN(C(=O)C2(c3ccccc3)CCN(c3cc(N)ccn3)CC2)CC1
C1CC1CN2CCC34C5C(CCC3(C2CC6=C4C(=C(C=C6)O)O5)O)NC(=O)C7=CC=C(C=C7)I,-0.7075701760979364,O=C(NC1CCC2(O)C3Cc4ccc(O)c5c4C2(CCN3CC2CC2)C1O5)c1ccc(I)cc1
CC(=C1CC23CC4=C(C1C25CCN(C3CC6=C5C(=C(C=C6)OC)O)C)NC7=CC=CC=C47)C8=CC=CC=C8,-2.5658478186735176,COc1ccc2c(c1O)C13CCN(C)C(C2)C12CC(=C(C)c1ccccc1)C3c1[nH]c3ccccc3c1C2
CC1=CC(=CC(=C1CC(C(=O)N(C)C(C)C(=O)NC2CC3=CC=CC=C3CN(C2=O)CC(=O)N)N)C)O,1.7958800173440752,Cc1cc(O)cc(C)c1CC(N)C(=O)N(C)C(C)C(=O)NC1Cc2ccccc2CN(CC(N)=O)C1=O
CCN(CC)C(=O)C1=CC=C(C=C1)C(=C2CCN(CC2)CC3CC3)C4=CC=CC=C4,-1.6247975789607612,CCN(CC)C(=O)c1ccc(C(=C2CCN(CC3CC3)CC2)c2ccccc2)cc1
CCOC(=O)C1(CCN(CC1)CC2=CC=C(C=C2)NC(=O)C)CCC3=CC=CC=C3,-3.653405490664501,CCOC(=O)C1(CCc2ccccc2)CCN(Cc2ccc(NC(C)=O)cc2)CC1
CCCCC(C(=O)N1CCCC1C(=O)NC(CC(C)C)C(=O)NC(CC2=CNC3=CC=CC=C32)C(=O)NCC4=CC(=CC(=C4)C(F)(F)F)C(F)(F)F)NC(=O)C(CC5=CC=CC=C5)NC(=O)CNC(=O)C(C)NC(=O)C(CC6=C(C=C(C=C6C)O)C)N,1.0,CCCCC(NC(=O)C(Cc1ccccc1)NC(=O)CNC(=O)C(C)NC(=O)C(N)Cc1c(C)cc(O)cc1C)C(=O)N1CCCC1C(=O)NC(CC(C)C)C(=O)NC(Cc1c[nH]c2ccccc12)C(=O)NCc1cc(C(F)(F)F)cc(C(F)(F)F)c1
CC1=CC(=CC(=C1CC(C(=O)N2CCCCC2C3=NC=C(N3)C4=CC=CC=C4)N)C)C(=O)N,-2.130333768495006,Cc1cc(C(N)=O)cc(C)c1CC(N)C(=O)N1CCCCC1c1ncc(-c2ccccc2)[nH]1
CC1(C(C(=O)NCC(=O)NC(C(=O)NC(C(SS1)(C)C)C(=O)O)CC2=CC=CC=C2)NC(=O)C(CC3=CC=C(C=C3)C(=O)N)N)C,-2.505149978319906,CC1(C)SSC(C)(C)C(NC(=O)C(N)Cc2ccc(C(N)=O)cc2)C(=O)NCC(=O)NC(Cc2ccccc2)C(=O)NC1C(=O)O
CN1CCC23C4C5C(=O)N(C46CCC2(C1CC7=C3C(=C(C=C7)O)OCO6)O5)CC8=CC=CC=C8,-1.8808135922807916,CN1CCC23c4c5ccc(O)c4OCOC46CCC2(OC(C(=O)N4Cc2ccccc2)C63)C1C5
CCN(CC)C(=O)C1=CC(=C(C=C1)C2=CC3(CCNCC3)OC4=CC=CC=C42)O,-1.9731278535996983,CCN(CC)C(=O)c1ccc(C2=CC3(CCNCC3)Oc3ccccc32)c(O)c1
C1CCNC(=O)CC(NC(=O)C(NC(=O)C(NC(=O)C(C1)NC(=O)C(CC2=CC=C(C=C2)O)N)CC3=CC=C(C=C3)F)CC4=CC=CC=C4)C(=O)N,-2.6599589621914124,NC(=O)C1CC(=O)NCCCCC(NC(=O)C(N)Cc2ccc(O)cc2)C(=O)NC(Cc2ccc(F)cc2)C(=O)NC(Cc2ccccc2)C(=O)N1
CCN(CC)C(=O)C1=CC=C(C=C1)C(=C2CC3CCC(C2)N3C)C4=CC=C(C=C4)O,-0.9542425094393248,CCN(CC)C(=O)c1ccc(C(=C2CC3CCC(C2)N3C)c2ccc(O)cc2)cc1
CCN(CC)C(=O)C1=CC=C(C=C1)N(C2CCNCC2)C3=CC=CC=C3,-2.660865478003869,CCN(CC)C(=O)c1ccc(N(c2ccccc2)C2CCNCC2)cc1
CCN(CC)C(=O)C1=CC=C(C=C1)N(C2CCN(CC2)CC3=CC=CC=C3)C4=CC=CC(=C4)C(=O)NC,-2.1789769472931693,CCN(CC)C(=O)c1ccc(N(c2cccc(C(=O)NC)c2)C2CCN(Cc3ccccc3)CC2)cc1
CC(C)CC(C(=O)NCC(=O)N(C1CCN(CC1)CCC2=CC=CC=C2)C3=CC=CC=C3)NC(=O)C(CC4=CC=CC=C4)NC(=O)CNC(=O)CNC(=O)C(CC5=CC=C(C=C5)O)N,-1.568201724066995,CC(C)CC(NC(=O)C(Cc1ccccc1)NC(=O)CNC(=O)CNC(=O)C(N)Cc1ccc(O)cc1)C(=O)NCC(=O)N(c1ccccc1)C1CCN(CCc2ccccc2)CC1
C1CN(CC1O)CCN2C3=CC=CC=C3N=C2NC(=O)C4=CC=C(C=C4)Cl,-3.2671717284030137,O=C(Nc1nc2ccccc2n1CCN1CCC(O)C1)c1ccc(Cl)cc1
CC1(CCCCCCC1)N2CCC(CC2)N3C4=CC=CC=C4N=C3C5CCCNC5,-3.671728088239558,CC1(N2CCC(n3c(C4CCCNC4)nc4ccccc43)CC2)CCCCCCC1
C1CC1CN2CCC34C5C6=C(CC3(C2CC7=C4C(=C(C=C7)O)O5)O)C8=CC=CC=C8N6,0.958607314841775,Oc1ccc2c3c1OC1c4[nH]c5ccccc5c4CC4(O)C(C2)N(CC2CC2)CCC314
CSCCC(C(=O)O)NC(=O)C(CC1=CC=CC=C1)NC(=O)CNC(=O)CNC(=O)C(CC2=CC=C(C=C2)O)N,-0.012837224705172215,CSCCC(NC(=O)C(Cc1ccccc1)NC(=O)CNC(=O)CNC(=O)C(N)Cc1ccc(O)cc1)C(=O)O
COCCN(CCOC)C(=O)C1=CC=C(C=C1)C(=C2CC3CCC(C2)N3CCC4=CC=CC=C4)C5=CC=CC=C5,-2.6053050461411096,COCCN(CCOC)C(=O)c1ccc(C(=C2CC3CCC(C2)N3CCc2ccccc2)c2ccccc2)cc1
CN1CCC23C4C5=C(CC2(C1CC6=C3C(=C(C=C6)O)O4)NCCC7=CC=CC=C7)C8=CC=CC=C8N5,0.022276394711152253,CN1CCC23c4c5ccc(O)c4OC2c2[nH]c4ccccc4c2CC3(NCCc2ccccc2)C1C5
CC1CN(C2CC(CC1(C2)C3=CC(=CC=C3)O)N)CCCC4=CC=CC=C4,-3.8750612633917005,CC1CN(CCCc2ccccc2)C2CC(N)CC1(c1cccc(O)c1)C2
CC(C(=O)NCC(=O)NC(CC1=CC=CC=C1)C(=O)NCCC(=O)N(C2CCN(CC2)CCC3=CC=CC=C3)C4=CC=CC=C4)NC(=O)C(CC5=CC=C(C=C5)O)N,-1.7781512503836436,CC(NC(=O)C(N)Cc1ccc(O)cc1)C(=O)NCC(=O)NC(Cc1ccccc1)C(=O)NCCC(=O)N(c1ccccc1)C1CCN(CCc2ccccc2)CC1
COC1=CC=CC=C1NC(=O)N2CCC(CC2)(C3=CC=CC=C3)C4=NC=CN4CC5=CC=CC=C5,-2.0681858617461617,COc1ccccc1NC(=O)N1CCC(c2ccccc2)(c2nccn2Cc2ccccc2)CC1
C1CCC(CC1)C(=O)N(C2CCN(CC2)C3=NC=CC(=C3)N)C4=CC=CC=N4,-1.4771212547196624,Nc1ccnc(N2CCC(N(C(=O)C3CCCCC3)c3ccccn3)CC2)c1
CN1CCC23C4C5(CCC2(C1CC6=C3C(=C(C=C6)C=C)O4)CC5COCC7=CC=CC=C7)OC,-2.275725867573664,C=Cc1ccc2c3c1OC1C4(OC)CCC5(CC4COCc4ccccc4)C(C2)N(C)CCC315
CC1=CC(=CC(=C1CC(C(=O)N2CCC(C2)C(=O)NC(CC3=CNC4=CC=CC=C43)C(=O)NC(C5=CC=CC=C5)C(=C)C(=O)N)N)C)O,-1.6807886115066824,C=C(C(N)=O)C(NC(=O)C(Cc1c[nH]c2ccccc12)NC(=O)C1CCN(C(=O)C(N)Cc2c(C)cc(O)cc2C)C1)c1ccccc1
CCCCC(C(=O)N1CCCC1C(=O)NC(CC(C)C)C(=O)NC(CC2=CNC3=CC=CC=C32)C(=O)OCC4=CC(=CC(=C4)C(F)(F)F)C(F)(F)F)N(C)C(=O)C(CC5=CC=CC=C5)NC(=O)CNC(=O)C(C)NC(=O)C(CC6=CC=C(C=C6)O)N,-2.5563025007672877,CCCCC(C(=O)N1CCCC1C(=O)NC(CC(C)C)C(=O)NC(Cc1c[nH]c2ccccc12)C(=O)OCc1cc(C(F)(F)F)cc(C(F)(F)F)c1)N(C)C(=O)C(Cc1ccccc1)NC(=O)CNC(=O)C(C)NC(=O)C(N)Cc1ccc(O)cc1
CCCCC(C(=O)NC(CC(=O)O)C(=O)NC(CC1=CC=CC=C1)C(=O)N)NC(=O)C(CC2=CNC3=CC=CC=C32)NC(=O)CNC(=O)C(CC4=CC=CC=C4)NC(=O)C(CC5=CC=C(C=C5)O)N,0.045757490560675115,CCCCC(NC(=O)C(Cc1c[nH]c2ccccc12)NC(=O)CNC(=O)C(Cc1ccccc1)NC(=O)C(N)Cc1ccc(O)cc1)C(=O)NC(CC(=O)O)C(=O)NC(Cc1ccccc1)C(N)=O
CCCCC(C(=O)NC(CC1=CC2=CC=CC=C2N1)C(=O)NNC(=O)C(CC3=CC=CC=C3)NC(=O)CNC(=O)C(C)NC(=O)C(CC4=CC=C(C=C4)O)N)NC(=O)C(CC(=O)O)NC(=O)C(CC5=CC=CC=C5)NC(=O)OC(C)(C)C,-0.7708520116421442,CCCCC(NC(=O)C(CC(=O)O)NC(=O)C(Cc1ccccc1)NC(=O)OC(C)(C)C)C(=O)NC(Cc1cc2ccccc2[nH]1)C(=O)NNC(=O)C(Cc1ccccc1)NC(=O)CNC(=O)C(C)NC(=O)C(N)Cc1ccc(O)cc1
COC1=CC=CC(=C1)NC(=O)N2CCC(CC2)(C3=CC=CC=C3)C4=NC=CN4CC5=CC=CC=C5,-2.639486489268586,COc1cccc(NC(=O)N2CCC(c3ccccc3)(c3nccn3Cc3ccccc3)CC2)c1
CC(C(=O)NC(CC1=CNC2=CC=CC=C21)C(=O)OCC3=CC(=CC(=C3)C(F)(F)F)C(F)(F)F)NC(=O)C(CC4=CC=C(C=C4)O)N,-1.9590413923210936,CC(NC(=O)C(N)Cc1ccc(O)cc1)C(=O)NC(Cc1c[nH]c2ccccc12)C(=O)OCc1cc(C(F)(F)F)cc(C(F)(F)F)c1
CC1=CC=C(C=C1)C(=O)NC2CCC3(C4CC5=C6C3(C2OC6=C(C=C5)O)CCN4CC7CC7)O.C(=O)(C(=O)O)O,0.8538719643217619,Cc1ccc(C(=O)NC2CCC3(O)C4Cc5ccc(O)c6c5C3(CCN4CC3CC3)C2O6)cc1.O=C(O)C(=O)O
CC(C)CNC(=O)C1=CC=C(C=C1)C2=CC3(CCNCC3)OC4=CC=CC=C42,-2.6532125137753435,CC(C)CNC(=O)c1ccc(C2=CC3(CCNCC3)Oc3ccccc32)cc1
CC1=CC(=CC(=C1CC(C(=O)NC(C)C(=O)NC(CC2=CNC3=CC=CC=C32)C(=O)NCC4=CC(=CC(=C4)C(F)(F)F)C(F)(F)F)N)C)O,-1.380211241711606,Cc1cc(O)cc(C)c1CC(N)C(=O)NC(C)C(=O)NC(Cc1c[nH]c2ccccc12)C(=O)NCc1cc(C(F)(F)F)cc(C(F)(F)F)c1
CN1CCC23C4C5(CCC2(C1CC6=C3C(=C(C=C6)C=C)O4)CC5COCC7=CC=CC=C7)OC,-2.275725867573664,C=Cc1ccc2c3c1OC1C4(OC)CCC5(CC4COCc4ccccc4)C(C2)N(C)CCC315
CCN(CC)C(=O)C1=CC=C(C=C1)C(=C2CCN(CC2)C)C3=CC=CC=C3,-2.206825876031849,CCN(CC)C(=O)c1ccc(C(=C2CCN(C)CC2)c2ccccc2)cc1
CC(C)CC(C(=O)NC(CC1=CNC2=CC=CC=C21)C(=O)OCC3=CC(=CC(=C3)C(F)(F)F)C(F)(F)F)NC(=O)C(C)(C)NC(=O)C(CCSC)NC(=O)C(CC4=CC=CC=C4)NC(=O)CNC(=O)C(C)NC(=O)C(CC5=CC=C(C=C5)O)N,-0.7403626894942439,CSCCC(NC(=O)C(Cc1ccccc1)NC(=O)CNC(=O)C(C)NC(=O)C(N)Cc1ccc(O)cc1)C(=O)NC(C)(C)C(=O)NC(CC(C)C)C(=O)NC(Cc1c[nH]c2ccccc12)C(=O)OCc1cc(C(F)(F)F)cc(C(F)(F)F)c1
CCN(CC)C(=O)C1=CC=C(C=C1)N(C2CCN(CC2)CCC3=NC=CN3)C4=CC(=CC=C4)O,-0.07371835034612269,CCN(CC)C(=O)c1ccc(N(c2cccc(O)c2)C2CCN(CCc3ncc[nH]3)CC2)cc1
C1CC1CN2CCC34C5C(CCC3(C2CC6=C4C(=C(C=C6)O)O5)O)NC(=O)C7=CC=C(C=C7)Cl.C(=O)(C(=O)O)O,-1.6232492903979006,O=C(NC1CCC2(O)C3Cc4ccc(O)c5c4C2(CCN3CC2CC2)C1O5)c1ccc(Cl)cc1.O=C(O)C(=O)O
CC1=CC(=CC(=C1CC(C(=O)N2CCCC2C(=O)NC(CC3=CNC4=CC=CC=C43)C(=O)NC(C5=CC=CC=C5)C(=C)C(=O)O)N)C)O,-1.7143297597452332,C=C(C(=O)O)C(NC(=O)C(Cc1c[nH]c2ccccc12)NC(=O)C1CCCN1C(=O)C(N)Cc1c(C)cc(O)cc1C)c1ccccc1
C1CC1CN2CCC34C5C6C(=O)N(C57CCC3(C2CC8=C4C(=C(C=C8)O)OCO7)O6)C9=CC=CC=C9,0.16430942850757438,O=C1C2OC34CCC5(OCOc6c(O)ccc7c6C3(CCN(CC3CC3)C4C7)C25)N1c1ccccc1
COC1=C2C3=C(CC4C56C3(CCN4CC7CC7)C(O2)C(CC5)(C(C6)CSC8=NC9=CC=CC=C9S8)OC)C=C1,-2.3251666097929617,COc1ccc2c3c1OC1C4(OC)CCC5(CC4CSc4nc6ccccc6s4)C(C2)N(CC2CC2)CCC315
CCCCC(C(=O)NC(CC1=CN(C2=CC=CC=C21)C(=O)C)C(=O)O)N(C(=O)C(CC(=O)O)NC(=O)C(CC3=CC=CC=C3)N(C)NC(CC4=CC=CC=C4)C(=O)NCC(=O)NC(C)C(=O)NC(CC5=CC=C(C=C5)O)C(=O)O)C(=O)NC6=CC=CC=C6Cl,-0.11394335230683678,CCCCC(C(=O)NC(Cc1cn(C(C)=O)c2ccccc12)C(=O)O)N(C(=O)Nc1ccccc1Cl)C(=O)C(CC(=O)O)NC(=O)C(Cc1ccccc1)N(C)NC(Cc1ccccc1)C(=O)NCC(=O)NC(C)C(=O)NC(Cc1ccc(O)cc1)C(=O)O
CC1C2CC3=C(C1(CCN2CC4CC4)C)C=C(C=C3)C(=O)NCCC5=CC=C(C=C5)C6=CC=C(C=C6)Cl,-0.3010299956639812,CC1C2Cc3ccc(C(=O)NCCc4ccc(-c5ccc(Cl)cc5)cc4)cc3C1(C)CCN2CC1CC1
CCC(=O)N(C1CCN(CC1)C(=O)C(CC2=CC=CC=C2)NC(=O)C3CC4=CC=CC=C4CN3C(=O)C(CC5=C(C=C(C=C5C)O)C)N)C6=CC=CC=C6,-0.9092350033683074,CCC(=O)N(c1ccccc1)C1CCN(C(=O)C(Cc2ccccc2)NC(=O)C2Cc3ccccc3CN2C(=O)C(N)Cc2c(C)cc(O)cc2C)CC1
CCN(CC)C(=O)C1=CC=C(C=C1)N(C2CCN(CC2)CCC=C)C3=CC(=CC=C3)O,-0.6143698395482887,C=CCCN1CCC(N(c2ccc(C(=O)N(CC)CC)cc2)c2cccc(O)c2)CC1
COC1=C(C=C(C=C1)C(=O)NC2(CCN(CC2)C3=NC=CC(=C3)N)C4=CC=CC=C4)Cl,-1.7708520116421442,COc1ccc(C(=O)NC2(c3ccccc3)CCN(c3cc(N)ccn3)CC2)cc1Cl
COC1=C(SC=C1)CNCCC2(CCOC3(C2)CCCC3)C4=CC=CC=N4,-3.4471580313422194,COc1ccsc1CNCCC1(c2ccccn2)CCOC2(CCCC2)C1
COC1=CC=CC2=C1C34CCN(C(C2)C3(CCC(=O)C4)OC)CC5CC5,-3.0433622780211294,COc1cccc2c1C13CCN(CC4CC4)C(C2)C1(OC)CCC(=O)C3
CCN(CC)C(=O)C1=CC=C(C=C1)C(=C2CC3CCC(C2)N3CCC4=CC=CS4)C5=CC=CC=C5,-3.129689892199301,CCN(CC)C(=O)c1ccc(C(=C2CC3CCC(C2)N3CCc2cccs2)c2ccccc2)cc1
COC12CCC3(CC1COCC4=CC5=CC=CC=C5S4)C6CC7=C8C3(C2OC8=C(C=C7)OCCO)CCN6CC9CC9,-3.9092173400587815,COC12CCC3(CC1COCc1cc4ccccc4s1)C1Cc4ccc(OCCO)c5c4C3(CCN1CC1CC1)C2O5
CN1CCC23C4C5(CCC2(C1CC6=C3C(=C(C=C6)OC)O4)CC5CSC7=NC8=CC=CC=C8S7)OC,-2.744746603433513,COc1ccc2c3c1OC1C4(OC)CCC5(CC4CSc4nc6ccccc6s4)C(C2)N(C)CCC315
COC12CCC3(CC1COCC4=CC=CC=C4)C5CC6=C7C3(C2OC7=C(C=C6)O)CCN5,-1.2385478876813278,COC12CCC3(CC1COCc1ccccc1)C1Cc4ccc(O)c5c4C3(CCN1)C2O5
CC(C)CC(C(=O)O)NC(=O)C(CC1=CC=CC=C1)NC(=O)CNC(=O)C(C)NC(=O)C(CC2=CC=C(C=C2)O)N,-1.7323937598229686,CC(C)CC(NC(=O)C(Cc1ccccc1)NC(=O)CNC(=O)C(C)NC(=O)C(N)Cc1ccc(O)cc1)C(=O)O
CN1CCC23C4C5=C(CCC(=O)N5C)CC2(C1CC6=C3C(=C(C=C6)O)O4)O,-1.4107772333772095,CN1C(=O)CCC2=C1C1Oc3c(O)ccc4c3C13CCN(C)C(C4)C3(O)C2
CC(C)CC(C(=O)OCC1CC23CCC1(C4C25CCN(C3CC6=C5C(=C(C=C6)OC)O4)CC7CC7)OC)N,-2.1104550244610154,COc1ccc2c3c1OC1C4(OC)CCC5(CC4COC(=O)C(N)CC(C)C)C(C2)N(CC2CC2)CCC315
CC1=CC=C(C=C1)C=CC(=O)NC23CCC(=O)C4C25CCN(C3CC6=C5C(=C(C=C6)OC)O4)C,-1.880813592280792,COc1ccc2c3c1OC1C(=O)CCC4(NC(=O)C=Cc5ccc(C)cc5)C(C2)N(C)CCC314
CC1C2CC3=C(C1(CCN2CC4CC4)C)C=C(C=C3)C(=O)NCCC5=CC=C(C=C5)C6=CC(=C(C=C6)OC)OC,-0.7923916894982539,COc1ccc(-c2ccc(CCNC(=O)c3ccc4c(c3)C3(C)CCN(CC5CC5)C(C4)C3C)cc2)cc1OC
CC1(C2CC34CCC2(C5C36CCN(C4CC7=C6C(=C(C=C7)O)O5)C)OC1(C)C)C,-1.4502491083193612,CN1CCC23c4c5ccc(O)c4OC2C24CCC3(CC2C(C)(C)C(C)(C)O4)C1C5
CSCCC(C(=O)N)NC(=O)C(CC1=CC=CC=C1)NC(=O)CNC(=O)CNC(=O)C(CC2=CC=C(C=C2)O)N,-2.4771212547196626,CSCCC(NC(=O)C(Cc1ccccc1)NC(=O)CNC(=O)CNC(=O)C(N)Cc1ccc(O)cc1)C(N)=O
C1CC(C1)CN2CCC34CC5=C(CC3C2CC6=C4C=C(C=C6)O)C7=CC=CC=C7N5,0.0969100130080564,Oc1ccc2c(c1)C13CCN(CC4CCC4)C(C2)C1Cc1c([nH]c2ccccc12)C3
CCN(CCO)C(=O)C1=CC=C(C=C1)C(=C2CC3CCC(C2)N3CCC4=CC=CC=C4)C5=CC=CC=C5,-2.7387805584843687,CCN(CCO)C(=O)c1ccc(C(=C2CC3CCC(C2)N3CCc2ccccc2)c2ccccc2)cc1
CC1=CC(=CC(=C1CC(C(=O)N2CC3=CC=CC=C3CC2C4=NC=C(N4)C5=CC=CC=C5)N)C)O,0.045757490560675115,Cc1cc(O)cc(C)c1CC(N)C(=O)N1Cc2ccccc2CC1c1ncc(-c2ccccc2)[nH]1
CCCCC(C(=O)NCC(=O)NC(CC1=CC=CC=C1)C(=O)N2CCC(CC2)N(C3=CC=CC=C3)C(=O)CC)NC(=O)C(CC4=C(C=C(C=C4C)O)C)N,1.0,CCCCC(NC(=O)C(N)Cc1c(C)cc(O)cc1C)C(=O)NCC(=O)NC(Cc1ccccc1)C(=O)N1CCC(N(C(=O)CC)c2ccccc2)CC1
CC(C(=O)NCC(=O)NC(CC1=CC=CC=C1)C(=O)NC2CCN(CC2)CCC3=CC=CC=C3)NC(=O)C(CC4=CC=C(C=C4)O)N,-2.7075701760979363,CC(NC(=O)C(N)Cc1ccc(O)cc1)C(=O)NCC(=O)NC(Cc1ccccc1)C(=O)NC1CCN(CCc2ccccc2)CC1
CC(C1CC23CC(C1(C4C25CCN(C3CC6=C5C(=C(C=C6)O)O4)C)OC)O)O,-1.3222192947339193,COC12C(O)CC3(CC1C(C)O)C1Cc4ccc(O)c5c4C3(CCN1C)C2O5
CCN(CC)C(=O)C1=CC=C(C=C1)N(C2CCN(CC2)C)C3=CC(=CC=C3)O,-1.4116197059632298,CCN(CC)C(=O)c1ccc(N(c2cccc(O)c2)C2CCN(C)CC2)cc1
CC(C)CC(C(=O)NC(CC1=CNC2=CC=CC=C21)C(=O)N(C)CC3=CC=CC=C3)NC(=O)C4CCCN4C(=O)C(CC5=CC=CC=C5)NC(=O)CNC(=O)C(C)NC(=O)C(CC6=CC=C(C=C6)O)N,-2.1760912590556813,CC(C)CC(NC(=O)C1CCCN1C(=O)C(Cc1ccccc1)NC(=O)CNC(=O)C(C)NC(=O)C(N)Cc1ccc(O)cc1)C(=O)NC(Cc1c[nH]c2ccccc12)C(=O)N(C)Cc1ccccc1
CC(C(=O)NCC(=O)NC(CC1=CC=C(C=C1)F)C(=O)OCC2=CC(=CC(=C2)C(F)(F)F)C(F)(F)F)NC(=O)C(CC3=CC=C(C=C3)O)N,-0.8260748027008264,CC(NC(=O)C(N)Cc1ccc(O)cc1)C(=O)NCC(=O)NC(Cc1ccc(F)cc1)C(=O)OCc1cc(C(F)(F)F)cc(C(F)(F)F)c1
CC(C1CC23C=CC1(C4C25CCN(C3CC6=C5C(=C(C=C6)O)O4)C)OC)OC,-1.5664374921950703,COC(C)C1CC23C=CC1(OC)C1Oc4c(O)ccc5c4C12CCN(C)C3C5
CC1CN(CCN1C2=C(C=C3C(=C2)N=C(N3)SC(C)(C)C)Cl)CCO,-1.146128035678238,CC1CN(CCO)CCN1c1cc2nc(SC(C)(C)C)[nH]c2cc1Cl
CCN(CC)C(=O)C1=CC=C(C=C1)C(C2=CC(=CC=C2)OC)N3CCNCC3,-1.6232492903979006,CCN(CC)C(=O)c1ccc(C(c2cccc(OC)c2)N2CCNCC2)cc1
CCCCC1C(=O)N2CCCC2C(=O)NC(CSSCC(C(=O)NCC(=O)NC(C(=O)N1)CC3=CC=CC=C3)NC(=O)C(CC4=CC=C(C=C4)O)N)C(=O)NC(CC5=CNC6=CC=CC=C65)C(=O)NCC7=CC(=CC(=C7)C(F)(F)F)C(F)(F)F,1.6989700043360187,CCCCC1NC(=O)C(Cc2ccccc2)NC(=O)CNC(=O)C(NC(=O)C(N)Cc2ccc(O)cc2)CSSCC(C(=O)NC(Cc2c[nH]c3ccccc23)C(=O)NCc2cc(C(F)(F)F)cc(C(F)(F)F)c2)NC(=O)C2CCCN2C1=O
CCC(=O)N(C1CCN(CC1)C(=O)C(CC2=CC=C(C=C2)F)NC(=O)CNC(=O)C3CC4=CC=CC=C4CN3C(=O)C(CC5=C(C=C(C=C5C)O)C)N)C6=CC=CC=C6,1.0457574905606752,CCC(=O)N(c1ccccc1)C1CCN(C(=O)C(Cc2ccc(F)cc2)NC(=O)CNC(=O)C2Cc3ccccc3CN2C(=O)C(N)Cc2c(C)cc(O)cc2C)CC1
CCCCC(C(=O)NC(CC(=O)O)C(=O)NC(CC1=CC=CC=C1)C(=O)N)N(C)C(=O)C(CC2=CNC3=CC=CC=C32)NC(=O)CNC(=O)C(CC4=CC=CC=C4)NC(=O)C(CC5=CC=C(C=C5)O)N,-1.4623979978989559,CCCCC(C(=O)NC(CC(=O)O)C(=O)NC(Cc1ccccc1)C(N)=O)N(C)C(=O)C(Cc1c[nH]c2ccccc12)NC(=O)CNC(=O)C(Cc1ccccc1)NC(=O)C(N)Cc1ccc(O)cc1
CCN(CC)C(=O)C1=CC=C(C=C1)C(=C2CCNCC2)C3=CC(=CC=C3)OC,-1.1414497734004674,CCN(CC)C(=O)c1ccc(C(=C2CCNCC2)c2cccc(OC)c2)cc1
CN(C)CC1CCC2=C(C1(C3=CC(=CC=C3)O)O)C=CC(=C2)C4=CC=CC=C4OC,-0.414973347970818,COc1ccccc1-c1ccc2c(c1)CCC(CN(C)C)C2(O)c1cccc(O)c1
COCCOCCOCCOCCOCCOC1=C2C3=C(CC4C56C3(CCN4CC7CC7)C(O2)C(CC5)(C(C6)COCC8=CC=CC=C8)OC)C=C1,-1.9418591265253733,COCCOCCOCCOCCOCCOc1ccc2c3c1OC1C4(OC)CCC5(CC4COCc4ccccc4)C(C2)N(CC2CC2)CCC315
COC12CCC3(CC1C(C4=CC=CC=C4)O)C5CC6=C7C3(C2OC7=C(C=C6)O)CCN5CC8CC8,0.1938200260161128,COC12CCC3(CC1C(O)c1ccccc1)C1Cc4ccc(O)c5c4C3(CCN1CC1CC1)C2O5
CCN(CC)C(=O)C1=CC=C(C=C1)C(=C2CCNCC2)C3=CC=C(C=C3)Cl,-1.4107772333772095,CCN(CC)C(=O)c1ccc(C(=C2CCNCC2)c2ccc(Cl)cc2)cc1
C1CC1CN2CCC34CC5=C(CC3C2CC6=C4C=C(C=C6)O)C7=CC=CC=C7N5,0.7958800173440752,Oc1ccc2c(c1)C13CCN(CC4CC4)C(C2)C1Cc1c([nH]c2ccccc12)C3
C=CCN1CCC23C4C5C(=O)N(C46CCC2(C1CC7=C3C(=C(C=C7)O)OCO6)O5)CC8=CC=CC=C8,-0.6283889300503115,C=CCN1CCC23c4c5ccc(O)c4OCOC46CCC2(OC(C(=O)N4Cc2ccccc2)C63)C1C5
CCCC(C)(C1CC23C=CC1(C4C25CCN(C3CC6=C5C(=C(C=C6)O)O4)C)OC)O,-1.1089031276673134,CCCC(C)(O)C1CC23C=CC1(OC)C1Oc4c(O)ccc5c4C12CCN(C)C3C5
CC(C)CC(C(=O)NC(CC1=CNC2=CC=CC=C21)C(=O)OCC3=CC(=CC(=C3)C(F)(F)F)C(F)(F)F)NC(=O)C4CCCN4C(=O)C(CCSC)NC(=O)C(CC5=CC=CC=C5)NC(=O)CNC(=O)C(C)NC(=O)C(CC6=CC=C(C=C6)O)N,-2.2787536009528293,CSCCC(NC(=O)C(Cc1ccccc1)NC(=O)CNC(=O)C(C)NC(=O)C(N)Cc1ccc(O)cc1)C(=O)N1CCCC1C(=O)NC(CC(C)C)C(=O)NC(Cc1c[nH]c2ccccc12)C(=O)OCc1cc(C(F)(F)F)cc(C(F)(F)F)c1
CCN(CC)C(=O)C1=CC=C(C=C1)C(=C2CC3CCC(C2)N3CCCC4=CC=CC=C4)C5=CC=CC=C5,-2.049218022670181,CCN(CC)C(=O)c1ccc(C(=C2CC3CCC(C2)N3CCCc2ccccc2)c2ccccc2)cc1
C1CC1CN2CCC34C5C(CCC3(C2CC6=C4C(=C(C=C6)O)O5)O)NC(=O)C7=CC=C(C=C7)Br.C(=O)(C(=O)O)O,-1.5198279937757189,O=C(NC1CCC2(O)C3Cc4ccc(O)c5c4C2(CCN3CC2CC2)C1O5)c1ccc(Br)cc1.O=C(O)C(=O)O
C1CCNC(=O)CC(NC(=O)C(NC(=O)C(NC(=O)C(C1)NC(=O)C(CC2=CC=C(C=C2)O)N)CC3=CC=CC=C3)CC4=C(C=C(C=C4)F)F)C(=O)N,-2.1001809307423294,NC(=O)C1CC(=O)NCCCCC(NC(=O)C(N)Cc2ccc(O)cc2)C(=O)NC(Cc2ccccc2)C(=O)NC(Cc2ccc(F)cc2F)C(=O)N1
CN1CCC23CC4=NC5=CC=CC=C5C=C4CC2C1CC6=C3C=C(C=C6)O,1.3279021420642825,CN1CCC23Cc4nc5ccccc5cc4CC2C1Cc1ccc(O)cc13
CC1=CC(=CC(=C1CC(C(=O)N2CC3=CC=CC=C3CC2C(=O)NCCC(=O)OC4=CC5=C(CC6C7C5(CCCC7)CCN6CC8CCC8)C=C4)N)C)O,-0.4471580313422192,Cc1cc(O)cc(C)c1CC(N)C(=O)N1Cc2ccccc2CC1C(=O)NCCC(=O)Oc1ccc2c(c1)C13CCCCC1C(C2)N(CC1CCC1)CC3
CC1=CC(=CC(=C1CC(C(=O)NC(C)C(=O)NCC(=O)NC(CC2=CC=CC=C2)C(=O)NC(CCSC)C(=O)N3CCCC3C(=O)NC(CC(C)C)C(=O)NC(CC4=CNC5=CC=CC=C54)C(=O)NCC6=CC(=CC(=C6)C(F)(F)F)C(F)(F)F)N)C)O,-0.0,CSCCC(NC(=O)C(Cc1ccccc1)NC(=O)CNC(=O)C(C)NC(=O)C(N)Cc1c(C)cc(O)cc1C)C(=O)N1CCCC1C(=O)NC(CC(C)C)C(=O)NC(Cc1c[nH]c2ccccc12)C(=O)NCc1cc(C(F)(F)F)cc(C(F)(F)F)c1
CN1CCC23C4C5(CCC2(C1CC6=C3C(=C(C=C6)NS(=O)(=O)C)O4)CC5COCC7=CC=CC=C7)OC,-2.6831010964280657,COC12CCC3(CC1COCc1ccccc1)C1Cc4ccc(NS(C)(=O)=O)c5c4C3(CCN1C)C2O5
COC1=C2C3=C(CC4C56C3(CCN4CC7CC7)C(O2)C(CC5)(C(C6)COCC8=CC=CC=C8)OC)C=C1,-1.1670217957902564,COc1ccc2c3c1OC1C4(OC)CCC5(CC4COCc4ccccc4)C(C2)N(CC2CC2)CCC315
CC(C(=O)NCC(=O)NC(CC1=CC=CC=C1)C(=O)NC(CCSC)C(=O)NC(CC2=CNC3=CC=CC=C32)C(=O)OCC4=CC(=CC(=C4)C(F)(F)F)C(F)(F)F)NC(=O)C(CC5=CC=C(C=C5)O)N,-0.6812412373755872,CSCCC(NC(=O)C(Cc1ccccc1)NC(=O)CNC(=O)C(C)NC(=O)C(N)Cc1ccc(O)cc1)C(=O)NC(Cc1c[nH]c2ccccc12)C(=O)OCc1cc(C(F)(F)F)cc(C(F)(F)F)c1
CN1CCC23C4C5=C(CC2(C1CC6=C3C(=C(C=C6)O)O4)NC(=O)CC7=CC=CC=C7)C8=CC=CC=C8N5,-0.07918124604762483,CN1CCC23c4c5ccc(O)c4OC2c2[nH]c4ccccc4c2CC3(NC(=O)Cc2ccccc2)C1C5
CC1C2CC3=C(C1(CCN2CC4CC4)C)C=C(C=C3)C(=O)NCCC5=CC=C(C=C5)C6=CC=C(C=C6)O,0.5086383061657274,CC1C2Cc3ccc(C(=O)NCCc4ccc(-c5ccc(O)cc5)cc4)cc3C1(C)CCN2CC1CC1
CCN(CC)C(=O)C1=CC=C(C=C1)N(C2CCN(CC2)CCC3CC3)C4=CC(=CC=C4)O,-0.5314789170422551,CCN(CC)C(=O)c1ccc(N(c2cccc(O)c2)C2CCN(CCC3CC3)CC2)cc1
COC12CCC3(CC1COCC4=CC=CC=C4)C5CC6=C7C3(C2OC7=C(C=C6)OCC(=O)N)CCN5CC8CC8,-1.8210547550468883,COC12CCC3(CC1COCc1ccccc1)C1Cc4ccc(OCC(N)=O)c5c4C3(CCN1CC1CC1)C2O5
CCN(CC)C(=O)C1=CC=C(C=C1)C(=C2CCN(CC2)CC=C(C)C)C3=CC=CC=C3,-1.1476763242410988,CCN(CC)C(=O)c1ccc(C(=C2CCN(CC=C(C)C)CC2)c2ccccc2)cc1
CC1CN(CCC1(C)C2=CC(=CC=C2)O)CC(C(C)C)NC(=O)C3CC4=C(CO3)C=C(C=C4)O,-2.57978359661681,CC(C)C(CN1CCC(C)(c2cccc(O)c2)C(C)C1)NC(=O)C1Cc2ccc(O)cc2CO1
CC(=C1CC23CC4=C(C1C25CCN(C3CC6=C5C(=C(C=C6)OC)O)C)NC7=CC=CC=C47)C,-2.3242824552976926,COc1ccc2c(c1O)C13CCN(C)C(C2)C12CC(=C(C)C)C3c1[nH]c3ccccc3c1C2
COC1=C2C3=C(CC4C56C3(CCN4CC7CC7)C(O2)C(CC5)(C(C6)COC(=O)C(CC8=CC=CC=C8)N)OC)C=C1,-1.7601207852645675,COc1ccc2c3c1OC1C4(OC)CCC5(CC4COC(=O)C(N)Cc4ccccc4)C(C2)N(CC2CC2)CCC315
CC1=CC=CC=C1COCC2CC34CCC2(C5C36CCN(C4CC7=C6C(=C(C=C7)OCCO)O5)C)OC,-1.3473300153169503,COC12CCC3(CC1COCc1ccccc1C)C1Cc4ccc(OCCO)c5c4C3(CCN1C)C2O5
CCN(CC)C(=O)C1=CC=C(C=C1)N(C2CCN(CC2)CCC3=COC=C3)C4=CC(=CC=C4)O,0.6575773191777937,CCN(CC)C(=O)c1ccc(N(c2cccc(O)c2)C2CCN(CCc3ccoc3)CC2)cc1
CCCCC(C(=O)N1CCCC1C(=O)NC(CC(C)C)C(=O)NC(CC2=CNC3=CC=CC=C32)C(=O)OCC4=CC(=CC(=C4)C(F)(F)F)C(F)(F)F)NC(=O)C(CC5=CC=CC=C5)NC(=O)CNC(=O)C(C)NC(=O)C(CC6=CC=C(C=C6)O)N,-0.6020599913279624,CCCCC(NC(=O)C(Cc1ccccc1)NC(=O)CNC(=O)C(C)NC(=O)C(N)Cc1ccc(O)cc1)C(=O)N1CCCC1C(=O)NC(CC(C)C)C(=O)NC(Cc1c[nH]c2ccccc12)C(=O)OCc1cc(C(F)(F)F)cc(C(F)(F)F)c1
C1CNCCC12C=C(C3=CC=CC=C3O2)C4=CC=CC=C4,-2.57978359661681,C1=C(c2ccccc2)c2ccccc2OC12CCNCC2
CC(C1CC23C4CC5=C6C2(CCN4C)C(C1(CC3O)OC)OC6=C(C=C5)O)O,-2.322219294733919,COC12CC(O)C3(CC1C(C)O)C1Cc4ccc(O)c5c4C3(CCN1C)C2O5
CCN(CC)C(=O)C1=CC=C(C=C1)C2=CC3(CCNCC3)OC4=CC=CC=C42,-1.2787536009528289,CCN(CC)C(=O)c1ccc(C2=CC3(CCNCC3)Oc3ccccc32)cc1
CC1=CC(=CC(=C1CC(C(=O)N(C(C)C)C(C)C2=NC=C(N2)C3=CC=CC=C3)N)C)O,-2.012837224705172,Cc1cc(O)cc(C)c1CC(N)C(=O)N(C(C)C)C(C)c1ncc(-c2ccccc2)[nH]1
COC12CCC3(CC1COC(=O)C(CC4=CC=CC=C4)N)C5CC6=C7C3(C2OC7=C(C=C6)O)CCN5CC8CC8,0.08618614761628332,COC12CCC3(CC1COC(=O)C(N)Cc1ccccc1)C1Cc4ccc(O)c5c4C3(CCN1CC1CC1)C2O5
CN1CCC23C4C5(CCC2(C1CC6=C3C(=C(C=C6)C(=O)N)O4)CC5COCC7=CC=CC=C7)OC,-1.9344984512435681,COC12CCC3(CC1COCc1ccccc1)C1Cc4ccc(C(N)=O)c5c4C3(CCN1C)C2O5
C1CN(C2CC3=C4C15C2(CC6=C(C5OC4=C(C=C3)O)NC7=CC=CC=C67)O)CC(F)(F)F.Cl,-1.6603910984024668,Cl.Oc1ccc2c3c1OC1c4[nH]c5ccccc5c4CC4(O)C(C2)N(CC(F)(F)F)CCC314
CCN(CC)C(=O)C1=CC=C(C=C1)C(=C2CCNCC2)C3=CC=C(C=C3)OC,-1.080987046910887,CCN(CC)C(=O)c1ccc(C(=C2CCNCC2)c2ccc(OC)cc2)cc1
CC(C)CC(C(=O)NC(C(C)O)C(=O)O)NC(=O)C(CC1=CC=CC=C1)NC(=O)CNC(=O)C(CO)NC(=O)C(CC2=CC3=C(C=C2)N=C(S3)N)N,-1.9867717342662448,CC(C)CC(NC(=O)C(Cc1ccccc1)NC(=O)CNC(=O)C(CO)NC(=O)C(N)Cc1ccc2nc(N)sc2c1)C(=O)NC(C(=O)O)C(C)O
CC1=C(N=C(N1)C2CCCCN2C(=O)C(CC3=CC=C(C=C3)O)N)C4=CC=CC=C4,-2.733999286538387,Cc1[nH]c(C2CCCCN2C(=O)C(N)Cc2ccc(O)cc2)nc1-c1ccccc1
CCC(C1CC23CCC1(C4C25CCN(C3CC6=C5C(=C(C=C6)O)O4)CC7CC7)OC)(C8=CC=CC=C8)O,-0.9493900066449128,CCC(O)(c1ccccc1)C1CC23CCC1(OC)C1Oc4c(O)ccc5c4C12CCN(CC1CC1)C3C5
C1CCN(C1)CCN2C3=CC=CC=C3N=C2NC(=O)C4=CC=C(C=C4)Cl,-3.3010299956639813,O=C(Nc1nc2ccccc2n1CCN1CCCC1)c1ccc(Cl)cc1
CCN(CC)CC1=CC(=CC(=C1O)CN(CC)CC)NC2=C3C(=NC4=CC=CC=C42)C5=CC=CC=C5N3C,-3.1723109685219537,CCN(CC)Cc1cc(Nc2c3ccccc3nc3c4ccccc4n(C)c23)cc(CN(CC)CC)c1O
CCCCC(C(=O)NCC(=O)NC(CC1=CNC2=CC=CC=C21)C(=O)N(C)C(CCCC)C(=O)NC(CC(=O)O)C(=O)NC(CC3=CC=CC=C3)C(=O)N)NC(=O)C(CC4=CC=C(C=C4)O)N,-1.1760912590556811,CCCCC(NC(=O)C(N)Cc1ccc(O)cc1)C(=O)NCC(=O)NC(Cc1c[nH]c2ccccc12)C(=O)N(C)C(CCCC)C(=O)NC(CC(=O)O)C(=O)NC(Cc1ccccc1)C(N)=O
CCCCC(C(=O)NCC(=O)NC(CC1=CNC2=CC=CC=C21)C(=O)NC(CCCC)C(=O)NC(CC(=O)O)C(=O)NC(CC3=CC=CC=C3)C(=O)N)NC(=O)C(CC4=CC=C(C=C4)O)N,-0.6532125137753437,CCCCC(NC(=O)C(N)Cc1ccc(O)cc1)C(=O)NCC(=O)NC(Cc1c[nH]c2ccccc12)C(=O)NC(CCCC)C(=O)NC(CC(=O)O)C(=O)NC(Cc1ccccc1)C(N)=O
CN1CCC23C4C1CC5=C2C(=C(C=C5)O)OC3C(C=C4)O,-2.4996870826184043,CN1CCC23c4c5ccc(O)c4OC2C(O)C=CC3C1C5
CCN(CC)C(=O)C1=CC=C(C=C1)N(C2CCN(CC2)CC3=CC=CC=C3)C4=CC=CC(=C4)NC(=O)C,-0.8401060944567578,CCN(CC)C(=O)c1ccc(N(c2cccc(NC(C)=O)c2)C2CCN(Cc3ccccc3)CC2)cc1
CC(C)CC1CN2C(CN3C(CN=C3C=C2N1)CC4=CC=CC=C4)CC5=CC=C(C=C5)O,-3.8037984079896736,CC(C)CC1CN2C(=CC3=NCC(Cc4ccccc4)N3CC2Cc2ccc(O)cc2)N1
CCN(CC)C(=O)C1=CC=C(C=C1)N(C2CCN(CC2)CCC3=CN=CN3)C4=CC(=CC=C4)O,-1.1476763242410988,CCN(CC)C(=O)c1ccc(N(c2cccc(O)c2)C2CCN(CCc3cnc[nH]3)CC2)cc1
CCN(CC)C(=O)C1=CC=C(C=C1)C(C2=CC=CC3=C2N=CC=C3)N4CCNCC4,-0.5563025007672873,CCN(CC)C(=O)c1ccc(C(c2cccc3cccnc23)N2CCNCC2)cc1
CC(C)CC(C(=O)NC(CC1=CNC2=CC=CC=C21)C(=O)OCC3=CC(=CC(=C3)C(F)(F)F)C(F)(F)F)NC(=O)C4CCCN4C(=O)C(CC5=CC=CC=C5)NC(=O)C(CC6=CC=CC=C6)NC(=O)CNC(=O)C(C)NC(=O)C(CC7=CC=C(C=C7)O)N,-1.3222192947339193,CC(C)CC(NC(=O)C1CCCN1C(=O)C(Cc1ccccc1)NC(=O)C(Cc1ccccc1)NC(=O)CNC(=O)C(C)NC(=O)C(N)Cc1ccc(O)cc1)C(=O)NC(Cc1c[nH]c2ccccc12)C(=O)OCc1cc(C(F)(F)F)cc(C(F)(F)F)c1
CC1=CC(=CC(=C1CC(C(=O)N2CC3=CC=CC=C3CC2CNCC4=CC=CC=C4)N)C)O,0.036212172654444715,Cc1cc(O)cc(C)c1CC(N)C(=O)N1Cc2ccccc2CC1CNCc1ccccc1
CCNC(=O)N1CCC(CC1)(C2=CC=CC=C2)C3=NC=CN3CC4=CC=CC=C4,-2.0681858617461617,CCNC(=O)N1CCC(c2ccccc2)(c2nccn2Cc2ccccc2)CC1
C1CNCCC12C=C(C3=CC=CC=C3O2)C4=CC=C(C=C4)C(=O)N5CC6=CC=CC=C6C5,-1.6532125137753435,O=C(c1ccc(C2=CC3(CCNCC3)Oc3ccccc32)cc1)N1Cc2ccccc2C1
COC1=C2C3=C(CC4C56C3(CCN4CC7CC7)C(O2)C(CC5)(C(C6)COCC8=CC=C(C=C8)OCC(=O)OC)OC)C=C1,-2.8910465781195915,COC(=O)COc1ccc(COCC2CC34CCC2(OC)C2Oc5c(OC)ccc6c5C23CCN(CC2CC2)C4C6)cc1
CC1=CC(=C(N1C2=CC=C(C=C2)S(=O)(=O)N)C)C=C3C(=O)NC(=NC4=CC=CC=C4)S3,-3.4810124209565734,Cc1cc(C=C2SC(=Nc3ccccc3)NC2=O)c(C)n1-c1ccc(S(N)(=O)=O)cc1
C1CC1CN2CCC34CC5=NC6=CC=CC=C6C=C5CC3C2CC7=C4C=C(C=C7)O,1.7447274948966938,Oc1ccc2c(c1)C13CCN(CC4CC4)C(C2)C1Cc1cc2ccccc2nc1C3
CN(C)C(CNC(=O)C1=CC(=C(N=C1)Cl)Cl)C2=CC=CC=C2,-3.0301947853567515,CN(C)C(CNC(=O)c1cnc(Cl)c(Cl)c1)c1ccccc1
CCN(CC)C(=O)C1=CC=C(C=C1)C2=CC3(CCCNC3)OC4=CC=CC=C42,-2.6812412373755867,CCN(CC)C(=O)c1ccc(C2=CC3(CCCNC3)Oc3ccccc32)cc1
CCN(CC)C(=O)C1=CC=C(C=C1)C(C2=CC(=CC=C2)OC)N3CC(N(CC3C)CC=C)C,-0.6812412373755872,C=CCN1CC(C)N(C(c2ccc(C(=O)N(CC)CC)cc2)c2cccc(OC)c2)CC1C
C1CN2C(=O)C(N=C(C3=CC(=CC1=C32)N)C4=CC=CC=C4)NC(=O)C5=CC=NC=C5,-3.214578953570499,Nc1cc2c3c(c1)C(c1ccccc1)=NC(NC(=O)c1ccncc1)C(=O)N3CC2
CC(C)(C)C1=CC=C(C=C1)C(=O)NC2CCC3(C4CC5=C6C3(C2OC6=C(C=C5)O)CCN4CC7CC7)O.C(=O)(C(=O)O)O,0.5228787452803376,CC(C)(C)c1ccc(C(=O)NC2CCC3(O)C4Cc5ccc(O)c6c5C3(CCN4CC3CC3)C2O6)cc1.O=C(O)C(=O)O
COC1=CC=CC(=C1)C(=O)N(C2CCN(CC2)C3=NC=CC(=C3)N)C4=CC=CC=N4,-1.7160033436347992,COc1cccc(C(=O)N(c2ccccn2)C2CCN(c3cc(N)ccn3)CC2)c1
CC1=CC(=CC(=C1CC(C(=O)NC2CCCCNC(=O)CC(NC(=O)C(NC(=O)C(NC2=O)CC3=CC=CC=C3)CC4=CC=CC5=CC=CC=C54)C(=O)N)N)C)O,-1.81147446310318,Cc1cc(O)cc(C)c1CC(N)C(=O)NC1CCCCNC(=O)CC(C(N)=O)NC(=O)C(Cc2cccc3ccccc23)NC(=O)C(Cc2ccccc2)NC1=O
CC(C)CC(C(=O)NCC(=O)N(C1CCN(CC1)CCC2=CC=CC=C2)C3=CC=CC=C3)NC(=O)C(CC4=CC=CC=C4)NC(=O)CNC(=O)C(C)NC(=O)C(CC5=CC=C(C=C5)O)N,-0.7708520116421442,CC(C)CC(NC(=O)C(Cc1ccccc1)NC(=O)CNC(=O)C(C)NC(=O)C(N)Cc1ccc(O)cc1)C(=O)NCC(=O)N(c1ccccc1)C1CCN(CCc2ccccc2)CC1
CN1CCC23C4C5(CCC2(C1CC6=C3C(=C(C=C6)O)O4)CC5COC7=CC=C(C=C7)N8C=CN=C8)OC,-1.8767949762007008,COC12CCC3(CC1COc1ccc(-n4ccnc4)cc1)C1Cc4ccc(O)c5c4C3(CCN1C)C2O5
CCN(CC)C(=O)C1=CC=C(C=C1)C(=C2CC3CCC(C2)N3CCC4=CNC5=CC=CC=C54)C6=CC=CC=C6,-1.2041199826559248,CCN(CC)C(=O)c1ccc(C(=C2CC3CCC(C2)N3CCc2c[nH]c3ccccc23)c2ccccc2)cc1
C1CC1CN2CCC34C5C(CCC3(C2CC6=C4C(=C(C=C6)O)O5)O)NC(=O)C7=CC(=C(C=C7)Cl)Cl,-0.146128035678238,O=C(NC1CCC2(O)C3Cc4ccc(O)c5c4C2(CCN3CC2CC2)C1O5)c1ccc(Cl)c(Cl)c1
COC1=C2C3=C(CC4C56C3(CCN4CC7CC7)C(O2)C(CC5)(C(C6)COC8=CC=C(C=C8)N9C=CN=C9)OC)C=C1,-3.749917877617447,COc1ccc2c3c1OC1C4(OC)CCC5(CC4COc4ccc(-n6ccnc6)cc4)C(C2)N(CC2CC2)CCC315
CN1CCC23CC4=C(CC2C1CC5=C3C=C(C=C5)O)SC(=N4)N,-0.9242792860618816,CN1CCC23Cc4nc(N)sc4CC2C1Cc1ccc(O)cc13
C1CN(C2CC3=C4C15C2(CC6=C(C5OC4=C(C=C3)O)NC7=CC=CC=C67)O)CC(F)F.Cl,-1.2329961103921538,Cl.Oc1ccc2c3c1OC1c4[nH]c5ccccc5c4CC4(O)C(C2)N(CC(F)F)CCC314
C1CNCCC12C=C(C3=CC=CC=C3O2)C4=CC=C(C=C4)C#N,-2.3010299956639813,N#Cc1ccc(C2=CC3(CCNCC3)Oc3ccccc32)cc1
CC1C2CC3=C(C1(CCN2CC4CC4)C)C=C(C=C3)C(=O)NCCC5=CC6=C(C=C5)C=C(C=C6)OC,-0.8750612633917001,COc1ccc2cc(CCNC(=O)c3ccc4c(c3)C3(C)CCN(CC5CC5)C(C4)C3C)ccc2c1
COC1=C2C3=C(CC4C56C3(CCN4CC7CC7)C(O2)C(CC5)(C(C6)COCC8=CC(=CC=C8)NC(=O)N)OC)C=C1,-1.3424226808222062,COc1ccc2c3c1OC1C4(OC)CCC5(CC4COCc4cccc(NC(N)=O)c4)C(C2)N(CC2CC2)CCC315
CCN(CC)C(=O)C1=CC=C(C=C1)N(C2CCN(CC2)CCC3=CSC=C3)C4=CC(=CC=C4)O,0.6575773191777937,CCN(CC)C(=O)c1ccc(N(c2cccc(O)c2)C2CCN(CCc3ccsc3)CC2)cc1
CC(C)C(C(=O)NC(C(C)C)C(=O)NCC(=O)N)NC(=O)C(CC(=O)O)NC(=O)C(CC1=CC=CC=C1)NC(=O)C(C)NC(=O)C(CC2=CC=C(C=C2)O)N,-0.6725596277632757,CC(NC(=O)C(N)Cc1ccc(O)cc1)C(=O)NC(Cc1ccccc1)C(=O)NC(CC(=O)O)C(=O)NC(C(=O)NC(C(=O)NCC(N)=O)C(C)C)C(C)C
CCN(CC)C(=O)C1=CC=C(O1)C2=CC3(CCNCC3)OC4=CC=CC=C42,-2.991226075692495,CCN(CC)C(=O)c1ccc(C2=CC3(CCNCC3)Oc3ccccc32)o1
COC1=C2C3=C(CC4C56C3(CCN4CC7CC7)C(O2)C(CC5)(C(C6)CNCC8=CC=CC=C8)OC)C=C1,-2.721018769094396,COc1ccc2c3c1OC1C4(OC)CCC5(CC4CNCc4ccccc4)C(C2)N(CC2CC2)CCC315
CCN(CC)C(=O)C1=CC=C(C=C1)N(C2CCN(CC2)CCC3=CC=CC=N3)C4=CC(=CC=C4)O,0.6020599913279624,CCN(CC)C(=O)c1ccc(N(c2cccc(O)c2)C2CCN(CCc3ccccn3)CC2)cc1
CC(C)CC(C(=O)O)NC(=O)C(CC1=CC=CC=C1)NC(=O)CNC(=O)CNC(=O)C(CC2=CC3=C(C=C2)N=C(S3)N)N,-2.7634279935629373,CC(C)CC(NC(=O)C(Cc1ccccc1)NC(=O)CNC(=O)CNC(=O)C(N)Cc1ccc2nc(N)sc2c1)C(=O)O
CC(C(=O)NCC(=O)NC(CC1=CC=CC=C1)C(=O)NC(CCSC)C(=O)O)NC(=O)C(CC2=CC3=C(C=C2)N=C(S3)N)N,-1.3802112417116061,CSCCC(NC(=O)C(Cc1ccccc1)NC(=O)CNC(=O)C(C)NC(=O)C(N)Cc1ccc2nc(N)sc2c1)C(=O)O
CC1C2CC3=C(C1(CCN2CC4CC4)C)C=C(C=C3)C(=O)NCCC5=CC=C(C=C5)Br,-1.3010299956639813,CC1C2Cc3ccc(C(=O)NCCc4ccc(Br)cc4)cc3C1(C)CCN2CC1CC1
CCN(CC)C(=O)C1=CC=C(C=C1)C2=CC3(CCCNCC3)OC4=CC=CC=C42,-1.3010299956639813,CCN(CC)C(=O)c1ccc(C2=CC3(CCCNCC3)Oc3ccccc32)cc1
CC(C)CC(C(=O)NC(CC1=CNC2=CC=CC=C21)C(=O)NCC3=CC=CC=C3)NC(=O)C4CCCN4C(=O)C(CC5=CC=CC=C5)NC(=O)CNC(=O)C(C)NC(=O)C(CC6=CC=C(C=C6)O)N,-1.230448921378274,CC(C)CC(NC(=O)C1CCCN1C(=O)C(Cc1ccccc1)NC(=O)CNC(=O)C(C)NC(=O)C(N)Cc1ccc(O)cc1)C(=O)NC(Cc1c[nH]c2ccccc12)C(=O)NCc1ccccc1
CCCCC(C(=O)NC(CC1=CNC2=CC=CC=C21)C(=O)OCC3=CC(=CC(=C3)C(F)(F)F)C(F)(F)F)NC(=O)C(CC4=CC=CC=C4)NC(=O)CNC(=O)C(C)NC(=O)C(CC5=CC=C(C=C5)O)N,0.4202164033831898,CCCCC(NC(=O)C(Cc1ccccc1)NC(=O)CNC(=O)C(C)NC(=O)C(N)Cc1ccc(O)cc1)C(=O)NC(Cc1c[nH]c2ccccc12)C(=O)OCc1cc(C(F)(F)F)cc(C(F)(F)F)c1
CC1=CC(=C(N1C2=CC=C(C=C2)S(=O)(=O)N)C)C=C3C(=O)NC(=NC4=CC=CC=C4)S3,-3.4810124209565734,Cc1cc(C=C2SC(=Nc3ccccc3)NC2=O)c(C)n1-c1ccc(S(N)(=O)=O)cc1
CCN(CC)C(=O)C1=CC=C(C=C1)C2=CC3(CCNCC3)OC4=C2C=CC(=C4)O,-2.146128035678238,CCN(CC)C(=O)c1ccc(C2=CC3(CCNCC3)Oc3cc(O)ccc32)cc1
C1CN(C2CC3=C4C15C2(CC6=C(C5OC4=C(C=C3)O)NC7=CC=CC=C67)O)CCF.Cl,-2.342422680822206,Cl.Oc1ccc2c3c1OC1c4[nH]c5ccccc5c4CC4(O)C(C2)N(CCF)CCC314
CC1=NC=C2CC3(C4CC5=C6C3(CCN4C)C(C2=N1)OC6=C(C=C5)O)O,-1.982090239295793,Cc1ncc2c(n1)C1Oc3c(O)ccc4c3C13CCN(C)C(C4)C3(O)C2
C1CCN(C1)CCN2C3=CC=CC=C3N=C2NC(=O)C4=CC=C(C=C4)F,-3.255272505103306,O=C(Nc1nc2ccccc2n1CCN1CCCC1)c1ccc(F)cc1
CCCCOC1=CC=CC2=C1C34CCN(C(C2)C3(CCC(=O)C4)OC)CC5CC5,-3.2076343673889616,CCCCOc1cccc2c1C13CCN(CC4CC4)C(C2)C1(OC)CCC(=O)C3
CC(C)CC(C(=O)O)NC(=O)C(CC1=CC=CC=C1)NC(=O)CNC(=O)C(C)NC(=O)C(CC2=CC=C(C=C2)N)N,-1.869231719730976,CC(C)CC(NC(=O)C(Cc1ccccc1)NC(=O)CNC(=O)C(C)NC(=O)C(N)Cc1ccc(N)cc1)C(=O)O
CCN(CC)S(=O)(=O)C1=CC=C(C=C1)C(C2=CC=CC=C2)N3CCNCC3,-2.8027737252919755,CCN(CC)S(=O)(=O)c1ccc(C(c2ccccc2)N2CCNCC2)cc1
C1CCC2=C(C1)C3=C(N2CC4CC4)C5C67CCN(C(C6(C3)O)CC8=C7C(=C(C=C8)O)O5)CC9CC9,-0.5905074620085833,Oc1ccc2c3c1OC1c4c(c5c(n4CC4CC4)CCCC5)CC4(O)C(C2)N(CC2CC2)CCC314
CC1C2CC3=C(C1(CCN2CC4CC4)C)C=C(C=C3)C(=O)NCCC5=CC=C(C=C5)C6=CC(=C(C=C6)OC)C,-0.4471580313422192,COc1ccc(-c2ccc(CCNC(=O)c3ccc4c(c3)C3(C)CCN(CC5CC5)C(C4)C3C)cc2)cc1C
COC1=C2C3=C(CC4C56C3(CCN4CC7CC7)C(O2)C(CC5)(C(C6)CN(CC8=CC=CC=C8)S(=O)(=O)C)OC)C=C1,-2.1795805133954094,COc1ccc2c3c1OC1C4(OC)CCC5(CC4CN(Cc4ccccc4)S(C)(=O)=O)C(C2)N(CC2CC2)CCC315
CC1(CC2=C(C(C3=C(O2)CC(CC3=O)(C)C)C4=CC=C(C=C4)OCC5=CC(=CC=C5)F)C(=O)C1)C,-3.0,CC1(C)CC(=O)C2=C(C1)OC1=C(C(=O)CC(C)(C)C1)C2c1ccc(OCc2cccc(F)c2)cc1
CCN(CC)C(=O)C1=CC=C(C=C1)C(=C2CC3CCC(C2)N3CCC4=CC=CC=C4)C5=CC(=CC=C5)OC,-2.3384564936046046,CCN(CC)C(=O)c1ccc(C(=C2CC3CCC(C2)N3CCc2ccccc2)c2cccc(OC)c2)cc1
CC(C(=O)NC(CC1=CC=CC=C1)C(=O)NCC(=O)NC(CC2=CC=C(C=C2)O)C(=O)N3CCCC3C(=O)NC(CO)C(=O)N)NC(=O)C(CC4=CC=C(C=C4)O)N,-2.570274341433394,CC(NC(=O)C(N)Cc1ccc(O)cc1)C(=O)NC(Cc1ccccc1)C(=O)NCC(=O)NC(Cc1ccc(O)cc1)C(=O)N1CCCC1C(=O)NC(CO)C(N)=O
CN1CCC23C4C5(C=CC2(C1CC6=C3C(=C(C=C6)O)O4)CC57CCCC7O)OC,-0.7853298350107671,COC12C=CC3(CC14CCCC4O)C1Cc4ccc(O)c5c4C3(CCN1C)C2O5
COC1=C2C3=C(CC4C56C3(CCN4CC7CC7)C(O2)C(CC5)(C(C6)CS(=O)CC8=CC=CC=C8)OC)C=C1,-2.3642131836315565,COc1ccc2c3c1OC1C4(OC)CCC5(CC4CS(=O)Cc4ccccc4)C(C2)N(CC2CC2)CCC315
CCC(=O)N(C1CCN(CC1)C(=O)C(CC2=CC=C(C=C2)Cl)NC(=O)C(C)NC(=O)C(CC3=C(C=C(C=C3C)O)C)N)C4=CC=CC=C4,-1.414973347970818,CCC(=O)N(c1ccccc1)C1CCN(C(=O)C(Cc2ccc(Cl)cc2)NC(=O)C(C)NC(=O)C(N)Cc2c(C)cc(O)cc2C)CC1
CC1C2CC3=C(C1(CCN2CC4CC4)C)C=C(C=C3)C(=O)NCCC5=CC=C(C=C5)C6=CC(=CC=C6)OC,-0.07918124604762483,COc1cccc(-c2ccc(CCNC(=O)c3ccc4c(c3)C3(C)CCN(CC5CC5)C(C4)C3C)cc2)c1
CC(C1CC23CC(C1(C4C25CCN(C3CC6=C5C(=C(C=C6)O)O4)C)OC)O)O,-1.944482672150169,COC12C(O)CC3(CC1C(C)O)C1Cc4ccc(O)c5c4C3(CCN1C)C2O5
CC1=CC=CC=C1C=CC(=O)NC23CCC(=O)C4C25CCN(C3CC6=C5C(=C(C=C6)OC)O4)CC7CC7,-1.3222192947339193,COc1ccc2c3c1OC1C(=O)CCC4(NC(=O)C=Cc5ccccc5C)C(C2)N(CC2CC2)CCC314
CCN(CC)C(=O)C1=CC=C(C=C1)C(C2=CC(=CC=C2)O)N3CC(N(CC3C)CC=C)C,0.585026652029182,C=CCN1CC(C)N(C(c2ccc(C(=O)N(CC)CC)cc2)c2cccc(O)c2)CC1C
CC1=CC=CC=C1C=CC(=O)NC23CCC(=O)C4C25CCN(C3CC6=C5C(=C(C=C6)OC)O4)C,-0.6627578316815741,COc1ccc2c3c1OC1C(=O)CCC4(NC(=O)C=Cc5ccccc5C)C(C2)N(C)CCC314
CCCCC(C(=O)NC(CC1=CC=CC=C1)C(=O)N2CCC(CC2)N(C3=CC=CC=C3)C(=O)CC)NC(=O)C(CC4=C(C=C(C=C4C)O)C)N,-0.4471580313422192,CCCCC(NC(=O)C(N)Cc1c(C)cc(O)cc1C)C(=O)NC(Cc1ccccc1)C(=O)N1CCC(N(C(=O)CC)c2ccccc2)CC1
CCN(CC)C(=O)C1=CC=C(C=C1)N(C2CCN(CC2)CCC3=CC=CS3)C4=CC(=CC=C4)OC,-1.2355284469075491,CCN(CC)C(=O)c1ccc(N(c2cccc(OC)c2)C2CCN(CCc3cccs3)CC2)cc1
CCN(CC)C(=O)C1=CC=C(C=C1)C(C2=CC=CC3=CC=CC=C32)N4CCNCC4,-1.2552725051033058,CCN(CC)C(=O)c1ccc(C(c2cccc3ccccc23)N2CCNCC2)cc1
CC1CN(CCC1(C)C2=CC(=CC=C2)O)CC(C(C)C)NC(=O)C3=CC4=C(C=C3)C=C(C=C4)O,-2.57978359661681,CC(C)C(CN1CCC(C)(c2cccc(O)c2)C(C)C1)NC(=O)c1ccc2cc(O)ccc2c1
CC(C)CC(C(=O)NC(CC1=CNC2=CC=CC=C21)C(=O)OCC3=CC(=CC(=C3)C(F)(F)F)C(F)(F)F)NC(=O)C4CCCN4C(=O)C(CC(C)C)NC(=O)C(CC5=CC=CC=C5)NC(=O)CNC(=O)C(C)NC(=O)C(CC6=CC=C(C=C6)O)N,-0.9822712330395684,CC(C)CC(NC(=O)C1CCCN1C(=O)C(CC(C)C)NC(=O)C(Cc1ccccc1)NC(=O)CNC(=O)C(C)NC(=O)C(N)Cc1ccc(O)cc1)C(=O)NC(Cc1c[nH]c2ccccc12)C(=O)OCc1cc(C(F)(F)F)cc(C(F)(F)F)c1
CC1=NSC(=N1)SCC2CC34CCC2(C5C36CCN(C4CC7=C6C(=C(C=C7)OC)O5)CC8CC8)OC,-2.806322453486497,COc1ccc2c3c1OC1C4(OC)CCC5(CC4CSc4nc(C)ns4)C(C2)N(CC2CC2)CCC315
CC(C(=O)NCC(=O)NC(CC1=CC=C(C=C1)Cl)C(=O)NCC(=O)NC(CC2=CNC3=CC=CC=C32)C(=O)OCC4=CC(=CC(=C4)C(F)(F)F)C(F)(F)F)NC(=O)C(CC5=CC=C(C=C5)O)N,-1.3979400086720375,CC(NC(=O)C(N)Cc1ccc(O)cc1)C(=O)NCC(=O)NC(Cc1ccc(Cl)cc1)C(=O)NCC(=O)NC(Cc1c[nH]c2ccccc12)C(=O)OCc1cc(C(F)(F)F)cc(C(F)(F)F)c1
CCCCC(C(=O)NC(CC1=CN(C2=CC=CC=C21)C(=O)OC(C)(C)C)C(=O)O)NC(=O)C(CC(=O)O)NC(=O)C(CC3=CC=CC=C3)NNC(CC4=CC=CC=C4)C(=O)NCC(=O)NC(C)C(=O)NC(CC5=CC=C(C=C5)O)C(=O)O,-1.869231719730976,CCCCC(NC(=O)C(CC(=O)O)NC(=O)C(Cc1ccccc1)NNC(Cc1ccccc1)C(=O)NCC(=O)NC(C)C(=O)NC(Cc1ccc(O)cc1)C(=O)O)C(=O)NC(Cc1cn(C(=O)OC(C)(C)C)c2ccccc12)C(=O)O
CC(C)C(C(=O)NC(CCC(=O)NCC(=O)N(C1CCN(CC1)CCC2=CC=CC=C2)C3=CC=CC=C3)C(=O)N)NC(=O)C(C(C)C)NC(=O)C(C)(C)NC(=O)C(CC4=CC=CC=C4)NC(=O)C(C)NC(=O)C(CC5=CC=C(C=C5)O)N,-0.2304489213782739,CC(NC(=O)C(N)Cc1ccc(O)cc1)C(=O)NC(Cc1ccccc1)C(=O)NC(C)(C)C(=O)NC(C(=O)NC(C(=O)NC(CCC(=O)NCC(=O)N(c1ccccc1)C1CCN(CCc2ccccc2)CC1)C(N)=O)C(C)C)C(C)C
C1CCN(C1)CCN2C3=CC=CC=C3N=C2NC(=O)C4=CC(=C(C=C4)Cl)Cl,-3.230448921378274,O=C(Nc1nc2ccccc2n1CCN1CCCC1)c1ccc(Cl)c(Cl)c1
CC(C)CC(C(=O)NC(CC1=CNC2=CC=CC=C21)C(=O)OCC3=CC(=CC(=C3)C(F)(F)F)C(F)(F)F)NC(=O)C4CCCN4C(=O)C(CC5=CC=CC=C5)NC(=O)CNC(=O)C(C)NC(=O)C(CC6=CC=C(C=C6)O)N,-1.5440680443502757,CC(C)CC(NC(=O)C1CCCN1C(=O)C(Cc1ccccc1)NC(=O)CNC(=O)C(C)NC(=O)C(N)Cc1ccc(O)cc1)C(=O)NC(Cc1c[nH]c2ccccc12)C(=O)OCc1cc(C(F)(F)F)cc(C(F)(F)F)c1
C1CN(CCC1(C2=CC=CC=C2)C3=NC=CN3CC4=CC=CC=C4)C(=O)NC5=CC=CC=C5,-3.1699681739968923,O=C(Nc1ccccc1)N1CCC(c2ccccc2)(c2nccn2Cc2ccccc2)CC1
C1CN(CCC1(C2=CC=CC=C2)NC(=O)C3=CC=CC=N3)C4=NC=CC(=C4)N,-1.7781512503836436,Nc1ccnc(N2CCC(NC(=O)c3ccccn3)(c3ccccc3)CC2)c1
CCCCC1C(=O)N2CCCC2C(=O)NC(C(SSC(C(C(=O)NCC(=O)NC(C(=O)N1)CC3=CC=CC=C3)NC(=O)C(CC4=CC=C(C=C4)O)N)(C)C)(C)C)C(=O)N5CCCC5C(=O)NC(CC(C)C)C(=O)NC(CC6=CNC7=CC=CC=C76)C(=O)NCC8=CC(=CC(=C8)C(F)(F)F)C(F)(F)F,-2.0791812460476247,CCCCC1NC(=O)C(Cc2ccccc2)NC(=O)CNC(=O)C(NC(=O)C(N)Cc2ccc(O)cc2)C(C)(C)SSC(C)(C)C(C(=O)N2CCCC2C(=O)NC(CC(C)C)C(=O)NC(Cc2c[nH]c3ccccc23)C(=O)NCc2cc(C(F)(F)F)cc(C(F)(F)F)c2)NC(=O)C2CCCN2C1=O
CN1CCC23C4C(=O)CCC2(C1CC5=C3C(=C(C=C5)OC)O4)NC(=O)C=CC6=CC=C(C=C6)Cl,-0.6989700043360189,COc1ccc2c3c1OC1C(=O)CCC4(NC(=O)C=Cc5ccc(Cl)cc5)C(C2)N(C)CCC314
CC1=CC=CC=C1COCC2CC34CCC2(C5C36CCN(C4CC7=C6C(=C(C=C7)OCCO)O5)C)OC,-1.3473300153169503,COC12CCC3(CC1COCc1ccccc1C)C1Cc4ccc(OCCO)c5c4C3(CCN1C)C2O5
CC1(CC2=C(C(C3=C(O2)CC(CC3=O)(C)C)C4=CC=C(C=C4)OCC5=C(C(=CC=C5)Cl)Cl)C(=O)C1)C,-2.0,CC1(C)CC(=O)C2=C(C1)OC1=C(C(=O)CC(C)(C)C1)C2c1ccc(OCc2cccc(Cl)c2Cl)cc1
CC1=C(C(=NO1)C)COCC2CC34CCC2(C5C36CCN(C4CC7=C6C(=C(C=C7)OC)O5)CC8CC8)OC,-2.3603282880720524,COc1ccc2c3c1OC1C4(OC)CCC5(CC4COCc4c(C)noc4C)C(C2)N(CC2CC2)CCC315
CCCCC(C(=O)NC(CC(=O)O)C(=O)NC(CC1=CC=CC=C1)C(=O)NNC(=O)C(CC2=CC=CC=C2)NC(=O)CNC(=O)C(C)NC(=O)C(CC3=CC=C(C=C3)O)N)NC(=O)C(CC4=CC5=CC=CC=C5N4)N,-1.3222192947339193,CCCCC(NC(=O)C(N)Cc1cc2ccccc2[nH]1)C(=O)NC(CC(=O)O)C(=O)NC(Cc1ccccc1)C(=O)NNC(=O)C(Cc1ccccc1)NC(=O)CNC(=O)C(C)NC(=O)C(N)Cc1ccc(O)cc1
CC(C)CC(C(=O)NC(C(C)O)C(=O)O)NC(=O)C(CC1=CC=CC=C1)NC(=O)CNC(=O)C(CO)NC(=O)C(CC2=CC=CC(=C2)C(=O)N)N,-2.8633228601204563,CC(C)CC(NC(=O)C(Cc1ccccc1)NC(=O)CNC(=O)C(CO)NC(=O)C(N)Cc1cccc(C(N)=O)c1)C(=O)NC(C(=O)O)C(C)O
CC(C)CC(C(=O)NC(CC1=CNC2=CC=CC=C21)C(=O)NCC3=CC(=CC(=C3)C(F)(F)F)C(F)(F)F)NC(=O)C4CCCN4C(=O)C5CSSCC(C(=O)NCC(=O)NC(C(=O)N5)CC6=CC=CC=C6)NC(=O)C(CC7=CC=C(C=C7)O)N,-1.7075701760979365,CC(C)CC(NC(=O)C1CCCN1C(=O)C1CSSCC(NC(=O)C(N)Cc2ccc(O)cc2)C(=O)NCC(=O)NC(Cc2ccccc2)C(=O)N1)C(=O)NC(Cc1c[nH]c2ccccc12)C(=O)NCc1cc(C(F)(F)F)cc(C(F)(F)F)c1
CCCCC(C(=O)NCC(=O)NC(CC1=CC=C(C=C1)F)C(=O)N2CCC(CC2)N(C3=CC=CC=C3)C(=O)CC)NC(=O)C(CC4=C(C=C(C=C4C)O)C)N,1.1549019599857429,CCCCC(NC(=O)C(N)Cc1c(C)cc(O)cc1C)C(=O)NCC(=O)NC(Cc1ccc(F)cc1)C(=O)N1CCC(N(C(=O)CC)c2ccccc2)CC1
CC1(CC2=C(C(C3=C(O2)CC(CC3=O)(C)C)C4=CC=C(C=C4)OCC5=CC=C(C=C5)F)C(=O)C1)C,-2.0,CC1(C)CC(=O)C2=C(C1)OC1=C(C(=O)CC(C)(C)C1)C2c1ccc(OCc2ccc(F)cc2)cc1
CC1=C(N=C(N1)C2CC3=CC=CC=C3CN2C(=O)C(CC4=CC=C(C=C4)O)N)C5=CC=CC=C5,-2.103803720955957,Cc1[nH]c(C2Cc3ccccc3CN2C(=O)C(N)Cc2ccc(O)cc2)nc1-c1ccccc1
CCCCCCC(=O)NC12CC3=C(C4C15CCN(C2CC6=C5C(=C(C=C6)O)O4)C)NC7=CC=CC=C37,-1.2787536009528289,CCCCCCC(=O)NC12Cc3c([nH]c4ccccc34)C3Oc4c(O)ccc5c4C31CCN(C)C2C5
CS(=O)(=O)C1=CNC(=C1)C(=O)NC2=NC3=CC=CC=C3N2CCN4CCCC4,-1.8573324964312683,CS(=O)(=O)c1c[nH]c(C(=O)Nc2nc3ccccc3n2CCN2CCCC2)c1
CC(C)CC1CN2C(CN3C(CN=C3C=C2N1CCC4=CC=CC=C4)CC5=CC=CC=C5)CC6=CC=C(C=C6)O,-3.214578953570499,CC(C)CC1CN2C(=CC3=NCC(Cc4ccccc4)N3CC2Cc2ccc(O)cc2)N1CCc1ccccc1
CN1CCC23C4C(=O)CCC2(C1CC5=C3C(=C(C=C5)OC)O)CC4=CC6=CC=CC=C6,-0.6227319651647191,COc1ccc2c(c1O)C13CCN(C)C(C2)C12CCC(=O)C3C(=Cc1ccccc1)C2
CN(C)CC1CCC2=C(C1(C3=CC(=CC=C3)O)O)C=CC(=C2)C4=CC=CC=C4C(F)(F)F,-2.9542425094393248,CN(C)CC1CCc2cc(-c3ccccc3C(F)(F)F)ccc2C1(O)c1cccc(O)c1
CCN(CC)C(=O)C1=C(C=C(C=C1)C2=CC3(CCNCC3)OC4=CC=CC=C42)C,-2.4913616938342726,CCN(CC)C(=O)c1ccc(C2=CC3(CCNCC3)Oc3ccccc32)cc1C
CC1C2CC3=C(C1(CCN2CC4CC4)C)C=C(C=C3)C(=O)NCCC5=CC=C(C=C5)C6=CC=C(C=C6)OC,0.16749108729376366,COc1ccc(-c2ccc(CCNC(=O)c3ccc4c(c3)C3(C)CCN(CC5CC5)C(C4)C3C)cc2)cc1
CC12C3=C(CC4(C15CCN(C4CC6=C5C(=C(C=C6)O)O2)C)CCCC7=CC=CC=C7)C8=CC=CC=C8N3,0.060480747381381476,CN1CCC23c4c5ccc(O)c4OC2(C)c2[nH]c4ccccc4c2CC3(CCCc2ccccc2)C1C5
CCN(CC)C(=O)C1=NC=C(C=C1)C2=CC3(CCNCC3)OC4=CC=CC=C42,-2.1760912590556813,CCN(CC)C(=O)c1ccc(C2=CC3(CCNCC3)Oc3ccccc32)cn1
CC1C2CC3=C(C1(CCN2CC4CC4)C)C=C(C=C3)C(=O)NCCC5=CC=C(C=C5)C6=CC7=C(C=C6)OCO7,0.0969100130080564,CC1C2Cc3ccc(C(=O)NCCc4ccc(-c5ccc6c(c5)OCO6)cc4)cc3C1(C)CCN2CC1CC1
CN(C)C(=O)C(CCN1CCC(CC1)(C2=CC=C(C=C2)Cl)O)(C3=CC=CC=C3)C4=CC=CC=C4,-2.1931245983544616,CN(C)C(=O)C(CCN1CCC(O)(c2ccc(Cl)cc2)CC1)(c1ccccc1)c1ccccc1
C1CC1CN2CCC34C5C6C(=O)N(C57CCC3(C2CC8=C4C(=C(C=C8)O)OCO7)O6)CC9=CC=CC=C9,-0.11394335230683678,O=C1C2OC34CCC5(OCOc6c(O)ccc7c6C3(CCN(CC3CC3)C4C7)C25)N1Cc1ccccc1
CCN(CC)C(=O)C1=CC=C(C=C1)N(C2CCN(CC2)CC3=CC=CC=C3)C4=CC=CC(=C4)N,-1.2810333672477277,CCN(CC)C(=O)c1ccc(N(c2cccc(N)c2)C2CCN(Cc3ccccc3)CC2)cc1
CC(=O)C1=CC=C(C=C1)S(=O)(=O)NCC2=CC=C(C=C2)C(=O)NCC(C3=CC=CC=C3)N(C)C,-3.2041199826559246,CC(=O)c1ccc(S(=O)(=O)NCc2ccc(C(=O)NCC(c3ccccc3)N(C)C)cc2)cc1
CCN(CC)C(=O)C1=CC(=C(C=C1)C2=CC3(CCNCC3)OC4=CC=CC=C42)F,-2.991226075692495,CCN(CC)C(=O)c1ccc(C2=CC3(CCNCC3)Oc3ccccc32)c(F)c1
C1CNCCC12C=C(C3=CC=CC=C3O2)C4=CC=C(C=C4)C(=O)O,-2.342422680822206,O=C(O)c1ccc(C2=CC3(CCNCC3)Oc3ccccc32)cc1
CC1CN(CCC1(C)C2=CC(=CC=C2)O)CC(C(C)C)NC(=O)C3=CC4=C(C=C3)C=C(C=C4)O.Cl,-2.57978359661681,CC(C)C(CN1CCC(C)(c2cccc(O)c2)C(C)C1)NC(=O)c1ccc2cc(O)ccc2c1.Cl
CCN(CC)C(=O)C1=CC=C(C=C1)N(C2CC3CCC(C2)N3CC=C)C4=CC=CC=C4,-1.0791812460476249,C=CCN1C2CCC1CC(N(c1ccccc1)c1ccc(C(=O)N(CC)CC)cc1)C2
COC1=C2C3=C(CC4C56C3(CCN4CC7CC7)C(O2)C(CC5)(C(C6)COC(=O)C(CC8=CC=CC=C8)N)OC)C=C1,-1.7601207852645675,COc1ccc2c3c1OC1C4(OC)CCC5(CC4COC(=O)C(N)Cc4ccccc4)C(C2)N(CC2CC2)CCC315
CC(C(=O)NCC(=O)NC(CC1=CC=CC=C1)C(=O)N)NC(=O)C(CC2=CC=C(C=C2)O)N,-2.2787536009528293,CC(NC(=O)C(N)Cc1ccc(O)cc1)C(=O)NCC(=O)NC(Cc1ccccc1)C(N)=O
CC1=C(C(=NO1)C)COCC2CC34CCC2(C5C36CCN(C4CC7=C6C(=C(C=C7)OC)O5)C)OC,-2.9250025076809774,COc1ccc2c3c1OC1C4(OC)CCC5(CC4COCc4c(C)noc4C)C(C2)N(C)CCC315
CC(C)CN1CCC23C4C5C(=O)N(C46CCC2(C1CC7=C3C(=C(C=C7)O)OCO6)O5)CC8=CC=CC=C8,-1.8920946026904804,CC(C)CN1CCC23c4c5ccc(O)c4OCOC46CCC2(OC(C(=O)N4Cc2ccccc2)C63)C1C5
CC1=CC(=CC(=C1CC(C(=O)NC(C)C(=O)NC(CC2=CNC3=CC=CC=C32)C(=O)OCC4=CC(=CC(=C4)C(F)(F)F)C(F)(F)F)N)C)O,-1.0791812460476249,Cc1cc(O)cc(C)c1CC(N)C(=O)NC(C)C(=O)NC(Cc1c[nH]c2ccccc12)C(=O)OCc1cc(C(F)(F)F)cc(C(F)(F)F)c1
CC(C1CC23CCC1(C4C25CCN(C3CC6=C5C(=C(C=C6)O)O4)CC7CC7)OC)(C8=CC=CC=C8)O,-0.4281347940287889,COC12CCC3(CC1C(C)(O)c1ccccc1)C1Cc4ccc(O)c5c4C3(CCN1CC1CC1)C2O5
COC12CCC3(CC1CNCC4=CC=CC=C4)C5CC6=C7C3(C2OC7=C(C=C6)O)CCN5CC8CC8,-2.6341042818288924,COC12CCC3(CC1CNCc1ccccc1)C1Cc4ccc(O)c5c4C3(CCN1CC1CC1)C2O5
CCN(CC)C(=O)C1=CC=C(C=C1)N(C2CCN(CC2)CCC3CCCCC3)C4=CC(=CC=C4)O,-1.2776092143040911,CCN(CC)C(=O)c1ccc(N(c2cccc(O)c2)C2CCN(CCC3CCCCC3)CC2)cc1
CN(C)C(CNC(=O)C1=CC=CC=C1OCC(=O)NC2=CC(=C(C=C2)OC)Cl)C3=CC=CC=C3,-3.990871404801486,COc1ccc(NC(=O)COc2ccccc2C(=O)NCC(c2ccccc2)N(C)C)cc1Cl
CCN(CC)C(=O)C1=CC=C(C=C1)C(=C2CCNCC2)C3=CC=CC=C3,-0.8573324964312685,CCN(CC)C(=O)c1ccc(C(=C2CCNCC2)c2ccccc2)cc1
CCN(CC)C(=O)C1=C(C=C(C=C1)C2=CC3(CCNCC3)OC4=CC=CC=C42)O,-1.414973347970818,CCN(CC)C(=O)c1ccc(C2=CC3(CCNCC3)Oc3ccccc32)cc1O
CCC(=O)N(C1CCN(CC1)C(=O)C(CC2=CC=CC=C2)NC(=O)C(CC3=CC=CC=C3)NC(=O)CNC(=O)C(C)NC(=O)C(CC4=CC=C(C=C4)O)N)C5=CC=CC=C5,-1.5690811597004195,CCC(=O)N(c1ccccc1)C1CCN(C(=O)C(Cc2ccccc2)NC(=O)C(Cc2ccccc2)NC(=O)CNC(=O)C(C)NC(=O)C(N)Cc2ccc(O)cc2)CC1
CCN(CC)C(=O)C1=CC(=CS1)C2=CC3(CCNCC3)OC4=CC=CC=C42,-2.568201724066995,CCN(CC)C(=O)c1cc(C2=CC3(CCNCC3)Oc3ccccc32)cs1
CC1=CC(=C(N1C2=CC=C(C=C2)O)C)C=C3C(=O)NN(C3=O)C4=CC=CC=C4,-3.9682493941079175,Cc1cc(C=C2C(=O)NN(c3ccccc3)C2=O)c(C)n1-c1ccc(O)cc1
C1CC1CN2CCC34C5C(CCC3(C2CC6=C4C(=C(C=C6)O)O5)OCCCC7=CC=CC=C7)NCC(=O)O.Cl.Cl,0.16115090926274472,Cl.Cl.O=C(O)CNC1CCC2(OCCCc3ccccc3)C3Cc4ccc(O)c5c4C2(CCN3CC2CC2)C1O5
CC(C)CC(C(=O)NC(CC1=CNC2=CC=CC=C21)C(=O)OCC3=CC(=CC(=C3)C(F)(F)F)C(F)(F)F)NC(=O)C4CCCN4C(=O)C(CC5=CC=CC=C5)NC(=O)C(CC6=CC=CC=C6)NC(=O)CNC(=O)C(C)NC(=O)C(CC7=CC=C(C=C7)O)N,-1.230448921378274,CC(C)CC(NC(=O)C1CCCN1C(=O)C(Cc1ccccc1)NC(=O)C(Cc1ccccc1)NC(=O)CNC(=O)C(C)NC(=O)C(N)Cc1ccc(O)cc1)C(=O)NC(Cc1c[nH]c2ccccc12)C(=O)OCc1cc(C(F)(F)F)cc(C(F)(F)F)c1
CC1=CC(=CC(=C1CC(C(=O)N2CCC3=CC=CC=C3C2C(=O)NC(CC4=CC=CC=C4)C(C(=O)NC(CC5=CC=CC=C5)C(=O)N)O)N)C)O,-1.3617278360175928,Cc1cc(O)cc(C)c1CC(N)C(=O)N1CCc2ccccc2C1C(=O)NC(Cc1ccccc1)C(O)C(=O)NC(Cc1ccccc1)C(N)=O
CCN(CC)C(=O)C1=CC=C(C=C1)N(C2CCN(CC2)CCC3=CC=NC=C3)C4=CC(=CC=C4)O,-0.7697464671794535,CCN(CC)C(=O)c1ccc(N(c2cccc(O)c2)C2CCN(CCc3ccncc3)CC2)cc1
CN1CCC23C4C(=O)CCC2(C1CC5=C3C(=C(C=C5)OC)O4)NC(=O)C=CC6=CC=C(C=C6)Cl,-0.6989700043360189,COc1ccc2c3c1OC1C(=O)CCC4(NC(=O)C=Cc5ccc(Cl)cc5)C(C2)N(C)CCC314
CC1=CC(=CC(=C1CC(C(=O)N(CC2=CC=CC=C2)C(C)C3=NC=C(N3)C4=CC=CC=C4)N)C)C(=O)N,-1.5440680443502757,Cc1cc(C(N)=O)cc(C)c1CC(N)C(=O)N(Cc1ccccc1)C(C)c1ncc(-c2ccccc2)[nH]1
CC1=CC=C(C=C1)C=CC(=O)NC23CCC(=O)C4C25CCN(C3CC6=C5C(=C(C=C6)OC)O4)C,-1.880813592280792,COc1ccc2c3c1OC1C(=O)CCC4(NC(=O)C=Cc5ccc(C)cc5)C(C2)N(C)CCC314
CC(C)CN1CCC23CC4=NC5=CC=CC=C5C=C4CC2C1CC6=C3C=C(C=C6)O,1.2218487496163564,CC(C)CN1CCC23Cc4nc5ccccc5cc4CC2C1Cc1ccc(O)cc13
CC(C(=O)NCC(=O)NC(CC1=CC=CC=C1)C(=O)NCCC(=O)NC(CC2=CNC3=CC=CC=C32)C(=O)OCC4=CC(=CC(=C4)C(F)(F)F)C(F)(F)F)NC(=O)C(CC5=CC=C(C=C5)O)N,-2.204119982655925,CC(NC(=O)C(N)Cc1ccc(O)cc1)C(=O)NCC(=O)NC(Cc1ccccc1)C(=O)NCCC(=O)NC(Cc1c[nH]c2ccccc12)C(=O)OCc1cc(C(F)(F)F)cc(C(F)(F)F)c1
C1CC1CN2CCC34C5C(CCC3(C2CC6=C4C(=C(C=C6)O)O5)O)NC(=O)C7=CC=C(C=C7)C(F)(F)F.C(=O)(C(=O)O)O,-0.7075701760979364,O=C(NC1CCC2(O)C3Cc4ccc(O)c5c4C2(CCN3CC2CC2)C1O5)c1ccc(C(F)(F)F)cc1.O=C(O)C(=O)O
COC12CCC3(CC1COCC4=CC=CC=C4)C5CC6=C7C3(C2OC7=C(C=C6)Br)CCN5CC8CC8,-2.1319072427743864,COC12CCC3(CC1COCc1ccccc1)C1Cc4ccc(Br)c5c4C3(CCN1CC1CC1)C2O5
C1CC1CN2CCC34C5C(CCC3(C2CC6=C4C(=C(C=C6)O)O5)OCCCC7=CC=CC=C7)NCC(=O)O,0.16115090926274472,O=C(O)CNC1CCC2(OCCCc3ccccc3)C3Cc4ccc(O)c5c4C2(CCN3CC2CC2)C1O5
COCCOCCOCCOCCOCCOC1=C2C3=C(CC4C56C3(CCN4CC7CC7)C(O2)C(CC5)(C(C6)COCC8=CC=CC=C8)OC)C=C1,-1.9418591265253733,COCCOCCOCCOCCOCCOc1ccc2c3c1OC1C4(OC)CCC5(CC4COCc4ccccc4)C(C2)N(CC2CC2)CCC315
CC(C)N(C(C)C)C(=O)C1=CC=C(C=C1)C(=C2CC3CCC(C2)N3CCC4=CC=CC=C4)C5=CC=CC=C5,-3.7025166974381514,CC(C)N(C(=O)c1ccc(C(=C2CC3CCC(C2)N3CCc2ccccc2)c2ccccc2)cc1)C(C)C
CCN(CC)C(=O)C1=CC=C(C=C1)C(=C2CCNCC2)C3=CC(=CC=C3)C(F)(F)F,-0.5037906830571812,CCN(CC)C(=O)c1ccc(C(=C2CCNCC2)c2cccc(C(F)(F)F)c2)cc1
CC(C1CC23C=CC1(C4C25CCN(C3CC6=C5C(=C(C=C6)O)O4)C)OC)OCC7=CC=CC=C7,-1.2833012287035497,COC12C=CC3(CC1C(C)OCc1ccccc1)C1Cc4ccc(O)c5c4C3(CCN1C)C2O5
COC12C=CC3(CC1C(C4=CC=CC=C4)O)C5CC6=C7C3(C2OC7=C(C=C6)O)CCN5CC8CC8,-0.250420002308894,COC12C=CC3(CC1C(O)c1ccccc1)C1Cc4ccc(O)c5c4C3(CCN1CC1CC1)C2O5
CN(C1=CC=CC=C1)C(=O)N2CCC(CC2)(C3=CC=CC=C3)C4=NC=CN4CC5=CC=CC=C5,-2.8898617212581885,CN(C(=O)N1CCC(c2ccccc2)(c2nccn2Cc2ccccc2)CC1)c1ccccc1
CCN(CC)C(=O)C1=CC=C(C=C1)C2=CC3(CCNCC3)OC4=C2C=C(C=C4)O,-0.146128035678238,CCN(CC)C(=O)c1ccc(C2=CC3(CCNCC3)Oc3ccc(O)cc32)cc1
CC1=CC=CC=C1COC2=CC=C(C=C2)C3C4=C(CC(CC4=O)(C)C)OC5=C3C(=O)CC(C5)(C)C,-1.4771212547196624,Cc1ccccc1COc1ccc(C2C3=C(CC(C)(C)CC3=O)OC3=C2C(=O)CC(C)(C)C3)cc1
CN1CCC23C4C5=C(CC2(C1CC6=C3C(=C(C=C6)O)O4)OCC=CC7=CC=CC=C7)C=C(C=N5)C8=CC=C(C=C8)Cl,0.22914798835785585,CN1CCC23c4c5ccc(O)c4OC2c2ncc(-c4ccc(Cl)cc4)cc2CC3(OCC=Cc2ccccc2)C1C5
C1CN(CCC1(C2=CC=CC=C2)C3=NC=CN3CC4=CC=CC=C4)C5=NC=CC=N5,-1.146128035678238,c1ccc(Cn2ccnc2C2(c3ccccc3)CCN(c3ncccn3)CC2)cc1
CCCCC(C(=O)NCC(=O)NC(CC1=CNC2=CC=CC=C21)C(=O)NC(CCCC)C(=O)NC(CC(=O)O)C(=O)NC(CC3=CC=CC=C3)C(=O)N)NC(=O)C(CC4=CC=C(C=C4)O)N,-0.6127838567197355,CCCCC(NC(=O)C(N)Cc1ccc(O)cc1)C(=O)NCC(=O)NC(Cc1c[nH]c2ccccc12)C(=O)NC(CCCC)C(=O)NC(CC(=O)O)C(=O)NC(Cc1ccccc1)C(N)=O
CC1CN(C2CC(CC1(C2)C3=CC(=CC=C3)O)N(C)CC4CC4)CCCC5=CC=CC=C5.Cl.Cl,-1.0128372247051722,CC1CN(CCCc2ccccc2)C2CC(N(C)CC3CC3)CC1(c1cccc(O)c1)C2.Cl.Cl
CC12CCC3C(=O)OC(CC3(C1C(=O)C(CC2C(=O)OC)OC(=O)NC4=CC=CC=C4)C)C5=COC=C5,-3.4031205211758184,COC(=O)C1CC(OC(=O)Nc2ccccc2)C(=O)C2C1(C)CCC1C(=O)OC(c3ccoc3)CC12C
CCN(CC)C(=O)C1=CC=C(C=C1)N(C2CCN(CC2)CCC3=COC=C3)C4=CC(=CC=C4)OC,-1.9382694834629115,CCN(CC)C(=O)c1ccc(N(c2cccc(OC)c2)C2CCN(CCc3ccoc3)CC2)cc1
CC1=CC(=CC(=C1CC(C(=O)N(CC2=CC=CC=C2)C(C)C3=NC=C(N3)C4=CC=CC=C4)N)C)O,-1.3010299956639813,Cc1cc(O)cc(C)c1CC(N)C(=O)N(Cc1ccccc1)C(C)c1ncc(-c2ccccc2)[nH]1
CC(C)CN1CCC23CC4=NC5=CC=CC=C5C=C4CC2C1CC6=C3C(=CC=C6)O,-0.3654879848908996,CC(C)CN1CCC23Cc4nc5ccccc5cc4CC2C1Cc1cccc(O)c13
CC(C)CC(C(=O)OCC1CC23CCC1(C4C25CCN(C3CC6=C5C(=C(C=C6)OC)O4)CC7CC7)OC)N,-2.1104550244610154,COc1ccc2c3c1OC1C4(OC)CCC5(CC4COC(=O)C(N)CC(C)C)C(C2)N(CC2CC2)CCC315
CN1CCC23C4C5=NC(=NC=C5CC2(C1CC6=C3C(=C(C=C6)O)O4)O)N,-1.819839944515207,CN1CCC23c4c5ccc(O)c4OC2c2nc(N)ncc2CC3(O)C1C5
C1CC1CN2CCC34C5C6C(=O)N(C57CCC3(C2CC8=C4C(=C(C=C8)O)OCO7)O6)CCC9=CC=CC=C9,0.28819277095880896,O=C1C2OC34CCC5(OCOc6c(O)ccc7c6C3(CCN(CC3CC3)C4C7)C25)N1CCc1ccccc1
CCCCC(C(=O)NC(CC(=O)O)C(=O)NC(CC1=CC=CC=C1)C(=O)N)N(C)C(=O)C(CC2=CNC3=CC=CC=C32)NC(=O)CNC(=O)CNC(=O)C(CC4=CC=C(C=C4)O)N,-1.8808135922807916,CCCCC(C(=O)NC(CC(=O)O)C(=O)NC(Cc1ccccc1)C(N)=O)N(C)C(=O)C(Cc1c[nH]c2ccccc12)NC(=O)CNC(=O)CNC(=O)C(N)Cc1ccc(O)cc1
CC1(CC2=C(C(C3=C(O2)CC(CC3=O)(C)C)C4=CC=C(C=C4)OCC5=CC=CC=C5)C(=O)C1)C,-2.3010299956639813,CC1(C)CC(=O)C2=C(C1)OC1=C(C(=O)CC(C)(C)C1)C2c1ccc(OCc2ccccc2)cc1
C1CC1CN2CCC34C5C(CCC3(C2CC6=C4C(=C(C=C6)O)O5)O)NC(=O)C7=CC=C(C=C7)I.C(=O)(C(=O)O)O,-0.7075701760979364,O=C(NC1CCC2(O)C3Cc4ccc(O)c5c4C2(CCN3CC2CC2)C1O5)c1ccc(I)cc1.O=C(O)C(=O)O
CCN(CC)C(=O)C1=CC=C(C=C1)C(C2=CC=CC=C2)N3CCN(CC3)C,-2.3242824552976926,CCN(CC)C(=O)c1ccc(C(c2ccccc2)N2CCN(C)CC2)cc1
CCC(C)C(C(=O)NC(CCCN=C(N)N)C(=O)N1CCCC1C(=O)NC(CCCCN)C(=O)NC(CC(C)C)C(=O)NC(CCCCN)C(=O)O)NC(=O)C(CCCN=C(N)N)NC(=O)C(CCCN=C(N)N)NC(=O)C(CC(C)C)NC(=O)C(CC2=CC=CC=C2)NC(=O)CNC(=O)CNC(=O)C(CC3=CC=C(C=C3)O)N,-1.2743887955503792,CCC(C)C(NC(=O)C(CCCN=C(N)N)NC(=O)C(CCCN=C(N)N)NC(=O)C(CC(C)C)NC(=O)C(Cc1ccccc1)NC(=O)CNC(=O)CNC(=O)C(N)Cc1ccc(O)cc1)C(=O)NC(CCCN=C(N)N)C(=O)N1CCCC1C(=O)NC(CCCCN)C(=O)NC(CC(C)C)C(=O)NC(CCCCN)C(=O)O
CC(C)(CC(C)(C1CC23CCC1(C4C25CCN(C3CC6=C5C(=C(C=C6)O)O4)CC7CC7)OC)O)C8=CC=CC=C8,-3.5328817194073974,COC12CCC3(CC1C(C)(O)CC(C)(C)c1ccccc1)C1Cc4ccc(O)c5c4C3(CCN1CC1CC1)C2O5
C1C(C(=O)NC(C(=O)NC(C(=O)NC(CSCS1)C(=O)N)CC2=CC3=CC=CC=C3C=C2)CC4=CC=CC=C4)NC(=O)C(CC5=CC=C(C=C5)O)N,-1.5563025007672873,NC(=O)C1CSCSCC(NC(=O)C(N)Cc2ccc(O)cc2)C(=O)NC(Cc2ccccc2)C(=O)NC(Cc2ccc3ccccc3c2)C(=O)N1
C1CC1CN2CCC34C5C(CCC3(C2CC6=C4C(=C(C=C6)O)O5)O)NC(=O)CNC(=O)C7=CC=NC=C7,-1.2787536009528289,O=C(CNC(=O)c1ccncc1)NC1CCC2(O)C3Cc4ccc(O)c5c4C2(CCN3CC2CC2)C1O5
COC1=C2C3=C(CC4C56C3(CCN4CC7CC7)C(O2)C(CC5)(C(C6)CSCC8=CC=CC=C8)OC)C=C1,-2.2448953336918613,COc1ccc2c3c1OC1C4(OC)CCC5(CC4CSCc4ccccc4)C(C2)N(CC2CC2)CCC315
CC1=CC(=CC(=C1CC(C(=O)N2CC3=CC=CC=C3CC2CNC(=O)NC4=CC=CC=C4)N)C)O,0.12493873660829992,Cc1cc(O)cc(C)c1CC(N)C(=O)N1Cc2ccccc2CC1CNC(=O)Nc1ccccc1
CN1CCC23C4C5=C(CC2(C1CC6=C3C(=C(C=C6)O)O4)CCCC7=CC=CC=C7)C8=CC=CC=C8N5,-0.875928984922927,CN1CCC23c4c5ccc(O)c4OC2c2[nH]c4ccccc4c2CC3(CCCc2ccccc2)C1C5
CN1CCC23C4C5=C(CC2(C1CC6=C3C(=C(C=C6)O)O4)O)C=NN5,-1.3981136917305026,CN1CCC23c4c5ccc(O)c4OC2c2[nH]ncc2CC3(O)C1C5
CN(C)CC1CCC2=C(C1(C3=CC(=CC=C3)O)O)C=CC(=C2)C4=CC=CC=C4F,-3.2041199826559246,CN(C)CC1CCc2cc(-c3ccccc3F)ccc2C1(O)c1cccc(O)c1
CN1CCC23C4C5(CCC2(C1CC6=C3C(=C(C=C6)OC)O4)CC5CSC7=NC8=CC=CC=C8S7)OC,-2.744746603433513,COc1ccc2c3c1OC1C4(OC)CCC5(CC4CSc4nc6ccccc6s4)C(C2)N(C)CCC315
COC1=CC=C(C=C1)N2C3=C(N=CC=C3)N(C2=O)C4CCN(CC4)C5=NC=CC(=C5)N,-0.4771212547196624,COc1ccc(-n2c(=O)n(C3CCN(c4cc(N)ccn4)CC3)c3ncccc32)cc1
C1CC1CN2CCC34C5C(CCC3(C2CC6=C4C(=C(C=C6)O)O5)OCCCC7=CC=CC=C7)NCC(=O)O,-0.04139268515822507,O=C(O)CNC1CCC2(OCCCc3ccccc3)C3Cc4ccc(O)c5c4C2(CCN3CC2CC2)C1O5
C1CCN(C1)CCN2C3=CC=CC=C3N=C2NC(=O)C4=CC=CC(=C4)C#N,-3.740362689494244,N#Cc1cccc(C(=O)Nc2nc3ccccc3n2CCN2CCCC2)c1
CC1(CCCCCCC1)N2CCC(CC2)N3C4=CC=CC=C4N=C3C5CCCN(C5)C,-3.3404441148401185,CN1CCCC(c2nc3ccccc3n2C2CCN(C3(C)CCCCCCC3)CC2)C1
CC1=CC(=CC(=C1O)C)CC(C(=O)N2CCCC2C(=O)NC(CC3=CNC4=CC=CC=C43)C(=O)NC(CC5=CC6=CC=CC=C6C=C5)C(=O)N)N,-1.4646385590950328,Cc1cc(CC(N)C(=O)N2CCCC2C(=O)NC(Cc2c[nH]c3ccccc23)C(=O)NC(Cc2ccc3ccccc3c2)C(N)=O)cc(C)c1O
CCCCC(C(=O)NC(CC1=CN(C2=CC=CC=C21)C(=O)OC3C4CC5CC(C4)CC3C5)C(=O)O)NC(=O)C(CC(=O)O)NC(=O)C(CC6=CC=CC=C6)NNC(CC7=CC=CC=C7)C(=O)NCC(=O)NC(C)C(=O)NC(CC8=CC=C(C=C8)O)C(=O)O,-0.7481880270062005,CCCCC(NC(=O)C(CC(=O)O)NC(=O)C(Cc1ccccc1)NNC(Cc1ccccc1)C(=O)NCC(=O)NC(C)C(=O)NC(Cc1ccc(O)cc1)C(=O)O)C(=O)NC(Cc1cn(C(=O)OC2C3CC4CC(C3)CC2C4)c2ccccc12)C(=O)O
CN(CC1=CC=CC=C1)C(=O)C2=CC=C(C=C2)C3=CC4(CCNCC4)OC5=CC=CC=C53,-2.0,CN(Cc1ccccc1)C(=O)c1ccc(C2=CC3(CCNCC3)Oc3ccccc32)cc1
C1CCNC(=O)CC(NC(=O)C(NC(=O)C(NC(=O)C(C1)NC(=O)C(CC2=CC=C(C=C2)O)N)CC3=CC=CC=C3)CC4=CC=C(C=C4)F)C(=O)N,-1.7088031829445816,NC(=O)C1CC(=O)NCCCCC(NC(=O)C(N)Cc2ccc(O)cc2)C(=O)NC(Cc2ccccc2)C(=O)NC(Cc2ccc(F)cc2)C(=O)N1
CCCCC(C(=O)NC(COC1C(C(C(C(O1)CO)O)O)O)C(=O)NC(CC(C)C)C(=O)NC(CC2=CNC3=CC=CC=C32)C(=O)NCC4=CC(=CC(=C4)C(F)(F)F)C(F)(F)F)NC(=O)C(CC5=CC=CC=C5)NC(=O)CNC(=O)C(C)NC(=O)C(CC6=CC=C(C=C6)O)N,-1.4471580313422192,CCCCC(NC(=O)C(Cc1ccccc1)NC(=O)CNC(=O)C(C)NC(=O)C(N)Cc1ccc(O)cc1)C(=O)NC(COC1OC(CO)C(O)C(O)C1O)C(=O)NC(CC(C)C)C(=O)NC(Cc1c[nH]c2ccccc12)C(=O)NCc1cc(C(F)(F)F)cc(C(F)(F)F)c1
CN1CCC23C4C5=C(CC2(C1CC6=C3C(=C(C=C6)O)O4)OCC7=CC=CC=C7)C=C(C=N5)C8=CC=C(C=C8)Cl,-1.041392685158225,CN1CCC23c4c5ccc(O)c4OC2c2ncc(-c4ccc(Cl)cc4)cc2CC3(OCc2ccccc2)C1C5
CC1=C(C=CN=C1)C(=O)NC2CCC3(C4CC5=C6C3(C2OC6=C(C=C5)O)CCN4CC7CC7)O,-1.5888317255942073,Cc1cnccc1C(=O)NC1CCC2(O)C3Cc4ccc(O)c5c4C2(CCN3CC2CC2)C1O5
CCN(CC)C(=O)C1=CC=C(C=C1)N(C2CCN(CC2)CCC3=CC=CS3)C4=CC(=CC=C4)O,-0.1476763242410986,CCN(CC)C(=O)c1ccc(N(c2cccc(O)c2)C2CCN(CCc3cccs3)CC2)cc1
CC(=CCC12CC3=C(C4(C15CCN(C2CC6=C5C(=C(C=C6)O)O4)C)C)NC7=CC=CC=C37)C,-1.9544837171555516,CC(C)=CCC12Cc3c([nH]c4ccccc34)C3(C)Oc4c(O)ccc5c4C31CCN(C)C2C5
C1CC1CN2CCC34CC5=C(CC3(C2)CC6=C4C=C(C=C6)O)C7=CC=CC=C7N5,-1.0,Oc1ccc2c(c1)C13CCN(CC4CC4)CC1(C2)Cc1c([nH]c2ccccc12)C3
CC1=CC(=CC(=C1CC(C(=O)N2CC3=CC=CC=C3CC2CNC(=S)NC(C)(C)C)N)C)O,0.494850021680094,Cc1cc(O)cc(C)c1CC(N)C(=O)N1Cc2ccccc2CC1CNC(=S)NC(C)(C)C
CN1CCC23C4C5=C(CC2(C1CC6=C3C(=C(C=C6)O)O4)OC(=O)CC7=CC=CC=C7)C=C(C=N5)C8=CC=C(C=C8)Cl,-1.2787536009528289,CN1CCC23c4c5ccc(O)c4OC2c2ncc(-c4ccc(Cl)cc4)cc2CC3(OC(=O)Cc2ccccc2)C1C5
COC12CCC3(CC1COCC4=CC=CC=C4)C5CC6=C7C3(C2OC7=C(C=C6)F)CCN5CC8CC8,-1.8224949852787509,COC12CCC3(CC1COCc1ccccc1)C1Cc4ccc(F)c5c4C3(CCN1CC1CC1)C2O5
CCN(CC)C(=O)C1=CC=C(C=C1)C(=C2CCNCC2)C3=CC=CS3,-1.4885507165004443,CCN(CC)C(=O)c1ccc(C(=C2CCNCC2)c2cccs2)cc1
COC1=C2C3=C(CC4C5(C3(CCN4CC6CC6)C(O2)C(=O)CC5)NC(=O)C=CC7=CC=CC=C7Cl)C=C1,-1.2552725051033058,COc1ccc2c3c1OC1C(=O)CCC4(NC(=O)C=Cc5ccccc5Cl)C(C2)N(CC2CC2)CCC314
CCCCC(C(=O)NC(CC1=CN(C2=CC=CC=C21)C(=O)OC(C)(C)C)C(=O)O)NC(=O)C(CC(=O)O)NC(=O)C(CC3=CC=CC=C3)NNC(CC4=CC=CC=C4)C(=O)NCC(=O)NC(C)C(=O)NC(CC5=CC=C(C=C5)O)C(=O)O,-1.4313637641589874,CCCCC(NC(=O)C(CC(=O)O)NC(=O)C(Cc1ccccc1)NNC(Cc1ccccc1)C(=O)NCC(=O)NC(C)C(=O)NC(Cc1ccc(O)cc1)C(=O)O)C(=O)NC(Cc1cn(C(=O)OC(C)(C)C)c2ccccc12)C(=O)O
C1CN(CCC1N2C3=C(C=CC=N3)N(C2=O)CC4=CC=CC=C4)C5=NC=CC(=C5)N,-1.4471580313422192,Nc1ccnc(N2CCC(n3c(=O)n(Cc4ccccc4)c4cccnc43)CC2)c1
C1CC(C1)CN2CCC34CC(CCC3(C2CC5=C4C(=C(C=C5)C(=O)N)O)O)O,-0.568201724066995,NC(=O)c1ccc2c(c1O)C13CCN(CC4CCC4)C(C2)C1(O)CCC(O)C3
CC1=CC(=CC(=C1CC(C(=O)NC2CCCCNC(=O)CC(NC(=O)C(NC(=O)C(NC2=O)CC3=CC=CC=C3)CC4=CC5=CC=CC=C5C=C4)C(=O)N)N)C)O,-1.7311857076340005,Cc1cc(O)cc(C)c1CC(N)C(=O)NC1CCCCNC(=O)CC(C(N)=O)NC(=O)C(Cc2ccc3ccccc3c2)NC(=O)C(Cc2ccccc2)NC1=O
CCN1C2=C(CCCC2)C3=C1C4C56CCN(C(C5(C3)O)CC7=C6C(=C(C=C7)O)O4)C,-1.0064660422492318,CCn1c2c(c3c1C1Oc4c(O)ccc5c4C14CCN(C)C(C5)C4(O)C3)CCCC2
CCNC(=O)NCC1CC2=CC=CC=C2CN1C(=O)C(CC3=C(C=C(C=C3C)O)C)N,-0.7558748556724915,CCNC(=O)NCC1Cc2ccccc2CN1C(=O)C(N)Cc1c(C)cc(O)cc1C
CN(C)CC1CCC2=C(C1(C3=CC(=CC=C3)O)O)C=CC(=C2)C4=CC=CC=C4OC,-0.9684829485539352,COc1ccccc1-c1ccc2c(c1)CCC(CN(C)C)C2(O)c1cccc(O)c1
C1CN(CCC1(C2=CC=CC=C2)C3=NC=CN3CC4=CC=CC=C4)C5=NC=CS5,-1.9912260756924949,c1ccc(Cn2ccnc2C2(c3ccccc3)CCN(c3nccs3)CC2)cc1
CCCCC(C(=O)NC(CC1=CNC2=CC=CC=C21)C(=O)O)NC(=O)C(CC(=O)O)NC(=O)C(CC3=CC=CC=C3)NNC(CC4=CC=CC=C4)C(=O)NCC(=O)NC(C)C(=O)NC(CC5=CC=C(C=C5)O)C(=O)O,-0.9700212658283658,CCCCC(NC(=O)C(CC(=O)O)NC(=O)C(Cc1ccccc1)NNC(Cc1ccccc1)C(=O)NCC(=O)NC(C)C(=O)NC(Cc1ccc(O)cc1)C(=O)O)C(=O)NC(Cc1c[nH]c2ccccc12)C(=O)O
CC1CC2C3CC4=C5C2(CCN3C)C(C1F)OC5=C(C=C4C)OC,-3.505149978319906,COc1cc(C)c2c3c1OC1C(F)C(C)CC4C(C2)N(C)CCC341
CC(=O)NC1=CC=C(C=C1)OCC2=C(C=CC(=C2)C3NC4=CC=CC=C4C(=O)N3CC5=CC=CO5)OC,-1.2382970678753935,COc1ccc(C2Nc3ccccc3C(=O)N2Cc2ccco2)cc1COc1ccc(NC(C)=O)cc1
CCN(CC)C(=O)C1=CC=C(C=C1)C(=C2CCNCC2)C3=CC(=CC=C3)F,-0.6627578316815741,CCN(CC)C(=O)c1ccc(C(=C2CCNCC2)c2cccc(F)c2)cc1
CCN(CC)C(=O)C1=CC=C(C=C1)N(C2CCN(CC2)CC3=CC=CC=C3)C4=CC=CC(=C4)NC(=O)OC,-0.037426497940623665,CCN(CC)C(=O)c1ccc(N(c2cccc(NC(=O)OC)c2)C2CCN(Cc3ccccc3)CC2)cc1
CCN(CC)C(=O)C1=CC=C(C=C1)N(C2CCN(CC2)CCC3=CC=CC=C3)C4=CC(=CC=C4)O,0.25181197299379954,CCN(CC)C(=O)c1ccc(N(c2cccc(O)c2)C2CCN(CCc3ccccc3)CC2)cc1
CC1CCCC(=O)CCCC(=O)CC2=CC(=CC(=C2C(=O)O1)O)OC,-2.3783979009481366,COc1cc(O)c2c(c1)CC(=O)CCCC(=O)CCCC(C)OC2=O
COC1=C2C3=C(CC4C56C3(CCN4CC7CC7)C(O2)C(CC5)(C(C6)COC8=CC=C(C=C8)N9C=CN=C9)OC)C=C1,-3.749917877617447,COc1ccc2c3c1OC1C4(OC)CCC5(CC4COc4ccc(-n6ccnc6)cc4)C(C2)N(CC2CC2)CCC315
CC1=CC=CC=C1C=CC(=O)NC23CCC(=O)C4C25CCN(C3CC6=C5C(=C(C=C6)OC)O4)CC7CC7,-1.320146286111054,COc1ccc2c3c1OC1C(=O)CCC4(NC(=O)C=Cc5ccccc5C)C(C2)N(CC2CC2)CCC314
C1C=CCC(NC(=O)C(NC(=O)CNC(=O)C1NC(=O)C(CC2=CC=C(C=C2)O)N)CC3=CC=CC=C3)C(=O)O,0.05551732784983137,NC(Cc1ccc(O)cc1)C(=O)NC1CC=CCC(C(=O)O)NC(=O)C(Cc2ccccc2)NC(=O)CNC1=O
CC1CN(CCC1(C)C2=CC(=CC=C2)O)CC(C(C)C)NC(=O)C3CCC4=C(C3)C=CC(=C4)O,-2.57978359661681,CC(C)C(CN1CCC(C)(c2cccc(O)c2)C(C)C1)NC(=O)C1CCc2cc(O)ccc2C1
CC(C)CC(C(=O)NC(CC1=CNC2=CC=CC=C21)C(=O)OCC3=CC=CC=C3)NC(=O)C4CCCN4C(=O)C(CC5=CC=CC=C5)NC(=O)CNC(=O)C(C)NC(=O)C(CC6=CC=C(C=C6)O)N,-1.9294189257142929,CC(C)CC(NC(=O)C1CCCN1C(=O)C(Cc1ccccc1)NC(=O)CNC(=O)C(C)NC(=O)C(N)Cc1ccc(O)cc1)C(=O)NC(Cc1c[nH]c2ccccc12)C(=O)OCc1ccccc1
COC1=C2C3=C(CC4C5(C3(CCN4CC6CC6)C(O2)C(=O)CC5)OC(=O)C=CC7=CC=CC=C7)C=C1,-2.633468455579586,COc1ccc2c3c1OC1C(=O)CCC4(OC(=O)C=Cc5ccccc5)C(C2)N(CC2CC2)CCC314
CCN1CCN(CC1)C2=CC(=C(C=C2)[N+](=O)[O-])SC3=NC4=CC=CC=C4N3,-3.6124659639531433,CCN1CCN(c2ccc([N+](=O)[O-])c(Sc3nc4ccccc4[nH]3)c2)CC1
CCC(=O)N(C1CCN(CC1)C(=O)C(CC2=CC=CC=C2)NC(=O)C(CC3=CC=CC=C3)NC(=O)CNC(=O)C(C)NC(=O)C(CC4=C(C=C(C=C4C)O)C)N)C5=CC=CC=C5,0.11673614041502603,CCC(=O)N(c1ccccc1)C1CCN(C(=O)C(Cc2ccccc2)NC(=O)C(Cc2ccccc2)NC(=O)CNC(=O)C(C)NC(=O)C(N)Cc2c(C)cc(O)cc2C)CC1
CN1CCC23C4C5=NC(=NC=C5CC2(C1CC6=C3C(=C(C=C6)O)O4)O)C7=CC=CC=C7,-1.3802112417116061,CN1CCC23c4c5ccc(O)c4OC2c2nc(-c4ccccc4)ncc2CC3(O)C1C5
CCC(=O)N(C1CCN(CC1)C(=O)CNC(=O)C(C)NC(=O)C(CC2=CC(=C(C(=C2)C)O)C)N)C3=CC=CC=C3,-2.230448921378274,CCC(=O)N(c1ccccc1)C1CCN(C(=O)CNC(=O)C(C)NC(=O)C(N)Cc2cc(C)c(O)c(C)c2)CC1
C1CC23C4C(C(=O)N2CC5=CC=CC=C5)OC16C47CCN(C6CC8=C7C(=C(C=C8)O)OCO3)CCC9=CC=CC=C9,-1.171726453653231,O=C1C2OC34CCC5(OCOc6c(O)ccc7c6C3(CCN(CCc3ccccc3)C4C7)C25)N1Cc1ccccc1
COC12CCC3(CC1COC4=CC=C(C=C4)N5C=CN=C5)C6CC7=C8C3(C2OC8=C(C=C7)O)CCN6CC9CC9,-3.7825887071757966,COC12CCC3(CC1COc1ccc(-n4ccnc4)cc1)C1Cc4ccc(O)c5c4C3(CCN1CC1CC1)C2O5
C1CCC2(C1)CC(CCO2)(CCNCC3=CC=CS3)C4=CC=CC=N4,-2.8750612633917005,c1ccc(C2(CCNCc3cccs3)CCOC3(CCCC3)C2)nc1
COC1=C2C3=C(CC4C56C3(CCN4CC7CC7)C(O2)C(CC5)(C(C6)COCC8=CC=C(C=C8)OCC(=O)O)OC)C=C1,-2.6017776081302406,COc1ccc2c3c1OC1C4(OC)CCC5(CC4COCc4ccc(OCC(=O)O)cc4)C(C2)N(CC2CC2)CCC315
CCN(CC)C(=O)C1=C(C=C(C=C1)C2=CC3(CCNCC3)OC4=CC=CC=C42)F,-1.8195439355418688,CCN(CC)C(=O)c1ccc(C2=CC3(CCNCC3)Oc3ccccc32)cc1F
CC1=CC(=CC(=C1CC(C(=O)N2CC3=CC=CC=C3CC2CNCC(C)(C)C)N)C)O,-0.4471580313422192,Cc1cc(O)cc(C)c1CC(N)C(=O)N1Cc2ccccc2CC1CNCC(C)(C)C
CCN(CC)C(=O)C1=CC=C(C=C1)C(=C2CC3CCC(C2)N3)C4=CC=C(C=C4)O,-0.6989700043360189,CCN(CC)C(=O)c1ccc(C(=C2CC3CCC(C2)N3)c2ccc(O)cc2)cc1
CCCC1=C(NC(=N1)C2CC3=CC=CC=C3CN2C(=O)C(CC4=CC=C(C=C4)O)N)C,-1.9294189257142929,CCCc1nc(C2Cc3ccccc3CN2C(=O)C(N)Cc2ccc(O)cc2)[nH]c1C
C1CN(CC2=CC=CC=C21)C(=O)C3(CCN(CC3)C4=NC=CC(=C4)N)C5=CC=CC=C5,-1.1139433523068367,Nc1ccnc(N2CCC(C(=O)N3CCc4ccccc4C3)(c3ccccc3)CC2)c1
CC1=CC(=CC(=C1CC(C(=O)NC(C)C(=O)NC2CC3=CC=CC=C3CN(C2=O)CC(=O)N)N)C)O,0.7695510786217261,Cc1cc(O)cc(C)c1CC(N)C(=O)NC(C)C(=O)NC1Cc2ccccc2CN(CC(N)=O)C1=O
CC(C)CC(C(=O)NC(CC1=CNC2=CC=CC=C21)C(=O)OCC3=CC(=CC(=C3)C(F)(F)F)C(F)(F)F)NC(=O)C(CC4=CC=CC=C4)NC(=O)CNC(=O)C(C)NC(=O)C(CC5=CC=C(C=C5)O)N,-0.04139268515822507,CC(C)CC(NC(=O)C(Cc1ccccc1)NC(=O)CNC(=O)C(C)NC(=O)C(N)Cc1ccc(O)cc1)C(=O)NC(Cc1c[nH]c2ccccc12)C(=O)OCc1cc(C(F)(F)F)cc(C(F)(F)F)c1
CCN(CC)C(=O)C1=CC=C(C=C1)C2=CC3(CCNC3)OC4=CC=CC=C42,-1.4471580313422192,CCN(CC)C(=O)c1ccc(C2=CC3(CCNC3)Oc3ccccc32)cc1
COC12CCC3(CC1COCC4=CC=CC=C4)C5CC6=C7C3(C2OC7=C(C=C6)OCC8=NNN=N8)CCN5CC9CC9,-2.612359947967774,COC12CCC3(CC1COCc1ccccc1)C1Cc4ccc(OCc5nn[nH]n5)c5c4C3(CCN1CC1CC1)C2O5
CC1(C(C(=O)NCC(=O)NC(C(=O)NC(C(SS1)(C)C)C(=O)O)CC2=CC=CC=C2)NC(=O)C(CC3=CC=C(C=C3)O)N)C,-1.025510672852581,CC1(C)SSC(C)(C)C(NC(=O)C(N)Cc2ccc(O)cc2)C(=O)NCC(=O)NC(Cc2ccccc2)C(=O)NC1C(=O)O
CC1=CC(=NC=C1)N(C2CCN(CC2)C3=NC=CC(=C3)N)C(=O)C4=CC=C(C=C4)OC,-0.9542425094393248,COc1ccc(C(=O)N(c2cc(C)ccn2)C2CCN(c3cc(N)ccn3)CC2)cc1
CC(C)CC(C(=O)NC(CCCNC(=N)N)C(=O)NC(CCCNC(=N)N)C(=O)NC(CC1=CC=CC=C1)C(=O)NC(CCCNC(=N)N)C(=O)NC(CC2=CNC3=CC=CC=C32)C(=O)NC(CCCCNC(=O)NCCC(=O)N(C4CCN(CC4)CCC5=CC=CC=C5)C6=CC=CC=C6)C(=O)NC(C(C)C)C(=O)N)NC(=O)C(CC7=CC=CC=C7)NC(=O)CNC(=O)C(C)NC(=O)C(CC8=CC=C(C=C8)O)N,-0.919078092376074,CC(C)CC(NC(=O)C(Cc1ccccc1)NC(=O)CNC(=O)C(C)NC(=O)C(N)Cc1ccc(O)cc1)C(=O)NC(CCCNC(=N)N)C(=O)NC(CCCNC(=N)N)C(=O)NC(Cc1ccccc1)C(=O)NC(CCCNC(=N)N)C(=O)NC(Cc1c[nH]c2ccccc12)C(=O)NC(CCCCNC(=O)NCCC(=O)N(c1ccccc1)C1CCN(CCc2ccccc2)CC1)C(=O)NC(C(N)=O)C(C)C
CC1CC2C3CC4=C5C2(CCN3C)C(C1O)OC5=C(C=C4)OC,-3.505149978319906,COc1ccc2c3c1OC1C(O)C(C)CC4C(C2)N(C)CCC341
C1C2C(C3(CC2(C3)C(N1CC4=CN=CC=C4)C5=CC=CC=C5)C6=CN=CC=C6)C7=CC=CC=C7,-3.5065050324048723,c1ccc(C2C3CN(Cc4cccnc4)C(c4ccccc4)C34CC2(c2cccnc2)C4)cc1
CCN(CC)C(=O)C1=CC=C(C=C1)C(C2=CC=CC3=C2OC(C3)(C)C)N4CCNCC4,-0.8512583487190752,CCN(CC)C(=O)c1ccc(C(c2cccc3c2OC(C)(C)C3)N2CCNCC2)cc1
C1CCN(C1)C(=O)C2=CC=C(C=C2)C3=CC4(CCNCC4)OC5=CC=CC=C53,-2.3010299956639813,O=C(c1ccc(C2=CC3(CCNCC3)Oc3ccccc32)cc1)N1CCCC1
CC(C(=O)NCC(=O)NC(CC1=CC=C(C=C1)F)C(=O)NCC(=O)NC(CC2=CNC3=CC=CC=C32)C(=O)OCC4=CC(=CC(=C4)C(F)(F)F)C(F)(F)F)NC(=O)C(CC5=CC=C(C=C5)O)N,-0.5314789170422551,CC(NC(=O)C(N)Cc1ccc(O)cc1)C(=O)NCC(=O)NC(Cc1ccc(F)cc1)C(=O)NCC(=O)NC(Cc1c[nH]c2ccccc12)C(=O)OCc1cc(C(F)(F)F)cc(C(F)(F)F)c1
C1CC1CN2CCC34C5C(=O)CCC3(C2CC6=C4C(=C(C=C6)O)O5)NC(=O)C7=CC=CC=N7.Cl,-1.2944662261615931,Cl.O=C(NC12CCC(=O)C3Oc4c(O)ccc5c4C31CCN(CC1CC1)C2C5)c1ccccn1
C1CC1CN2C3=C(N=CC=C3)N(C2=O)C4CCN(CC4)C5=NC=CC(=C5)N,-1.6127838567197357,Nc1ccnc(N2CCC(n3c(=O)n(CC4CC4)c4cccnc43)CC2)c1
COC1=C2C3=C(CC4C56C3(CCN4CC7CC7)C(O2)C(CC5)(C(C6)CSC8=NC9=CC=CC=C9S8)OC)C=C1,-2.3251666097929617,COc1ccc2c3c1OC1C4(OC)CCC5(CC4CSc4nc6ccccc6s4)C(C2)N(CC2CC2)CCC315
CCN(CC)C(=O)C1=CC=C(C=C1)C(C2=CC=CC=C2)N3CCN(CC3)CC=C,-1.5185139398778875,C=CCN1CCN(C(c2ccccc2)c2ccc(C(=O)N(CC)CC)cc2)CC1
CC(C1CC23C4CC5=C6C2(CCN4C)C(C1(CC3O)OC)OC6=C(C=C5)O)O,-1.7558748556724917,COC12CC(O)C3(CC1C(C)O)C1Cc4ccc(O)c5c4C3(CCN1C)C2O5
CCN(CC)C(=O)C1=CC=C(C=C1)N(C2CCN(CC2)CC3=CC=CC=C3)C4=CC(=CC=C4)O,0.25181197299379954,CCN(CC)C(=O)c1ccc(N(c2cccc(O)c2)C2CCN(Cc3ccccc3)CC2)cc1
CC(=O)N(CC1CC23CCC1(C4C25CCN(C3CC6=C5C(=C(C=C6)OC)O4)CC7CC7)OC)CC8=CC=CC=C8,-2.1073795828044486,COc1ccc2c3c1OC1C4(OC)CCC5(CC4CN(Cc4ccccc4)C(C)=O)C(C2)N(CC2CC2)CCC315
COC12CCC3(CC1COCC4=CC=CC=C4)C5CC6=C7C3(C2OC7=C(C=C6)F)CCN5CC8CC8,-1.8224949852787509,COC12CCC3(CC1COCc1ccccc1)C1Cc4ccc(F)c5c4C3(CCN1CC1CC1)C2O5
CCC(C1CC23C=CC1(C4C25CCN(C3CC6=C5C(=C(C=C6)O)O4)CC7CC7)OC)(C(C)(C)C)O,-2.496929648073215,CCC(O)(C1CC23C=CC1(OC)C1Oc4c(O)ccc5c4C12CCN(CC1CC1)C3C5)C(C)(C)C
C1CC(C1)CN2CCC34CC5=C(CC3C2CC6=C4C=C(C=C6)O)SC(=N5)N,-0.3979400086720376,Nc1nc2c(s1)CC1C3Cc4ccc(O)cc4C1(CCN3CC1CCC1)C2
CCN(CC)C(=O)C1=CC=C(C=C1)C2CC3(CCNCC3)OC4=CC=CC=C24,-1.3222192947339193,CCN(CC)C(=O)c1ccc(C2CC3(CCNCC3)Oc3ccccc32)cc1
CCN(CC)C(=O)C1=CC=C(C=C1)C(=C2CCNCC2)C3=CC=C(C=C3)F,-1.9914475980038029,CCN(CC)C(=O)c1ccc(C(=C2CCNCC2)c2ccc(F)cc2)cc1
CCCCC(C(=O)N1CCCC1C(=O)NC(CC(C)C)C(=O)NC(CC2=CNC3=CC=CC=C32)C(=O)NCC4=CC(=C(C=C4)OC)OC)NC(=O)C(CC5=CC=CC=C5)NC(=O)CNC(=O)C(C)NC(=O)C(CC6=C(C=C(C=C6C)O)C)N,0.2218487496163564,CCCCC(NC(=O)C(Cc1ccccc1)NC(=O)CNC(=O)C(C)NC(=O)C(N)Cc1c(C)cc(O)cc1C)C(=O)N1CCCC1C(=O)NC(CC(C)C)C(=O)NC(Cc1c[nH]c2ccccc12)C(=O)NCc1ccc(OC)c(OC)c1
CCN(CC)C(=O)C1=CC=C(C=C1)C(=C2CC3CCC(C2)N3CCC4CCCCC4)C5=CC=CC=C5,-2.357934847000454,CCN(CC)C(=O)c1ccc(C(=C2CC3CCC(C2)N3CCC2CCCCC2)c2ccccc2)cc1
CCN(CC)C(=O)C1=CC=C(C=C1)C(=C2CCNCC2)C3=CC(=CC=C3)[N+](=O)[O-],-0.9344984512435676,CCN(CC)C(=O)c1ccc(C(=C2CCNCC2)c2cccc([N+](=O)[O-])c2)cc1
C1CN(CCC1(C2=CC=CC=C2)C3=NC=CN3CC4=CC=CC=C4)S(=O)(=O)NC5=CC=CC=C5,-2.9201233262907236,O=S(=O)(Nc1ccccc1)N1CCC(c2ccccc2)(c2nccn2Cc2ccccc2)CC1
CC1(C2N3C(CO2)OC(C3O1)(C)C4=CC(=CC=C4)O)C5=CC(=CC=C5)O,-1.9235030669421045,CC1(c2cccc(O)c2)OC2COC3N2C1OC3(C)c1cccc(O)c1
CCCCC(C(=O)NC(CC(=O)O)C(=O)NC(CC1=CC=CC=C1)C(=O)NNC(=O)C(CC2=CC=CC=C2)NC(=O)CNC(=O)C(C)NC(=O)C(CC3=CC=C(C=C3)O)N)NC(=O)C(CC4=CC5=CC=CC=C5N4)NC(=O)OC(C)(C)C,-1.869231719730976,CCCCC(NC(=O)C(Cc1cc2ccccc2[nH]1)NC(=O)OC(C)(C)C)C(=O)NC(CC(=O)O)C(=O)NC(Cc1ccccc1)C(=O)NNC(=O)C(Cc1ccccc1)NC(=O)CNC(=O)C(C)NC(=O)C(N)Cc1ccc(O)cc1
COC12C=CC3(CC14CCCC4O)C5CC6=C7C3(C2OC7=C(C=C6)O)CCN5CC8CC8,0.5228787452803376,COC12C=CC3(CC14CCCC4O)C1Cc4ccc(O)c5c4C3(CCN1CC1CC1)C2O5
C1CC1CN2CCC34CC5=NC6=CC=CC=C6C=C5CC3(C2)CC7=C4C=C(C=C7)O,-0.3979400086720376,Oc1ccc2c(c1)C13CCN(CC4CC4)CC1(C2)Cc1cc2ccccc2nc1C3
C1CNCCC12C=C(C3=CC=CC=C3O2)C4=CC=C(C=C4)C(=O)N5CCOCC5,-2.380211241711606,O=C(c1ccc(C2=CC3(CCNCC3)Oc3ccccc32)cc1)N1CCOCC1
CC1=CC(=CC(=C1CC(C(=O)NC(C)C(=O)NCC(=O)NC(CC2=CC=CC=C2)C(=O)NC(CC(C)C)C(=O)O)N)C)C(=O)N,-0.3979400086720376,Cc1cc(C(N)=O)cc(C)c1CC(N)C(=O)NC(C)C(=O)NCC(=O)NC(Cc1ccccc1)C(=O)NC(CC(C)C)C(=O)O
CC1(CN(C1)C2=NC=CC(=C2)N)C3=CC(=CC=C3)OC,-2.9273703630390235,COc1cccc(C2(C)CN(c3cc(N)ccn3)C2)c1
CN1CCC23C4C5=C(CC(C(=O)N5CC6=CC=CC=C6)CCO)CC2(C1CC7=C3C(=C(C=C7)O)O4)O,-1.0334237554869496,CN1CCC23c4c5ccc(O)c4OC2C2=C(CC(CCO)C(=O)N2Cc2ccccc2)CC3(O)C1C5
CCC(C(=O)NCC(=O)NC(CC1=CC=CC=C1)C(=O)NC(CC(C)C)C(=O)NCC(=O)N(C2CCN(CC2)CCC3=CC=CC=C3)C4=CC=CC=C4)NC(=O)C(CC5=CC=C(C=C5)O)N,-0.7634279935629373,CCC(NC(=O)C(N)Cc1ccc(O)cc1)C(=O)NCC(=O)NC(Cc1ccccc1)C(=O)NC(CC(C)C)C(=O)NCC(=O)N(c1ccccc1)C1CCN(CCc2ccccc2)CC1
CC1(CC2=C(C(C3=C(O2)CC(CC3=O)(C)C)C4=CC=C(C=C4)OCC5=CC=CC=C5S(=O)(=O)C)C(=O)C1)C,-2.9542425094393248,CC1(C)CC(=O)C2=C(C1)OC1=C(C(=O)CC(C)(C)C1)C2c1ccc(OCc2ccccc2S(C)(=O)=O)cc1
CC1CN(CCC1(C)C2=CC(=CC=C2)O)CC(C(C)C)NC(=O)C3CC4=C(CO3)C=C(C=C4)O,-2.57978359661681,CC(C)C(CN1CCC(C)(c2cccc(O)c2)C(C)C1)NC(=O)C1Cc2ccc(O)cc2CO1
C1CC1CN2CCC34C5C6(CCC3(C2CC7=C4C(=C(C=C7)O)O5)N=C6C(=O)NCC8=CC=CC=C8)O,-0.2304489213782739,O=C(NCc1ccccc1)C1=NC23CCC1(O)C1Oc4c(O)ccc5c4C12CCN(CC1CC1)C3C5
CC1C2CC3=C(C1(CCN2CC4CC4)C)C=C(C=C3)C(=O)NCCC5=CC=C(C=C5)C6=CC=C(C=C6)OC(C)C,-1.2552725051033058,CC(C)Oc1ccc(-c2ccc(CCNC(=O)c3ccc4c(c3)C3(C)CCN(CC5CC5)C(C4)C3C)cc2)cc1
CC1=CC(=CC(=C1CC(C(=O)NC(CO)C(=O)NCC(=O)NC(CC2=CC=CC=C2)C(=O)NC(CC(C)C)C(=O)NC(C(C)O)C(=O)O)N)C)C(=O)N,-0.5440680443502757,Cc1cc(C(N)=O)cc(C)c1CC(N)C(=O)NC(CO)C(=O)NCC(=O)NC(Cc1ccccc1)C(=O)NC(CC(C)C)C(=O)NC(C(=O)O)C(C)O
CC1=CC=CC=C1C=CC(=O)NC23CCC(=O)C4C25CCN(C3CC6=C5C(=C(C=C6)OC)O4)C,-0.6627578316815741,COc1ccc2c3c1OC1C(=O)CCC4(NC(=O)C=Cc5ccccc5C)C(C2)N(C)CCC314
CC1=CC(=CC(=C1CC(C(=O)NCC(=O)NCC(=O)NC(CC2=CC=CC=C2)C(=O)NC(CC(C)C)C(=O)O)N)C)C(=O)N,-0.6127838567197355,Cc1cc(C(N)=O)cc(C)c1CC(N)C(=O)NCC(=O)NCC(=O)NC(Cc1ccccc1)C(=O)NC(CC(C)C)C(=O)O
CCOC(C)C1CC23C=CC1(C4C25CCN(C3CC6=C5C(=C(C=C6)O)O4)C)OC,-1.7645497190644672,CCOC(C)C1CC23C=CC1(OC)C1Oc4c(O)ccc5c4C12CCN(C)C3C5
CCCCC(C(=O)NC(CC1=CC2=CC=CC=C2N1)C(=O)NNC(=O)C(CC3=CC=CC=C3)NC(=O)CNC(=O)C(C)NC(=O)C(CC4=CC=C(C=C4)O)N)NC(=O)C(CC(=O)O)NC(=O)C(CC5=CC=CC=C5)NC(=O)OC(C)(C)C,-1.1139433523068367,CCCCC(NC(=O)C(CC(=O)O)NC(=O)C(Cc1ccccc1)NC(=O)OC(C)(C)C)C(=O)NC(Cc1cc2ccccc2[nH]1)C(=O)NNC(=O)C(Cc1ccccc1)NC(=O)CNC(=O)C(C)NC(=O)C(N)Cc1ccc(O)cc1
CC(C1CC23C=CC1(C4C25CCN(C3CC6=C5C(=C(C=C6)O)O4)C)OC)OC,-2.204119982655925,COC(C)C1CC23C=CC1(OC)C1Oc4c(O)ccc5c4C12CCN(C)C3C5
CC1C2CC3=C(C1(CCN2CCC4=CC=CC=C4)C)C=C(C=C3)O.Br,-2.7412461717440912,Br.CC1C2Cc3ccc(O)cc3C1(C)CCN2CCc1ccccc1
CCN(CC)C(=O)C1=CC=C(C=C1)C(C2=CC3=CC=CC=C3C=C2)N4CCNCC4,-1.6989700043360187,CCN(CC)C(=O)c1ccc(C(c2ccc3ccccc3c2)N2CCNCC2)cc1
CC(C)CC(C(=O)NC(CCCN=C(N)N)C(=O)NC(CCCCNC(=O)NCCC(=O)N(C1CCN(CC1)CCC2=CC=CC=C2)C3=CC=CC=C3)C(=O)O)NC(=O)C(CC4=CC=CC=C4)NC(=O)CNC(=O)C(C)NC(=O)C(CC5=CC=C(C=C5)O)N,-0.3424226808222063,CC(C)CC(NC(=O)C(Cc1ccccc1)NC(=O)CNC(=O)C(C)NC(=O)C(N)Cc1ccc(O)cc1)C(=O)NC(CCCN=C(N)N)C(=O)NC(CCCCNC(=O)NCCC(=O)N(c1ccccc1)C1CCN(CCc2ccccc2)CC1)C(=O)O
COC1=C2C3=C(CC4C56C3(CCN4CC7CC7)C(O2)C(CC5)(C(C6)COCC8=CC=C(C=C8)OCC(=O)OC)OC)C=C1,-2.8910465781195915,COC(=O)COc1ccc(COCC2CC34CCC2(OC)C2Oc5c(OC)ccc6c5C23CCN(CC2CC2)C4C6)cc1
C1CNCCC12C=C(C3=CC=CC=C3O2)C4=CC=C(C=C4)O,-2.342422680822206,Oc1ccc(C2=CC3(CCNCC3)Oc3ccccc32)cc1
CCN(CC)C(=O)C1=CC=C(C=C1)C(C2=CC3=C(C=CC=N3)C=C2)N4CCNCC4,-0.8375884382355114,CCN(CC)C(=O)c1ccc(C(c2ccc3cccnc3c2)N2CCNCC2)cc1
CC1(CCCCCCC1)N2CCC(CC2)N3C4=CC=CC=C4N=C3C5CCCN(C5)C,-2.589949601325708,CN1CCCC(c2nc3ccccc3n2C2CCN(C3(C)CCCCCCC3)CC2)C1
C1CC1CN2CCC34CC(=O)C(=CC5=CC=CC=C5)CC3(C2CC6=C4C=C(C=C6)O)O,-0.5031094366713692,O=C1CC23CCN(CC4CC4)C(Cc4ccc(O)cc42)C3(O)CC1=Cc1ccccc1
CC(=O)C1(CCN(CC1)C2=NC=CC(=C2)N)C3=CC=CC=C3,-2.4199557484897585,CC(=O)C1(c2ccccc2)CCN(c2cc(N)ccn2)CC1
CC1=CC=CC=C1C2=CC3=C(C=C2)C(C(CC3)CN(C)C)(C4=CC(=CC=C4)O)O,-2.6901960800285143,Cc1ccccc1-c1ccc2c(c1)CCC(CN(C)C)C2(O)c1cccc(O)c1
CN1CCC23C4C5=C(CC(C(=O)N5C)CCO)CC2(C1CC6=C3C(=C(C=C6)O)O4)O,-1.4885507165004443,CN1C(=O)C(CCO)CC2=C1C1Oc3c(O)ccc4c3C13CCN(C)C(C4)C3(O)C2
COC12CCC3(CC1COCC4=CC=CC=C4)C5CC6=C7C3(C2OC7=C(C=C6)O)CCN5,-1.2385478876813278,COC12CCC3(CC1COCc1ccccc1)C1Cc4ccc(O)c5c4C3(CCN1)C2O5
CC(C)CC(C(=O)NC(CC1=CNC2=CC=CC=C21)C(=O)OCC3=CC(=CC(=C3)C(F)(F)F)C(F)(F)F)NC(=O)C4(CCCC4)NC(=O)C(CCSC)NC(=O)C(CC5=CC=CC=C5)NC(=O)CNC(=O)C(C)NC(=O)C(CC6=CC=C(C=C6)O)N,0.585026652029182,CSCCC(NC(=O)C(Cc1ccccc1)NC(=O)CNC(=O)C(C)NC(=O)C(N)Cc1ccc(O)cc1)C(=O)NC1(C(=O)NC(CC(C)C)C(=O)NC(Cc2c[nH]c3ccccc23)C(=O)OCc2cc(C(F)(F)F)cc(C(F)(F)F)c2)CCCC1
COC1=CC=CC2=C1C34CCN(C(C2)C3(CCC(=O)C4)OCCCC5=CC=CC=C5)CC6CC6,-1.3180633349627615,COc1cccc2c1C13CCN(CC4CC4)C(C2)C1(OCCCc1ccccc1)CCC(=O)C3
COC1=C2C3=C(CC4C56C3(CCN4CC7CC7)C(O2)C(CC5)(C(C6)CS(=O)CC8=CC=CC=C8)OC)C=C1,-2.3642131836315565,COc1ccc2c3c1OC1C4(OC)CCC5(CC4CS(=O)Cc4ccccc4)C(C2)N(CC2CC2)CCC315
C1CCN(CC1)C(=O)C2=CC=C(C=C2)C3=CC4(CCNCC4)OC5=CC=CC=C53,-2.0,O=C(c1ccc(C2=CC3(CCNCC3)Oc3ccccc32)cc1)N1CCCCC1
CCN(CC)C(=O)C1=CC=C(C=C1)C(C2=CC3=C(C=C2)C=CN3)N4CCNCC4,-1.6527296960692477,CCN(CC)C(=O)c1ccc(C(c2ccc3cc[nH]c3c2)N2CCNCC2)cc1
COC1=C2C3=C(CC4C56C3(CCN4CC7CC7)C(O2)C(CC5)(C(C6)CN(CC8=CC=CC=C8)S(=O)(=O)C)OC)C=C1,-2.1795805133954094,COc1ccc2c3c1OC1C4(OC)CCC5(CC4CN(Cc4ccccc4)S(C)(=O)=O)C(C2)N(CC2CC2)CCC315
CC1CC2C3CC4=C5C2(CCN3C)C(C1O)OC5=C(C=C4)O,-1.9030899869919435,CC1CC2C3Cc4ccc(O)c5c4C2(CCN3C)C(O5)C1O
CCCCC(C(=O)NC(CC(=O)O)C(=O)NC(CC1=CC=CC=C1)C(=O)NNC(=O)C(CC2=CC=CC=C2)NC(=O)CNC(=O)C(C)NC(=O)C(CC3=CC=C(C=C3)O)N)NC(=O)C(CC4=CC5=CC=CC=C5N4)N,-0.9731278535996988,CCCCC(NC(=O)C(N)Cc1cc2ccccc2[nH]1)C(=O)NC(CC(=O)O)C(=O)NC(Cc1ccccc1)C(=O)NNC(=O)C(Cc1ccccc1)NC(=O)CNC(=O)C(C)NC(=O)C(N)Cc1ccc(O)cc1
CCC(=O)N(C1CCN(CC1)C(=O)CCC(=O)NNC(=O)C(CC2=CC=CC=C2)NC(=O)CNC(=O)C(C)NC(=O)C(CC3=CC=C(C=C3)O)N)C4=CC=CC=C4,-2.1760912590556813,CCC(=O)N(c1ccccc1)C1CCN(C(=O)CCC(=O)NNC(=O)C(Cc2ccccc2)NC(=O)CNC(=O)C(C)NC(=O)C(N)Cc2ccc(O)cc2)CC1
COCCOCCOCCOC1=C2C3=C(CC4C56C3(CCN4CC7CC7)C(O2)C(CC5)(C(C6)COCC8=CC=CC=C8)OC)C=C1,-1.757547853469244,COCCOCCOCCOc1ccc2c3c1OC1C4(OC)CCC5(CC4COCc4ccccc4)C(C2)N(CC2CC2)CCC315
CCCCC(C(=O)NC(CC1=CC=C(C=C1)Cl)C(=O)N2CCC(CC2)N(C3=CC=CC=C3)C(=O)CC)NC(=O)C(CC4=C(C=C(C=C4C)O)C)N,-1.4771212547196624,CCCCC(NC(=O)C(N)Cc1c(C)cc(O)cc1C)C(=O)NC(Cc1ccc(Cl)cc1)C(=O)N1CCC(N(C(=O)CC)c2ccccc2)CC1
CCCCC1C(=O)N2CCCC2C(=O)NC(CSSCC(C(=O)NCC(=O)NC(C(=O)N1)CC3=CC=CC=C3)NC(=O)C(CC4=CC=C(C=C4)O)N)C(=O)NC(CC5=CNC6=CC=CC=C65)C(=O)NCC7=CC(=CC(=C7)C(F)(F)F)C(F)(F)F,-1.1139433523068367,CCCCC1NC(=O)C(Cc2ccccc2)NC(=O)CNC(=O)C(NC(=O)C(N)Cc2ccc(O)cc2)CSSCC(C(=O)NC(Cc2c[nH]c3ccccc23)C(=O)NCc2cc(C(F)(F)F)cc(C(F)(F)F)c2)NC(=O)C2CCCN2C1=O
CC(C)(C)C1=CC=C(C=C1)C(=O)NC2CCC3(C4CC5=C6C3(C2OC6=C(C=C5)O)CCN4CC7CC7)O,0.5228787452803376,CC(C)(C)c1ccc(C(=O)NC2CCC3(O)C4Cc5ccc(O)c6c5C3(CCN4CC3CC3)C2O6)cc1
COC12CCC3(CC1CNCC4=CC=CC=C4)C5CC6=C7C3(C2OC7=C(C=C6)O)CCN5CC8CC8,-2.6341042818288924,COC12CCC3(CC1CNCc1ccccc1)C1Cc4ccc(O)c5c4C3(CCN1CC1CC1)C2O5
CN1CCC23C4C5=C(CC2(C1CC6=C3C(=C(C=C6)O)O4)O)C7=C(N5CCC8=CC=CC=C8)CCCC7,-1.0791812460476249,CN1CCC23c4c5ccc(O)c4OC2c2c(c4c(n2CCc2ccccc2)CCCC4)CC3(O)C1C5
CC1(C2N3C(CO2)OC(C3O1)(C)C4=CC=CC=C4O)C5=CC=CC=C5O,-1.7230449916434452,CC1(c2ccccc2O)OC2COC3N2C1OC3(C)c1ccccc1O
CCN(CC)CC1=CC(=CC(=C1O)CN(CC)CC)NC2=C3C(=NC4=CC=CC=C42)C5=CC=CC=C5N3C.Cl,-3.1723109685219537,CCN(CC)Cc1cc(Nc2c3ccccc3nc3c4ccccc4n(C)c23)cc(CN(CC)CC)c1O.Cl
C1CC1CN2CCC34C5C6=C(CC3(C2CC7=C4C(=C(C=C7)O)O5)O)C8=CC=CC=C8N6,0.958607314841775,Oc1ccc2c3c1OC1c4[nH]c5ccccc5c4CC4(O)C(C2)N(CC2CC2)CCC314
CCCCC(C(=O)NC(CC(=O)O)C(=O)NC(CC1=CC=CC=C1)C(=O)N)NC(=O)C(CC2=CNC3=CC=CC=C32)NC(=O)CNC(=O)C(C)NC(=O)C(CC4=CC=C(C=C4)O)N,-0.7708520116421442,CCCCC(NC(=O)C(Cc1c[nH]c2ccccc12)NC(=O)CNC(=O)C(C)NC(=O)C(N)Cc1ccc(O)cc1)C(=O)NC(CC(=O)O)C(=O)NC(Cc1ccccc1)C(N)=O
CC1CN(CCC1(C)C2=CC(=CC=C2)O)CC(C(C)C)NC(=O)C3CC4=C(CS3)C=C(C=C4)O,-2.57978359661681,CC(C)C(CN1CCC(C)(c2cccc(O)c2)C(C)C1)NC(=O)C1Cc2ccc(O)cc2CS1
COC12CCC3(CC1COCC4=CC=CC=C4)C5CC6=C7C3(C2OC7=C(C=C6)OCC8=NNN=N8)CCN5CC9CC9,-2.612359947967774,COC12CCC3(CC1COCc1ccccc1)C1Cc4ccc(OCc5nn[nH]n5)c5c4C3(CCN1CC1CC1)C2O5
COC(=O)C1=CC=C(C=C1)C2=CC3(CCNCC3)OC4=CC=CC=C42,-1.9084850188786495,COC(=O)c1ccc(C2=CC3(CCNCC3)Oc3ccccc32)cc1
CC(=C1CC23CCC(=O)C1C24CCN(C3CC5=C4C(=C(C=C5)OC)O)C)C6=CC=CC=C6,-1.858236335429513,COc1ccc2c(c1O)C13CCN(C)C(C2)C12CCC(=O)C3C(=C(C)c1ccccc1)C2
CCN(CC)C(=O)C1=CC=C(C=C1)C(=C2CCNCC2)C3=CC(=CC=C3)C(=O)C,-1.0334237554869496,CCN(CC)C(=O)c1ccc(C(=C2CCNCC2)c2cccc(C(C)=O)c2)cc1
CSCCC(C(=O)O)NC(=O)C(CC1=CC=CC=C1)NC(=O)CNC(=O)CNC(=O)C(CC2=CC=C(C=C2)C(=O)N)N,-0.7160033436347992,CSCCC(NC(=O)C(Cc1ccccc1)NC(=O)CNC(=O)CNC(=O)C(N)Cc1ccc(C(N)=O)cc1)C(=O)O
CC1=CC(=CC(=C1CC(C(=O)N2CC3=CC=CC=C3CC2C(=O)NCC4=NC5=CC=CC=C5N4)N)C)O,1.0900082903491342,Cc1cc(O)cc(C)c1CC(N)C(=O)N1Cc2ccccc2CC1C(=O)NCc1nc2ccccc2[nH]1
CCCCC(C(=O)NCC(=O)NC(CC1=CC=C(C=C1)Cl)C(=O)N2CCC(CC2)N(C3=CC=CC=C3)C(=O)CC)NC(=O)C(CC4=C(C=C(C=C4C)O)C)N,1.1549019599857429,CCCCC(NC(=O)C(N)Cc1c(C)cc(O)cc1C)C(=O)NCC(=O)NC(Cc1ccc(Cl)cc1)C(=O)N1CCC(N(C(=O)CC)c2ccccc2)CC1
CCCCN1CCC(=C(C2=CC=CC=C2)C3=CC=C(C=C3)C(=O)N(CC)CC)CC1,-1.662757831681574,CCCCN1CCC(=C(c2ccccc2)c2ccc(C(=O)N(CC)CC)cc2)CC1
CN(C)C(=O)C1=CC=C(C=C1)C2=CC3(CCNCC3)OC4=CC=CC=C42,-1.9084850188786495,CN(C)C(=O)c1ccc(C2=CC3(CCNCC3)Oc3ccccc32)cc1
CCN(CC)C(=O)C1=CC=C(C=C1)N(C2CCN(CC2)CC3=CC=CC=C3)C4=CC=CC(=C4)C(=O)N,0.5228787452803376,CCN(CC)C(=O)c1ccc(N(c2cccc(C(N)=O)c2)C2CCN(Cc3ccccc3)CC2)cc1
CC1=CC(=CC(=C1CC(C(=O)N2CCC(C2)C(=O)NC(CC3=CNC4=CC=CC=C43)C(=O)NC(C5=CC=CC=C5)C(=C)C(=O)N)N)C)O,-1.60422605308447,C=C(C(N)=O)C(NC(=O)C(Cc1c[nH]c2ccccc12)NC(=O)C1CCN(C(=O)C(N)Cc2c(C)cc(O)cc2C)C1)c1ccccc1
CN1CCC23C4C5=C(CC2(C1CC6=C3C(=C(C=C6)O)O4)O)C7=C(N5CC8=CC=CC=C8)CCCC7,-0.9949766736496912,CN1CCC23c4c5ccc(O)c4OC2c2c(c4c(n2Cc2ccccc2)CCCC4)CC3(O)C1C5
CN(C)C(CNC(=O)C1=CC2=C(CCC2)C=C1)C3=CC=C(C=C3)OC,-3.8668188029260486,COc1ccc(C(CNC(=O)c2ccc3c(c2)CCC3)N(C)C)cc1
COC12CCC3(CC1C(C4=CC=CC=C4)O)C5CC6=C7C3(C2OC7=C(C=C6)O)CCN5CC8CC8,-0.6551384348113821,COC12CCC3(CC1C(O)c1ccccc1)C1Cc4ccc(O)c5c4C3(CCN1CC1CC1)C2O5
CCC(=O)N(C1CCN(CC1)C(=O)C(CC2=CC=C(C=C2)F)NC(=O)CNC(=O)C(C)NC(=O)C(CC3=C(C=C(C=C3C)O)C)N)C4=CC=CC=C4,0.9208187539523752,CCC(=O)N(c1ccccc1)C1CCN(C(=O)C(Cc2ccc(F)cc2)NC(=O)CNC(=O)C(C)NC(=O)C(N)Cc2c(C)cc(O)cc2C)CC1
CCN(CC)C(=O)C1=CC=C(C=C1)C(C2=CC=CC3=C2C=CN=C3)N4CCNCC4,-1.7387805584843692,CCN(CC)C(=O)c1ccc(C(c2cccc3cnccc23)N2CCNCC2)cc1
CCN(CC)C(=O)C1=CC=C(C=C1)N(C2CCN(CC2)CCC3=NC=CN3C)C4=CC(=CC=C4)O,-1.1687920203141815,CCN(CC)C(=O)c1ccc(N(c2cccc(O)c2)C2CCN(CCc3nccn3C)CC2)cc1
CCN(CC)C(=O)C1=CC=C(C=C1)C(C2=CC(=CC=C2)OC)N3CC(N(CC3C)CC=C)C,-1.0310042813635367,C=CCN1CC(C)N(C(c2ccc(C(=O)N(CC)CC)cc2)c2cccc(OC)c2)CC1C
CC1(CCC2(C1O)CC34C=CC2(C5C36CCN(C4CC7=C6C(=C(C=C7)O)O5)CC8CC8)OC)C,-0.04139268515822507,COC12C=CC3(CC14CCC(C)(C)C4O)C1Cc4ccc(O)c5c4C3(CCN1CC1CC1)C2O5
COC12CCC3(CC1COC(=O)C(CC4=CC=CC=C4)N)C5CC6=C7C3(C2OC7=C(C=C6)O)CCN5CC8CC8,0.08618614761628332,COC12CCC3(CC1COC(=O)C(N)Cc1ccccc1)C1Cc4ccc(O)c5c4C3(CCN1CC1CC1)C2O5
CN1CCC23C4C5=C(CC2(C1CC6=C3C(=C(C=C6)O)O4)O)C=NC(=O)N5,-1.7870706389786783,CN1CCC23c4c5ccc(O)c4OC2c2[nH]c(=O)ncc2CC3(O)C1C5
CCC(=O)N(C1CCN(CC1)C(=O)C(CC2=CC=C(C=C2)Cl)NC(=O)CNC(=O)C3CC4=CC=CC=C4CN3C(=O)C(CC5=C(C=C(C=C5C)O)C)N)C6=CC=CC=C6,0.6989700043360187,CCC(=O)N(c1ccccc1)C1CCN(C(=O)C(Cc2ccc(Cl)cc2)NC(=O)CNC(=O)C2Cc3ccccc3CN2C(=O)C(N)Cc2c(C)cc(O)cc2C)CC1
CN1CCC23C4C5(CCC2(C1CC6=C3C(=C(C=C6)NS(=O)(=O)C)O4)CC5COCC7=CC=CC=C7)OC,-2.6831010964280657,COC12CCC3(CC1COCc1ccccc1)C1Cc4ccc(NS(C)(=O)=O)c5c4C3(CCN1C)C2O5
CC(C)CC(C(=O)NC(CC1=CNC2=CC=CC=C21)C(=O)NCC3=CC(=CC(=C3)C(F)(F)F)C(F)(F)F)NC(=O)C4CCCN4C(=O)C5C(SSC(C(C(=O)NCC(=O)NC(C(=O)N5)CC6=CC=CC=C6)NC(=O)C(CC7=CC=C(C=C7)O)N)(C)C)(C)C,-0.505149978319906,CC(C)CC(NC(=O)C1CCCN1C(=O)C1NC(=O)C(Cc2ccccc2)NC(=O)CNC(=O)C(NC(=O)C(N)Cc2ccc(O)cc2)C(C)(C)SSC1(C)C)C(=O)NC(Cc1c[nH]c2ccccc12)C(=O)NCc1cc(C(F)(F)F)cc(C(F)(F)F)c1
CCN(CC)C(=O)C1=CC=C(C=C1)N(C2CCN(CC2)CCC3=NC=CN3)C4=CC(=CC=C4)OC,-2.096910013008056,CCN(CC)C(=O)c1ccc(N(c2cccc(OC)c2)C2CCN(CCc3ncc[nH]3)CC2)cc1
CC1CC2C3CC4=C5C2(CCN3C)C(C1OC)OC5=C(C=C4)OC,-3.397940008672037,COc1ccc2c3c1OC1C(OC)C(C)CC4C(C2)N(C)CCC341
CC1CN(CCC1(C)C2=CC(=CC=C2)O)CC(C(C)C)NC(=O)C3CCC4=C(C3)C=CC(=C4)O,-2.57978359661681,CC(C)C(CN1CCC(C)(c2cccc(O)c2)C(C)C1)NC(=O)C1CCc2cc(O)ccc2C1
CC1=CC(=CC(=C1CC(C(=O)N2CC3=CC=CC=C3CC2COCC4=CC=CC=C4)N)C)O,0.013228265733755159,Cc1cc(O)cc(C)c1CC(N)C(=O)N1Cc2ccccc2CC1COCc1ccccc1
CC(C(=O)NCC(=O)NC(CC1=CC=C(C=C1)Cl)C(=O)NC(CCC(=O)NCCCCCC(=O)N(C2CCN(CC2)CCC3=CC=CC=C3)C4=CC=CC=C4)C(=O)NC(CC5=C(C(=C(C(=C5F)F)F)F)F)C(=O)N)NC(=O)C(CC6=CC=C(C=C6)O)N,-0.04139268515822507,CC(NC(=O)C(N)Cc1ccc(O)cc1)C(=O)NCC(=O)NC(Cc1ccc(Cl)cc1)C(=O)NC(CCC(=O)NCCCCCC(=O)N(c1ccccc1)C1CCN(CCc2ccccc2)CC1)C(=O)NC(Cc1c(F)c(F)c(F)c(F)c1F)C(N)=O
CN1CCC23CC4=C(CC2(C1)CC5=C3C=C(C=C5)O)C6=CC=CC=C6N4C,-1.8129133566428557,CN1CCC23Cc4c(c5ccccc5n4C)CC2(Cc2ccc(O)cc23)C1
CCN(CC)C(=O)C1=CC=C(C=C1)N(C2CCN(CC2)CCC3=CC=CC=C3F)C4=CC(=CC=C4)O,-0.04727486738417948,CCN(CC)C(=O)c1ccc(N(c2cccc(O)c2)C2CCN(CCc3ccccc3F)CC2)cc1
CC(C(=O)NCC(=O)NC(CC1=CC=CC=C1)C(=O)NCCC(=O)N(C2CCN(CC2)CCC3=CC=CC=C3)C4=CC=CC=C4)NC(=O)C(CC5=CC=C(C=C5)O)N.Cl,-1.7781512503836436,CC(NC(=O)C(N)Cc1ccc(O)cc1)C(=O)NCC(=O)NC(Cc1ccccc1)C(=O)NCCC(=O)N(c1ccccc1)C1CCN(CCc2ccccc2)CC1.Cl
CC(C(=O)NCC(=O)NC(CC1=CC=CC=C1)C(=O)NNC(=O)CCC(=O)NC2CCN(CC2)CCC3=CC=CC=C3)NC(=O)C(CC4=CC=C(C=C4)O)N,-1.4623979978989559,CC(NC(=O)C(N)Cc1ccc(O)cc1)C(=O)NCC(=O)NC(Cc1ccccc1)C(=O)NNC(=O)CCC(=O)NC1CCN(CCc2ccccc2)CC1
C1CC1CN2CCC34C5C(CCC3(C2CC6=C4C(=C(C=C6)O)O5)O)NC(=O)C7=CC=C(C=C7)Cl,-1.6232492903979006,O=C(NC1CCC2(O)C3Cc4ccc(O)c5c4C2(CCN3CC2CC2)C1O5)c1ccc(Cl)cc1
CC(C(=O)NCC(=O)NC(CC1=CC=CC=C1)C(=O)NNC(=O)CCC(=O)N(C2CCN(CC2)CCC3=CC=CC=C3)C4=CC=CC=C4)NC(=O)C(CC5=CC=C(C=C5)O)N,-2.041392685158225,CC(NC(=O)C(N)Cc1ccc(O)cc1)C(=O)NCC(=O)NC(Cc1ccccc1)C(=O)NNC(=O)CCC(=O)N(c1ccccc1)C1CCN(CCc2ccccc2)CC1
CCCCC(C(=O)N1CCCC1C(=O)NC(CC(C)C)C(=O)NC(CC2=CNC3=CC=CC=C32)C(=O)NCC4=CC(=CC=C4)C(F)(F)F)NC(=O)C(CC5=CC=CC=C5)NC(=O)CNC(=O)C(C)NC(=O)C(CC6=C(C=C(C=C6C)O)C)N,0.6989700043360187,CCCCC(NC(=O)C(Cc1ccccc1)NC(=O)CNC(=O)C(C)NC(=O)C(N)Cc1c(C)cc(O)cc1C)C(=O)N1CCCC1C(=O)NC(CC(C)C)C(=O)NC(Cc1c[nH]c2ccccc12)C(=O)NCc1cccc(C(F)(F)F)c1
CC1C2CC3=C(C1(CCN2CC4CC4)C)C=C(C=C3)C(=O)NCCC5=CC=C(C=C5)C6=CC=CC=C6,-0.4771212547196624,CC1C2Cc3ccc(C(=O)NCCc4ccc(-c5ccccc5)cc4)cc3C1(C)CCN2CC1CC1
CN1CCC23C4C5=C(CC2(C1CC6=C3C(=C(C=C6)O)O4)OCCCC7=CC=CC=C7)C=C(C=N5)C8=CC=C(C=C8)Cl,0.5686362358410126,CN1CCC23c4c5ccc(O)c4OC2c2ncc(-c4ccc(Cl)cc4)cc2CC3(OCCCc2ccccc2)C1C5
