smiles,value,cano_smiles
CC1CN(CCC1(C)C2=CC(=CC=C2)O)CC(C(C)C)NC(=O)C3CC4=C(CS3)C=C(C=C4)O.Cl,-2.0791812460476247,CC(C)C(CN1CCC(C)(c2cccc(O)c2)C(C)C1)NC(=O)C1Cc2ccc(O)cc2CS1.Cl
CC1=CC=C(C=C1)C=CC(=O)N2CC3C(C2)C4(C=CC35C6CC7=C8C5(C4OC8=C(C=C7)O)CCN6C)OC,-0.9319661147281728,COC12C=CC3(C4CN(C(=O)C=Cc5ccc(C)cc5)CC41)C1Cc4ccc(O)c5c4C3(CCN1C)C2O5
CC1(CCCCCCC1)N2CCC(CC2)N3C4=CC=CC=C4N=C3C5CCCNC5,-1.5314789170422551,CC1(N2CCC(n3c(C4CCCNC4)nc4ccccc43)CC2)CCCCCCC1
CC1C2CC3=C(C1(CCN2CC4CC4)C)C=C(C=C3)C(=O)N,-0.43136376415898736,CC1C2Cc3ccc(C(N)=O)cc3C1(C)CCN2CC1CC1
C1CC1CN2CCC34C5C(CCC3(C2CC6=C4C(=C(C=C6)O)O5)O)NC(=O)CNC(=O)C7=CC=NC=C7.Cl,-0.4533183400470376,Cl.O=C(CNC(=O)c1ccncc1)NC1CCC2(O)C3Cc4ccc(O)c5c4C2(CCN3CC2CC2)C1O5
C1CC(C1)CN2CCC34CC(=O)CCC3(C2CC5=C4C(=C(C=C5)C(=O)N)O)O,-0.0,NC(=O)c1ccc2c(c1O)C13CCN(CC4CCC4)C(C2)C1(O)CCC(=O)C3
C1CCC23CCN(C(C2C1)CC4=C3C=C(C=C4)NC(=O)CCCCCCCCC(=O)OC5=CC6=C(CC7C8C6(CCCC8)CCN7CC9CCC9)C=C5)CC1CCC1,-0.6434526764861874,O=C(CCCCCCCCC(=O)Oc1ccc2c(c1)C13CCCCC1C(C2)N(CC1CCC1)CC3)Nc1ccc2c(c1)C13CCCCC1C(C2)N(CC1CCC1)CC3
CC1C2CC3=C(C1(CCN2CC4CC4)C)C=C(C=C3)O,-0.6020599913279624,CC1C2Cc3ccc(O)cc3C1(C)CCN2CC1CC1
CC12CCCCCC(C1N)CC3=C2C=C(C=C3)C(=O)N,-1.711807229041191,CC12CCCCCC(Cc3ccc(C(N)=O)cc31)C2N
C1CC1CN2CCC34C5C(CCC3(C2CC6=C4C(=C(C=C6)O)O5)O)NC(=O)C7=CC=C(C=C7)I.C(=O)(C(=O)O)O,-0.9444826721501688,O=C(NC1CCC2(O)C3Cc4ccc(O)c5c4C2(CCN3CC2CC2)C1O5)c1ccc(I)cc1.O=C(O)C(=O)O
CC(C)(CCCCCCC(C)(C)C(=O)OC1=CC2=C(CC3C4C2(CCCC4)CCN3CC5CCC5)C=C1)C(=O)OC6=CC7=C(CC8C9C7(CCCC9)CCN8CC1CCC1)C=C6,-1.041392685158225,CC(C)(CCCCCCC(C)(C)C(=O)Oc1ccc2c(c1)C13CCCCC1C(C2)N(CC1CCC1)CC3)C(=O)Oc1ccc2c(c1)C13CCCCC1C(C2)N(CC1CCC1)CC3
CN1CCC23C4C5(CCC2(C1CC6=C3C(=C(C=C6)O)O4)CC5CNCC=CC7=CC=CC=C7)OC,-1.1974184075100185,COC12CCC3(CC1CNCC=Cc1ccccc1)C1Cc4ccc(O)c5c4C3(CCN1C)C2O5
CN1CCC23C4C5=C(CC2(C1CC6=C3C(=C(C=C6)O)O4)OC)C=C(C=N5)C7=CC=C(C=C7)Cl,-2.5786392099680717,COC12Cc3cc(-c4ccc(Cl)cc4)cnc3C3Oc4c(O)ccc5c4C31CCN(C)C2C5
CC(=O)OC1CC(C2(CCC3C(=O)OC(CC3(C2C1=O)C)C4=COC=C4)C)C(=O)OC,-3.456366033129043,COC(=O)C1CC(OC(C)=O)C(=O)C2C1(C)CCC1C(=O)OC(c3ccoc3)CC12C
CC(=O)OC1CC(C2(CCC3C(=O)OC(CC3(C2C1=O)C)C4=C(OC=C4)C#C)C)C(=O)OC,-4.0,C#Cc1occc1C1CC2(C)C(CCC3(C)C(C(=O)OC)CC(OC(C)=O)C(=O)C32)C(=O)O1
COC1=C2C3=C(CC4C56C3(CCN4)C(O2)C(CC5)(C(C6)COCC7=CC=CC=C7)OC)C=C1,-2.143764014612251,COc1ccc2c3c1OC1C4(OC)CCC5(CC4COCc4ccccc4)C(C2)NCCC315
COC12CCC3(CC1COCC4=CC=CC=C4)C5CC6=C7C3(C2OC7=C(C=C6)OCC(=O)O)CCN5CC8CC8,-2.5258995902372385,COC12CCC3(CC1COCc1ccccc1)C1Cc4ccc(OCC(=O)O)c5c4C3(CCN1CC1CC1)C2O5
CC(C(=O)NC(CC1=CC=CC=C1)C(=O)NCC(=O)NC(CC2=CC=C(C=C2)O)C(=O)N3CCCC3C(=O)NC(CO)C(=O)N)NC(=O)C(CC4=CC=C(C=C4)O)N,-0.6010273151444854,CC(NC(=O)C(N)Cc1ccc(O)cc1)C(=O)NC(Cc1ccccc1)C(=O)NCC(=O)NC(Cc1ccc(O)cc1)C(=O)N1CCCC1C(=O)NC(CO)C(N)=O
C1CC1CN2CCC34C5C(CCC3(C2CC6=C4C(=C(C=C6)O)O5)O)NC(=O)C7=CC(=NC=C7)Cl,0.0809219076239261,O=C(NC1CCC2(O)C3Cc4ccc(O)c5c4C2(CCN3CC2CC2)C1O5)c1ccnc(Cl)c1
CN1CCC23C4C5=C(CC(C(=O)N5C)CCO)CC2(C1CC6=C3C(=C(C=C6)O)O4)O,-2.8506462351830666,CN1C(=O)C(CCO)CC2=C1C1Oc3c(O)ccc4c3C13CCN(C)C(C4)C3(O)C2
CC1=CC=CC2=C1CCCC2N3CCC4(CC3)C(=O)NCN4C5=CC=CC=C5,-3.5682017240669954,Cc1cccc2c1CCCC2N1CCC2(CC1)C(=O)NCN2c1ccccc1
C1C=CCC(NC(=O)C(NC(=O)CNC(=O)C1NC(=O)C(CC2=CC=C(C=C2)O)N)CC3=CC=CC=C3)C(=O)O,-0.37106786227173627,NC(Cc1ccc(O)cc1)C(=O)NC1CC=CCC(C(=O)O)NC(=O)C(Cc2ccccc2)NC(=O)CNC1=O
CC12C3=C(CC4(C15CCN(C4CC6=C5C(=C(C=C6)O)O2)C)CC=CC7=CC=CC=C7)C8=CC=CC=C8N3,-2.9052560487484507,CN1CCC23c4c5ccc(O)c4OC2(C)c2[nH]c4ccccc4c2CC3(CC=Cc2ccccc2)C1C5
COC12CCC3(CC1COCC4=CC=CC=C4)C5CC6=C7C3(C2OC7=C(C=C6)C(=O)N)CCN5CC8CC8,0.2076083105017461,COC12CCC3(CC1COCc1ccccc1)C1Cc4ccc(C(N)=O)c5c4C3(CCN1CC1CC1)C2O5
CC1=CC=CC=C1C=CC(=O)NCC2CC34CCC2(C5C36CCN(C4CC7=C6C(=C(C=C7)OC)O5)C)OC,-1.6994040818153373,COc1ccc2c3c1OC1C4(OC)CCC5(CC4CNC(=O)C=Cc4ccccc4C)C(C2)N(C)CCC315
CC1C2C3=CC(=NCC4=CC=CC=C4)CCC3C(N1C)CC5=C2C=C(C=C5)NCC6=CC=CC=C6,-3.6334684555795866,CC1C2C3=CC(=NCc4ccccc4)CCC3C(Cc3ccc(NCc4ccccc4)cc32)N1C
CC1CC2C3CC4=C5C2(CCN3C)C(C1OC)OC5=C(C=C4)OC,-3.505149978319906,COc1ccc2c3c1OC1C(OC)C(C)CC4C(C2)N(C)CCC341
C1CCC23CCN(C(C2C1)CC4=C3C=C(C=C4)NC(=O)N)CC5CC5,-1.4913616938342726,NC(=O)Nc1ccc2c(c1)C13CCCCC1C(C2)N(CC1CC1)CC3
C1CC1CN2CCC34C5C(=O)CCC3(C2CC6=C4C(=C(C=C6)O)O5)NC(=O)C7=CC8=CC=CC=C8N=C7,-0.4487063199050799,O=C(NC12CCC(=O)C3Oc4c(O)ccc5c4C31CCN(CC1CC1)C2C5)c1cnc2ccccc2c1
CC1=CC=CC=C1C=CC(=O)NC23CCC(=O)C4C25CCN(C3CC6=C5C(=C(C=C6)OC)O4)C,0.3010299956639812,COc1ccc2c3c1OC1C(=O)CCC4(NC(=O)C=Cc5ccccc5C)C(C2)N(C)CCC314
C=C(C(C1=CC=CC2=CC=CC=C21)NC(=O)C(CC3=CNC4=CC=CC=C43)NC(=O)C5CCCN5C(=O)C(CC6=CC=C(C=C6)O)N)C(=O)N,-1.858236335429513,C=C(C(N)=O)C(NC(=O)C(Cc1c[nH]c2ccccc12)NC(=O)C1CCCN1C(=O)C(N)Cc1ccc(O)cc1)c1cccc2ccccc12
COC1=C2C3=C(CC4C56C3(CCN4CC7CC7)C(O2)C(CC5)(C(C6)COCC8=CC=CC=C8)OC)C=C1,-1.0326187608507198,COc1ccc2c3c1OC1C4(OC)CCC5(CC4COCc4ccccc4)C(C2)N(CC2CC2)CCC315
CC(C)COC1CC2C3CC4=C(C2(CCN3CC5CC5)CC1=O)C=C(C=C4)OC,-3.3226327116922234,COc1ccc2c(c1)C13CCN(CC4CC4)C(C2)C1CC(OCC(C)C)C(=O)C3
CC1C2CC3=C(C1(CCN2C(C)C4CC4)C)C=C(C=C3)O,-0.5440680443502757,CC(C1CC1)N1CCC2(C)c3cc(O)ccc3CC1C2C
COC12CCC3(CC1COCC4=CC=CC=C4)C5CC6=C7C3(C2OC7=C(C=C6)C(=O)N)CCN5CC8CC8,0.2076083105017461,COC12CCC3(CC1COCc1ccccc1)C1Cc4ccc(C(N)=O)c5c4C3(CCN1CC1CC1)C2O5
CN1CCC23C4C5=C(CC2(C1CC6=C3C(=C(C=C6)O)O4)O)C7=C(N5)C=CC(=C7)F,-3.0334237554869503,CN1CCC23c4c5ccc(O)c4OC2c2[nH]c4ccc(F)cc4c2CC3(O)C1C5
CC(C)(C)C(C)(C1CC23CCC1(C4C25CCN(C3CC6=C5C(=C(C=C6)O)O4)C)OC)O,-0.07918124604762483,COC12CCC3(CC1C(C)(O)C(C)(C)C)C1Cc4ccc(O)c5c4C3(CCN1C)C2O5
CC1(C2CC34CCC2(C5C36CCN(C4CC7=C6C(=C(C=C7)O)O5)CC8CC8)OCO1)C(C)(C)C,0.06550154875643227,CC(C)(C)C1(C)OCOC23CCC4(CC21)C1Cc2ccc(O)c5c2C4(CCN1CC1CC1)C3O5
C1CC1CN2CCC34C5C(CCC3(C2CC6=C4C(=C(C=C6)O)O5)O)NC(=O)C7=NC=NC=C7,-0.8747716371842983,O=C(NC1CCC2(O)C3Cc4ccc(O)c5c4C2(CCN3CC2CC2)C1O5)c1ccncn1
CN1CCC23C4C(CCC2(C1CC5=C3C(=C(C=C5)OC)O4)O)OCCOCCOCCOCCOC,-3.5699588180965938,COCCOCCOCCOCCOC1CCC2(O)C3Cc4ccc(OC)c5c4C2(CCN3C)C1O5
C1CC(N(C1)C(=O)C(CC2=CC=C(C=C2)O)N)C(=O)NC(CC3=CC=CC=C3)C(=O)N4CCCC4C(=O)N,-2.8699090428042155,NC(=O)C1CCCN1C(=O)C(Cc1ccccc1)NC(=O)C1CCCN1C(=O)C(N)Cc1ccc(O)cc1
COC12CCC3(CC1COCC4=CC=CC=C4)C5CC6=C7C3(C2OC7=C(C=C6)O)CCN5,-0.9647309210536292,COC12CCC3(CC1COCc1ccccc1)C1Cc4ccc(O)c5c4C3(CCN1)C2O5
C1CC2CC(CC1N2C(C3=CC=CC=C3Cl)C4=CC=CC=C4Cl)(C5=CC=CC=C5)C(=O)N,-2.5751878449276613,NC(=O)C1(c2ccccc2)CC2CCC(C1)N2C(c1ccccc1Cl)c1ccccc1Cl
C=C1CCC2C3CC4=C(C2(C1)CCN3CC5CCC5)C(=C(C=C4)C(=O)N)O,0.2757241303992109,C=C1CCC2C3Cc4ccc(C(N)=O)c(O)c4C2(CCN3CC2CCC2)C1
CN1CCC23C4C5(CCC2(C1CC6=C3C(=C(C=C6)C(=O)N)O4)CC5COCC7=CC=CC=C7)OC,-2.010681493131444,COC12CCC3(CC1COCc1ccccc1)C1Cc4ccc(C(N)=O)c5c4C3(CCN1C)C2O5
C1CC(C1)CN2CCC34CC5=C(CC3C2CC6=C4C=C(C=C6)O)SC(=N5)N,-0.414973347970818,Nc1nc2c(s1)CC1C3Cc4ccc(O)cc4C1(CCN3CC1CCC1)C2
C1CC1CN2CCC34C5C(=O)CCC3(C2CC6=C4C(=C(C=C6)C(=O)N)O5)O,-0.6901960800285137,NC(=O)c1ccc2c3c1OC1C(=O)CCC4(O)C(C2)N(CC2CC2)CCC314
CN1CCC23C4C5=C(CC2(C1CC6=C3C(=C(C=C6)O)O4)O)C7=C(N5CC8CCCCC8)CCCC7,-2.113943352306837,CN1CCC23c4c5ccc(O)c4OC2c2c(c4c(n2CC2CCCCC2)CCCC4)CC3(O)C1C5
CC(C)C(C(=O)NCC(=O)NC(C(C)O)C(=O)NCC(=O)NC(CCSC)C(=O)NC(CCCCN)C(=O)NC(CCCCN)C(=O)NC(C(C)O)C(=O)NC(CO)C(=O)NC(CC1=CC=CC=C1)C(=O)NC(CCC(=O)N)C(=O)NC(CCCNC(=N)N)C(=O)NC(C)C(=O)NC(CCCCN)C(=O)NC(CO)C(=O)O)NC(=O)C(C(C)(C)C)NC(=O)C(CC(=O)N)NC(=O)C(CCCNC(=N)N)NC(=O)C(CC2=CC=CC=C2)NC(=O)C(CO)N,-1.0406023401140732,CSCCC(NC(=O)CNC(=O)C(NC(=O)CNC(=O)C(NC(=O)C(NC(=O)C(CC(N)=O)NC(=O)C(CCCNC(=N)N)NC(=O)C(Cc1ccccc1)NC(=O)C(N)CO)C(C)(C)C)C(C)C)C(C)O)C(=O)NC(CCCCN)C(=O)NC(CCCCN)C(=O)NC(C(=O)NC(CO)C(=O)NC(Cc1ccccc1)C(=O)NC(CCC(N)=O)C(=O)NC(CCCNC(=N)N)C(=O)NC(C)C(=O)NC(CCCCN)C(=O)NC(CO)C(=O)O)C(C)O
CC1=CC(=CC(=C1CC(C(=O)NCC(=O)NCC(=O)NC(CC2=CC=CC=C2)C(=O)NC(CC(C)C)C(=O)O)N)C)C(=O)N,-2.255272505103306,Cc1cc(C(N)=O)cc(C)c1CC(N)C(=O)NCC(=O)NCC(=O)NC(Cc1ccccc1)C(=O)NC(CC(C)C)C(=O)O
C1CC1CN2CCC34C5C(CCC3(C2CC6=C4C(=C(C=C6)O)O5)O)NC(=O)C7=C(C=NC=C7)Br,-0.11394335230683678,O=C(NC1CCC2(O)C3Cc4ccc(O)c5c4C2(CCN3CC2CC2)C1O5)c1ccncc1Br
CC1CN(C2CC(CC1(C2)C3=CC(=CC=C3)O)N(C)CC4CC4)CCCC5=CC=CC=C5.Cl.Cl,-0.43136376415898736,CC1CN(CCCc2ccccc2)C2CC(N(C)CC3CC3)CC1(c1cccc(O)c1)C2.Cl.Cl
CC1=C(C(=CC=C1)NC(=S)NCC(C2=CN=CC=C2)N(C)C)C,-3.4391747398434687,Cc1cccc(NC(=S)NCC(c2cccnc2)N(C)C)c1C
COC1=C2C3=C(CC4C56C3(CCN4CC7CC7)C(O2)C(CC5)(C(C6)COCC8=CC=C(C=C8)C(=O)NCC(=O)O)OC)C=C1,-3.111951057093562,COc1ccc2c3c1OC1C4(OC)CCC5(CC4COCc4ccc(C(=O)NCC(=O)O)cc4)C(C2)N(CC2CC2)CCC315
C1CCC23CCN(C(C2C1)CC4=C3C=C(C=C4)OC(=O)CCC(=O)OC5=CC6=C(CC7C8C6(CCCC8)CCN7CC9CCC9)C=C5)CC1CCC1,-0.8692317197309762,O=C(CCC(=O)Oc1ccc2c(c1)C13CCCCC1C(C2)N(CC1CCC1)CC3)Oc1ccc2c(c1)C13CCCCC1C(C2)N(CC1CCC1)CC3
CCC(C1=CC(=CC=C1)O)C(C)CN(C)C,-2.8260748027008264,CCC(c1cccc(O)c1)C(C)CN(C)C
CC1(CCCCCCC1)N2CCC(CC2)N3C4=CC=CC=C4N=C3C5=CC6=CC=CC=C6O5,-3.5650209283452936,CC1(N2CCC(n3c(-c4cc5ccccc5o4)nc4ccccc43)CC2)CCCCCCC1
CCN(CC)CCN1C2=C(C=C(C=C2)NC(=N[N+](=O)[O-])N)N=C1CC3=CC=C(C=C3)OCC,-1.7160033436347992,CCOc1ccc(Cc2nc3cc(NC(N)=N[N+](=O)[O-])ccc3n2CCN(CC)CC)cc1
CC1=CC(=CC(=C1CC(C(=O)NC(CO)C(=O)NCC(=O)NC(CC2=CC=CC=C2)C(=O)NC(CC(C)C)C(=O)NC(C(C)O)C(=O)O)N)C)C(=O)N,-2.397940008672037,Cc1cc(C(N)=O)cc(C)c1CC(N)C(=O)NC(CO)C(=O)NCC(=O)NC(Cc1ccccc1)C(=O)NC(CC(C)C)C(=O)NC(C(=O)O)C(C)O
CN1CCC23C4C(=O)CCC2(C1CC5=C3C(=C(C=C5)OC)O4)NC(=O)C=CC6=CC=CC=C6Cl,0.3010299956639812,COc1ccc2c3c1OC1C(=O)CCC4(NC(=O)C=Cc5ccccc5Cl)C(C2)N(C)CCC314
CC(C1=CC=CC=C1)NCCC2(CCOC3(C2)CCCC3)C4=CC=C(C=C4)F,-2.7000023971422538,CC(NCCC1(c2ccc(F)cc2)CCOC2(CCCC2)C1)c1ccccc1
COC1=C2C3=C(CC4C56C3(CCN4CC7CC7)C(O2)C(CC5)(C(C6)COCC(=O)N)OC)C=C1,-3.053481804080292,COc1ccc2c3c1OC1C4(OC)CCC5(CC4COCC(N)=O)C(C2)N(CC2CC2)CCC315
CC1=CC(=CC(=C1CC(C(=O)N2CC3=CC=CC=C3CC2C(=O)NCC(=O)N4CCC5=CC=CC=C5C4)N)C)O,-1.3424226808222062,Cc1cc(O)cc(C)c1CC(N)C(=O)N1Cc2ccccc2CC1C(=O)NCC(=O)N1CCc2ccccc2C1
C1CC1CN2CCC34C5C(CCC3(C2CC6=C4C(=C(C=C6)O)O5)O)NC(=O)C7=NC8=CC=CC=C8C=C7,1.0457574905606752,O=C(NC1CCC2(O)C3Cc4ccc(O)c5c4C2(CCN3CC2CC2)C1O5)c1ccc2ccccc2n1
COC1=C2C3=C(CC4C56C3(CCN4CC7CC7)C(O2)C(CC5)(C(C6)COCC8=CC=C(C=C8)C(CO)O)OC)C=C1,-1.78161178249315,COc1ccc2c3c1OC1C4(OC)CCC5(CC4COCc4ccc(C(O)CO)cc4)C(C2)N(CC2CC2)CCC315
CC1C2CC3=C(C1(CCN2CC(C)(C)O)C)C=C(C=C3)O,-1.9242792860618816,CC1C2Cc3ccc(O)cc3C1(C)CCN2CC(C)(C)O
CC1=C(C(=CC=C1)N2C3=C(C(=N2)C)C(=O)CC(C3)(C)C)C,-3.949390006644913,Cc1cccc(-n2nc(C)c3c2CC(C)(C)CC3=O)c1C
CCC(C)C(C(=O)NC(CCCN=C(N)N)C(=O)N1CCCC1C(=O)NC(CCCCN)C(=O)NC(CC(C)C)C(=O)NC(CCCCN)C(=O)O)NC(=O)C(CCCN=C(N)N)NC(=O)C(CCCN=C(N)N)NC(=O)C(CC(C)C)NC(=O)C(CC2=CC=CC=C2)NC(=O)CNC(=O)CNC(=O)C(CC3=CC=C(C=C3)O)N,-2.3302107845715283,CCC(C)C(NC(=O)C(CCCN=C(N)N)NC(=O)C(CCCN=C(N)N)NC(=O)C(CC(C)C)NC(=O)C(Cc1ccccc1)NC(=O)CNC(=O)CNC(=O)C(N)Cc1ccc(O)cc1)C(=O)NC(CCCN=C(N)N)C(=O)N1CCCC1C(=O)NC(CCCCN)C(=O)NC(CC(C)C)C(=O)NC(CCCCN)C(=O)O
C1CC(C1)CN2CCC34CC(CCC3C2CC5=C4C(=C(C=C5)C(=O)N)O)O,-0.17609125905568124,NC(=O)c1ccc2c(c1O)C13CCN(CC4CCC4)C(C2)C1CCC(O)C3
CC1=NC=CC(=C1)C(=O)NC2CCC3(C4CC5=C6C3(C2OC6=C(C=C5)O)CCN4CC7CC7)O.Cl,-0.05307844348341968,Cc1cc(C(=O)NC2CCC3(O)C4Cc5ccc(O)c6c5C3(CCN4CC3CC3)C2O6)ccn1.Cl
COC12CCC3(CC1COCC4=CC=CC=C4)C5CC6=C7C3(C2OC7=C(C=C6)Br)CCN5CC8CC8,-2.426234656211552,COC12CCC3(CC1COCc1ccccc1)C1Cc4ccc(Br)c5c4C3(CCN1CC1CC1)C2O5
CN1CCC23C4C5(CCC2(C1CC6=C3C(=C(C=C6)C=C)O4)CC5COCC7=CC=CC=C7)OC,-1.271609301378832,C=Cc1ccc2c3c1OC1C4(OC)CCC5(CC4COCc4ccccc4)C(C2)N(C)CCC315
C1CC1CN2CCC34C5C(=O)CCC3(C2CC6=C4C(=C(C=C6)O)O5)NC(=O)C7=CC=NC=C7,-0.22271647114758328,O=C(NC12CCC(=O)C3Oc4c(O)ccc5c4C31CCN(CC1CC1)C2C5)c1ccncc1
CN1CCC23C4C5=C(CC2(C1CC6=C3C(=C(C=C6)O)O4)OC(=O)CCC7=CC=CC=C7)C=C(C=N5)C8=CC=C(C=C8)Cl,-1.6812412373755872,CN1CCC23c4c5ccc(O)c4OC2c2ncc(-c4ccc(Cl)cc4)cc2CC3(OC(=O)CCc2ccccc2)C1C5
CC1=CC=CC=C1C=CC(=O)NCC2CC34CCC2(C5C36CCN(C4CC7=C6C(=C(C=C7)O)O5)C)OC,-0.5711262770843116,COC12CCC3(CC1CNC(=O)C=Cc1ccccc1C)C1Cc4ccc(O)c5c4C3(CCN1C)C2O5
COC1=C2C3=C(CC4C56C3(CCN4CC7CC7)C(O2)C(CC5)(C(C6)CNCC8=CC=CC=C8)OC)C=C1,-1.7026889681591335,COc1ccc2c3c1OC1C4(OC)CCC5(CC4CNCc4ccccc4)C(C2)N(CC2CC2)CCC315
COC1=C2C3=C(CC4C56C3(CCN4CC(=O)N)C(O2)C(CC5)(C(C6)COCC7=CC=CC=C7)OC)C=C1,-2.941665445699364,COc1ccc2c3c1OC1C4(OC)CCC5(CC4COCc4ccccc4)C(C2)N(CC(N)=O)CCC315
CC(C)(C1CC23CCC1(C4C25CCN(C3CC6=C5C(=C(C=C6)OC)O4)CC7CC7)OC)OCC8=CC=CC=C8,-0.7671558660821804,COc1ccc2c3c1OC1C4(OC)CCC5(CC4C(C)(C)OCc4ccccc4)C(C2)N(CC2CC2)CCC315
CCOC1=CC=C(C=C1)CC2=NC3=C(N2CCN(C)C)C=CC(=C3)N=C(C4=CC=CS4)N,-3.1760912590556813,CCOc1ccc(Cc2nc3cc(N=C(N)c4cccs4)ccc3n2CCN(C)C)cc1
C1CC1CN2CCC34CC5=C(CC3(C2)CC6=C4C=C(C=C6)O)C=C(C(=O)N5)C(=O)N,-2.6154239528859438,NC(=O)c1cc2c([nH]c1=O)CC13CCN(CC4CC4)CC1(Cc1ccc(O)cc13)C2
C1CC1CN2CCC34CC(=O)C(CC3(C2CC5=C4C=C(C=C5)O)O)NC(=O)C6=CC=CC=C6,-1.1038037209559568,O=C(NC1CC2(O)C3Cc4ccc(O)cc4C2(CCN3CC2CC2)CC1=O)c1ccccc1
COC12CCCCC13CCN(C2CC4=C3C=C(C=C4)O)CC5CCC5,-0.5563025007672873,COC12CCCCC13CCN(CC1CCC1)C2Cc1ccc(O)cc13
CN1CCC23C4C5(CCC2(C1CC6=C3C(=C(C=C6)OC)O4)CC5CSC7=NC8=CC=CC=C8S7)OC,-2.7012916064088444,COc1ccc2c3c1OC1C4(OC)CCC5(CC4CSc4nc6ccccc6s4)C(C2)N(C)CCC315
COC(=O)NC1(CC2CCC(C1)N2C(C3=CC=CC=C3Cl)C4=CC=CC=C4Cl)C5=CC=CC=C5,-2.893206753059848,COC(=O)NC1(c2ccccc2)CC2CCC(C1)N2C(c1ccccc1Cl)c1ccccc1Cl
CCNC(=O)OC1=CC2=C(CC3C4C2(CCCC4)CCN3CC5CC5)C=C1,-0.380211241711606,CCNC(=O)Oc1ccc2c(c1)C13CCCCC1C(C2)N(CC1CC1)CC3
CC(=O)NC1=NC2=C(S1)CC3C4CC5=C(C3(C2)CCN4CC6CC6)C=C(C=C5)OC,-1.9030899869919435,COc1ccc2c(c1)C13CCN(CC4CC4)C(C2)C1Cc1sc(NC(C)=O)nc1C3
COCCOCCOCCOCCOCCOC1=C2C3=C(CC4C56C3(CCN4CC7CC7)C(O2)C(CC5)(C(C6)COCC8=CC=CC=C8)OC)C=C1,-2.423344193632788,COCCOCCOCCOCCOCCOc1ccc2c3c1OC1C4(OC)CCC5(CC4COCc4ccccc4)C(C2)N(CC2CC2)CCC315
C=C1CCC2(C3CC4=C(C2(C1)CCN3CC5CCC5)C(=C(C=C4)C(=O)N)O)O,-0.04139268515822507,C=C1CCC2(O)C3Cc4ccc(C(N)=O)c(O)c4C2(CCN3CC2CCC2)C1
CC(C)CC(C(=O)O)NC(=O)CC1CC2(C3CC4=C(C2(CCN3CC5CC5)CC1=O)C=C(C=C4)OC)O,-3.439256883086109,COc1ccc2c(c1)C13CCN(CC4CC4)C(C2)C1(O)CC(CC(=O)NC(CC(C)C)C(=O)O)C(=O)C3
C1CCC2(C1)CC(CCO2)(CCNCC3=CC=CC=C3)C4=CC=C(C=C4)F,-3.6255424014877438,Fc1ccc(C2(CCNCc3ccccc3)CCOC3(CCCC3)C2)cc1
CN1CCC23C4C5(CCC2(C1CC6=C3C(=C(C=C6)OC)O4)CC5CNC(=O)C=CC7=CC=CC=C7Cl)OC,-1.7671558660821804,COc1ccc2c3c1OC1C4(OC)CCC5(CC4CNC(=O)C=Cc4ccccc4Cl)C(C2)N(C)CCC315
COC1=C2C3=C(CC4C56C3(CCN4CC7CC7)C(O2)C(CC5)(C(C6)COCC8=CC=C(C=C8)CC(=O)O)OC)C=C1,-2.976015071686831,COc1ccc2c3c1OC1C4(OC)CCC5(CC4COCc4ccc(CC(=O)O)cc4)C(C2)N(CC2CC2)CCC315
CC1(CCCCCCC1)N2CCC(CC2)N3C4=CC=CC=C4N=C3C5=CC(=CC=C5)CN,-2.531478917042255,CC1(N2CCC(n3c(-c4cccc(CN)c4)nc4ccccc43)CC2)CCCCCCC1
CN1CCC23C4C(=O)CCC2(C1CC5=C3C(=CC=C5)O4)NC(=O)C=CC6=CC=CC=C6Cl,1.3979400086720375,CN1CCC23c4c5cccc4OC2C(=O)CCC3(NC(=O)C=Cc2ccccc2Cl)C1C5
CC12CCC3C(=O)OC(CC3(C1C(=O)C(CC2C(=O)OC)OC(=O)C4=CC(=CC=C4)OC)C)C5=COC=C5,-3.2227164711475837,COC(=O)C1CC(OC(=O)c2cccc(OC)c2)C(=O)C2C1(C)CCC1C(=O)OC(c3ccoc3)CC12C
CN1CCC23C4C5=C(CCC(=O)N5C)CC2(C1CC6=C3C(=C(C=C6)O)O4)O,-1.9030899869919435,CN1C(=O)CCC2=C1C1Oc3c(O)ccc4c3C13CCN(C)C(C4)C3(O)C2
CC=C1CC23CC4=C(C1C25CCN(C3CC6=C5C(=C(C=C6)OC)O)C)NC7=CC=CC=C47,-3.215901813204032,CC=C1CC23Cc4c([nH]c5ccccc45)C1C21CCN(C)C3Cc2ccc(OC)c(O)c21
COC1=C2C3=C(CC4C56C3(CCN4CC7CC7)C(O2)C(CC5)(C(C6)COCC8=CC=C(C=C8)C(=O)NCC(=O)O)OC)C=C1,-3.111951057093562,COc1ccc2c3c1OC1C4(OC)CCC5(CC4COCc4ccc(C(=O)NCC(=O)O)cc4)C(C2)N(CC2CC2)CCC315
COC12CCCCC13CCN(C2CC4=C3C=C(C=C4)OC(=O)CCCCCCCCC(=O)OC5=C6C7=C(CC8C9(C7(CCN8CC=C)C(O6)C(=O)CC9)O)C=C5)CC1CCC1,-1.0,C=CCN1CCC23c4c5ccc(OC(=O)CCCCCCCCC(=O)Oc6ccc7c(c6)C68CCCCC6(OC)C(C7)N(CC6CCC6)CC8)c4OC2C(=O)CCC3(O)C1C5
C1CC1CN2CCC34C5C(CCC3(C2CC6=C4C(=C(C=C6)O)O5)O)NC(=O)C7=CC=NC=C7,-0.04921802267018165,O=C(NC1CCC2(O)C3Cc4ccc(O)c5c4C2(CCN3CC2CC2)C1O5)c1ccncc1
CC1=CC(=C(C=C1)C(C2=CC=CC=C2Cl)N3C4CCC3CC(C4)(C5=NC=NC=C5)O)Cl,-3.2291697025391013,Cc1ccc(C(c2ccccc2Cl)N2C3CCC2CC(O)(c2ccncn2)C3)c(Cl)c1
C1CC1CN2CCC34C5C(CCC3(C2CC6=C4C(=C(C=C6)O)O5)O)NC(=O)C7=CC8=CC=CC=C8C=N7,-0.6414741105040996,O=C(NC1CCC2(O)C3Cc4ccc(O)c5c4C2(CCN3CC2CC2)C1O5)c1cc2ccccc2cn1
COC1=C2C3=C(CC4C56C3(CCN4CC7CC7)C(O2)C(CC5)(C(C6)CSCC8=CC=CC=C8)OC)C=C1,-1.5148132949992854,COc1ccc2c3c1OC1C4(OC)CCC5(CC4CSCc4ccccc4)C(C2)N(CC2CC2)CCC315
C1CC(N(C1)C(=O)C(CC2=CC=C(C=C2)O)N)C(=O)NC(CC3=CC=CC=C3)C(=O)NC(CC4=CC=CC=C4)C(=O)N,-1.0755469613925308,NC(=O)C(Cc1ccccc1)NC(=O)C(Cc1ccccc1)NC(=O)C1CCCN1C(=O)C(N)Cc1ccc(O)cc1
CCN(CC)CCN1C2=C(C=C(C=C2)N=C(C3=COC=C3)N)N=C1CC4=CC=C(C=C4)OCC.Cl.Cl,-2.7708520116421442,CCOc1ccc(Cc2nc3cc(N=C(N)c4ccoc4)ccc3n2CCN(CC)CC)cc1.Cl.Cl
CC1=CC=C(C=C1)C=CC(=O)NC23CCC(=O)C4C25CCN(C3CC6=C5C(=C(C=C6)OC)O4)C,-0.3979400086720376,COc1ccc2c3c1OC1C(=O)CCC4(NC(=O)C=Cc5ccc(C)cc5)C(C2)N(C)CCC314
CC1=CC(=CC(=C1CC(C(=O)N2CCCCC2C3=NC=C(N3)C4=CC=CC=C4)N)C)O,-0.3010299956639812,Cc1cc(O)cc(C)c1CC(N)C(=O)N1CCCCC1c1ncc(-c2ccccc2)[nH]1
COC1=CC=CC2=C1C34CCN(C(C2)C3(CCC(=O)C4)OCCCC5=CC=CC=C5)CC6CC6,-0.2977605110991338,COc1cccc2c1C13CCN(CC4CC4)C(C2)C1(OCCCc1ccccc1)CCC(=O)C3
CC(C)COC1CC2C3CC4=C(C2(CCN3CC5CC5)CC1=O)C=C(C=C4)OC,-3.3226327116922234,COc1ccc2c(c1)C13CCN(CC4CC4)C(C2)C1CC(OCC(C)C)C(=O)C3
CC(C(=O)O)NC(C1CC23CCC1(C4C25CCN(C3CC6=C5C(=C(C=C6)OC)O4)CC7CC7)OC)C8=CC=CC=C8,-2.4406651162905337,COc1ccc2c3c1OC1C4(OC)CCC5(CC4C(NC(C)C(=O)O)c4ccccc4)C(C2)N(CC2CC2)CCC315
C1CCC23CCN(C(C2C1)CC4=C3C=C(C=C4)NCC5=CC(=CC=C5)[N+](=O)[O-])CC6CCC6,-0.04139268515822507,O=[N+]([O-])c1cccc(CNc2ccc3c(c2)C24CCCCC2C(C3)N(CC2CCC2)CC4)c1
CN1CCC23C4C5=C(CC2(C1CC6=C3C(=C(C=C6)O)O4)NCCC7=CC=CC=C7)C8=CC=CC=C8N5,-0.7255032688593155,CN1CCC23c4c5ccc(O)c4OC2c2[nH]c4ccccc4c2CC3(NCCc2ccccc2)C1C5
CC(C)(C)C(C)(C1CC23CCC1(C4C25CCN(C3CC6=C5C(=C(C=C6)O)O4)CC7CC7)OC)O,-0.3617278360175928,COC12CCC3(CC1C(C)(O)C(C)(C)C)C1Cc4ccc(O)c5c4C3(CCN1CC1CC1)C2O5
CC1=CC(=CC(=C1CC(C(=O)NC2CCCCNC(=O)CC(NC(=O)C(NC(=O)C(NC2=O)CC3=C(C=C(C=C3)F)F)CC4=CC=CC=C4)C(=O)N)N)C)O,-0.7088031829445816,Cc1cc(O)cc(C)c1CC(N)C(=O)NC1CCCCNC(=O)CC(C(N)=O)NC(=O)C(Cc2ccccc2)NC(=O)C(Cc2ccc(F)cc2F)NC1=O
C1CC1CN2CCC34C5C(CCC3(C2CC6=C4C(=C(C=C6)O)O5)O)NC(=O)C7=C(C=NC=C7)Cl.Cl,-0.3654879848908996,Cl.O=C(NC1CCC2(O)C3Cc4ccc(O)c5c4C2(CCN3CC2CC2)C1O5)c1ccncc1Cl
C1CC1CN2CCC34CC5(CCC3(C2)CC6=C4C=C(C=C6)O)C(=O)NC(=O)N5,-2.61689542640076,O=C1NC(=O)C2(CCC34Cc5ccc(O)cc5C3(CCN(CC3CC3)C4)C2)N1
CN(C1CCCCC1N2CCCC2)C(=O)CC3=CC(=C(C=C3)Cl)Cl,-3.684845361644412,CN(C(=O)Cc1ccc(Cl)c(Cl)c1)C1CCCCC1N1CCCC1
CC(C)CCCC(=O)NC1CC2(C3CC4=C(C2(CCN3CC5CC5)CC1=O)C=C(C=C4)O)O,-0.9845273133437926,CC(C)CCCC(=O)NC1CC2(O)C3Cc4ccc(O)cc4C2(CCN3CC2CC2)CC1=O
CC1C2C(=O)C3=C(C1(CCN2CC4CC4)C)C=C(C=C3)N,-2.255272505103306,CC1C2C(=O)c3ccc(N)cc3C1(C)CCN2CC1CC1
CC1(CCC2(C1O)CC34C=CC2(C5C36CCN(C4CC7=C6C(=C(C=C7)O)O5)CC8CC8)OC)C,-0.6232492903979004,COC12C=CC3(CC14CCC(C)(C)C4O)C1Cc4ccc(O)c5c4C3(CCN1CC1CC1)C2O5
C1CC1CN2CCC34C5C(CCC3(C2CC6=C4C(=C(C=C6)O)O5)OCCCC7=CC=CC=C7)NCC(=O)O,-0.6232492903979004,O=C(O)CNC1CCC2(OCCCc3ccccc3)C3Cc4ccc(O)c5c4C2(CCN3CC2CC2)C1O5
C1CCC2(C1)CC(CCO2)(CCNCC3=CC=CC=C3)C4=CC=C(C=C4)F,-2.3321656777305733,Fc1ccc(C2(CCNCc3ccccc3)CCOC3(CCCC3)C2)cc1
CCOC(C)C1CC23C=CC1(C4C25CCN(C3CC6=C5C(=C(C=C6)O)O4)C)OC,-0.6879746200345556,CCOC(C)C1CC23C=CC1(OC)C1Oc4c(O)ccc5c4C12CCN(C)C3C5
C1CC1CN2CCC34C5C(CCC3(C2CC6=C4C(=C(C=C6)O)O5)O)NC(=O)CNC(=O)C7=CC=NC=C7,-0.4471580313422192,O=C(CNC(=O)c1ccncc1)NC1CCC2(O)C3Cc4ccc(O)c5c4C2(CCN3CC2CC2)C1O5
C1CCC23CCN(C(C2C1)CC4=C3C=C(C=C4)OC(=O)CCCCCCCCC(=O)OC5=C6C7=C(CC8C9(C7(CCN8CC1CC1)C(O6)C(=O)CC9)O)C=C5)CC1CCC1,-0.6434526764861874,O=C(CCCCCCCCC(=O)Oc1ccc2c3c1OC1C(=O)CCC4(O)C(C2)N(CC2CC2)CCC314)Oc1ccc2c(c1)C13CCCCC1C(C2)N(CC1CCC1)CC3
CN1CCC23C4C(CCC2(C1CC5=C3C(=C(C=C5)O)O4)O)OCCOCCOCCOCCOCCOCCOCCOCCOCCOC,-3.0257153839013418,COCCOCCOCCOCCOCCOCCOCCOCCOCCOC1CCC2(O)C3Cc4ccc(O)c5c4C2(CCN3C)C1O5
C1CCC23CCN(C(C2C1)CC4=C3C=C(C=C4)NCC5=CC6=C(C=C5)OCO6)CC7CCC7,-0.5563025007672873,c1cc2c(cc1CNc1ccc3c(c1)C14CCCCC1C(C3)N(CC1CCC1)CC4)OCO2
CN1CCC23C4C1CC5=C2C(=C(C=C5)OC)OC3C(C=C4)OCCOC,-3.933183479174614,COCCOC1C=CC2C3Cc4ccc(OC)c5c4C2(CCN3C)C1O5
CC1(C2CC34CCC2(C5C36CCN(C4CC7=C6C(=C(C=C7)O)O5)CC8CC8)OC(O1)C9=CC=CC=C9)C(C)(C)C,-0.7283537820212285,CC(C)(C)C1(C)OC(c2ccccc2)OC23CCC4(CC21)C1Cc2ccc(O)c5c2C4(CCN1CC1CC1)C3O5
C1C(N(CC2=CC=CC=C21)C(=O)C(CC3=CC=C(C=C3)O)N)C4=NC=C(N4)C5=CC=CC=C5,-3.388278863459639,NC(Cc1ccc(O)cc1)C(=O)N1Cc2ccccc2CC1c1ncc(-c2ccccc2)[nH]1
CC1CC2C3CC4=C5C2(CCN3C)C(C1F)OC5=C(C=C4C)OC,-3.505149978319906,COc1cc(C)c2c3c1OC1C(F)C(C)CC4C(C2)N(C)CCC341
CC(=CCN1CCC23CC(=C)CCC2(C1CC4=C3C(=C(C=C4)C(=O)N)O)O)C,-1.1760912590556811,C=C1CCC2(O)C3Cc4ccc(C(N)=O)c(O)c4C2(CCN3CC=C(C)C)C1
CC1=NN(C2=C1C(=O)CC(C2)(C)C)C3=C(C=C(C=C3)Cl)Cl,-2.1760912590556813,Cc1nn(-c2ccc(Cl)cc2Cl)c2c1C(=O)CC(C)(C)C2
CN1CCC23C4C1CC5=C2C(=C(C=C5)O)OC3C(C=C4)O,-1.5314789170422551,CN1CCC23c4c5ccc(O)c4OC2C(O)C=CC3C1C5
CN1CCC23CC(=O)C(CC2(C1CC4=C3C=C(C=C4)O)O)CC(=O)NCC5CC5,-3.0996806411092503,CN1CCC23CC(=O)C(CC(=O)NCC4CC4)CC2(O)C1Cc1ccc(O)cc13
CC1=CC(=CC(=C1CC(C(CC=CC(C(CC2=CC=CC=C2)C(=O)OCCC3=CC=CC=C3)O)O)N)C)O,-0.6232492903979004,Cc1cc(O)cc(C)c1CC(N)C(O)CC=CC(O)C(Cc1ccccc1)C(=O)OCCc1ccccc1
C1CCNC(=O)CC(NC(=O)C(NC(=O)C(NC(=O)C(C1)NC(=O)C(CC2=CC=C(C=C2)O)N)CC3=CC=CC=C3)CC4=CC=C(C=C4)C(F)(F)F)C(=O)N,-0.7180031682670175,NC(=O)C1CC(=O)NCCCCC(NC(=O)C(N)Cc2ccc(O)cc2)C(=O)NC(Cc2ccccc2)C(=O)NC(Cc2ccc(C(F)(F)F)cc2)C(=O)N1
CC1=CC(=CC(=C1CC(C(=O)N2CCC(C2)C(=O)NC(CC3=CNC4=CC=CC=C43)C(=O)NC(C5=CC=CO5)C(=C)C(=O)N)N)C)O,4.376750709602098,C=C(C(N)=O)C(NC(=O)C(Cc1c[nH]c2ccccc12)NC(=O)C1CCN(C(=O)C(N)Cc2c(C)cc(O)cc2C)C1)c1ccco1
C1CCC23CCN(C(C2C1)CC4=C3C=C(C=C4)OC(=O)NC5=CC=CC=C5)CC6CC6,0.3565473235138126,O=C(Nc1ccccc1)Oc1ccc2c(c1)C13CCCCC1C(C2)N(CC1CC1)CC3
CN(C)C(CNC(=S)NC1=CC=CC=C1Cl)C2=CN=CC=C2,-3.560743301054712,CN(C)C(CNC(=S)Nc1ccccc1Cl)c1cccnc1
CC(C(=O)O)NC(=O)CC1CC2(C3CC4=C(C2(CCN3C)CC1=O)C=C(C=C4)O)O,-3.061829307294699,CC(NC(=O)CC1CC2(O)C3Cc4ccc(O)cc4C2(CCN3C)CC1=O)C(=O)O
CC12CCC3C(=O)OC(CC3(C1C(=O)C(CC2C(=O)OC)OC(=O)C4=CN=CC=C4)C)C5=COC=C5,-3.322219294733919,COC(=O)C1CC(OC(=O)c2cccnc2)C(=O)C2C1(C)CCC1C(=O)OC(c3ccoc3)CC12C
COC1=C2C3=C(CC4C56C3(CCN4CC7CC7)C(O2)C(CC5)(C(C6)C(C8=CC=CC=C8)NC(C9=CC=CC=C9)C(=O)O)OC)C=C1,-2.8169898953043138,COc1ccc2c3c1OC1C4(OC)CCC5(CC4C(NC(C(=O)O)c4ccccc4)c4ccccc4)C(C2)N(CC2CC2)CCC315
CC1C2CC3=C(C1(CCN2CC4CC4)C)C=C(C=C3)C(=O)NCCC5=CC=C(C=C5)C6=CC=NC=C6,-0.3424226808222063,CC1C2Cc3ccc(C(=O)NCCc4ccc(-c5ccncc5)cc4)cc3C1(C)CCN2CC1CC1
COC1=C2C3=C(CC4C56C3(CCN4CC7CC7)C(O2)C(CC5)(C(C6)C(C8=CC=CC=C8)NC(C9=CC=CC=C9)C(=O)N)OC)C=C1,-3.6974882725064617,COc1ccc2c3c1OC1C4(OC)CCC5(CC4C(NC(C(N)=O)c4ccccc4)c4ccccc4)C(C2)N(CC2CC2)CCC315
CC(C)(C)C1=CC=C(C=C1)C(=O)NC2CCC3(C4CC5=C6C3(C2OC6=C(C=C5)O)CCN4CC7CC7)O,-3.6020599913279625,CC(C)(C)c1ccc(C(=O)NC2CCC3(O)C4Cc5ccc(O)c6c5C3(CCN4CC3CC3)C2O6)cc1
CC1=CC=C(C=C1)COC2=CC=C(C=C2)C3C4=C(CC(CC4=O)(C)C)OC5=C3C(=O)CC(C5)(C)C,-3.6020599913279625,Cc1ccc(COc2ccc(C3C4=C(CC(C)(C)CC4=O)OC4=C3C(=O)CC(C)(C)C4)cc2)cc1
CC(C)C1CCC(CC1)N2CCC(CC2)N3C4=CC=CC=C4CNS3(=O)=O,-2.902546779313991,CC(C)C1CCC(N2CCC(N3c4ccccc4CNS3(=O)=O)CC2)CC1
C1CCC2(C1)CC(CCO2)(CCNCC3=CC4=CC=CC=C4C=C3)C5=CC=CC=N5,-2.200001865406602,c1ccc(C2(CCNCc3ccc4ccccc4c3)CCOC3(CCCC3)C2)nc1
CC1=NN(C2=C1C(CC(C2)(C)C)O)C3=C(C=C(C=C3)Br)Br,-2.0,Cc1nn(-c2ccc(Br)cc2Br)c2c1C(O)CC(C)(C)C2
C1CC(C1)CN2CCC34CC5=C(CC3C2CC6=C4C=C(C=C6)O)C7=CC=CC=C7N5,-2.041392685158225,Oc1ccc2c(c1)C13CCN(CC4CCC4)C(C2)C1Cc1c([nH]c2ccccc12)C3
C1CC2CC(CC1N2C(C3=CC=CC=C3Cl)C4=CC=CC=C4Cl)(C5=CC=C(C=C5)F)C(=O)N,-2.976349979003273,NC(=O)C1(c2ccc(F)cc2)CC2CCC(C1)N2C(c1ccccc1Cl)c1ccccc1Cl
C1CCC23CCN(C(C2C1)CC4=C3C=C(C=C4)NC(=O)N)CC5CCC5,-1.7993405494535817,NC(=O)Nc1ccc2c(c1)C13CCCCC1C(C2)N(CC1CCC1)CC3
C1CCC23CCN(C(C2C1)CC4=C3C(=C(C=C4)C(=O)N)O)CC5CCC5,-0.3222192947339193,NC(=O)c1ccc2c(c1O)C13CCCCC1C(C2)N(CC1CCC1)CC3
CN1CCC23C4C5(CCC2(C1CC6=C3C(=C(C=C6)C=C)O4)CC5COCC7=CC=CC=C7)OC,-1.271609301378832,C=Cc1ccc2c3c1OC1C4(OC)CCC5(CC4COCc4ccccc4)C(C2)N(C)CCC315
CC1=CC=CC=C1COCC2CC34CCC2(C5C36CCN(C4CC7=C6C(=C(C=C7)OCCO)O5)C)OC,-1.2605483726369795,COC12CCC3(CC1COCc1ccccc1C)C1Cc4ccc(OCCO)c5c4C3(CCN1C)C2O5
COC1=C2C3=C(CC4C56C3(CCN4CC(=O)N)C(O2)C(CC5)(C(C6)COCC7=CC=CC=C7)OC)C=C1,-2.941665445699364,COc1ccc2c3c1OC1C4(OC)CCC5(CC4COCc4ccccc4)C(C2)N(CC(N)=O)CCC315
C1C(N(CC1(F)F)C(=O)C(CC2=CC=CC=C2)NC(=O)C3CC(CN3C(=O)C(CC4=CC=C(C=C4)O)N)(F)F)C(=O)N,-0.671033920344041,NC(=O)C1CC(F)(F)CN1C(=O)C(Cc1ccccc1)NC(=O)C1CC(F)(F)CN1C(=O)C(N)Cc1ccc(O)cc1
CCOC(=O)CCC1C(C2(CCC13C4CC5=C6C3(C2OC6=C(C=C5)OC)CCN4CC7CC7)OC)COCC8=CC=CC=C8,-3.5687589067057064,CCOC(=O)CCC1C(COCc2ccccc2)C2(OC)CCC13C1Cc4ccc(OC)c5c4C3(CCN1CC1CC1)C2O5
COC12CCC3(CC1COCC4=CC=CC=C4)C5CC6=C7C3(C2OC7=C(C=C6)CC(CO)O)CCN5CC8CC8,-2.9510362257417486,COC12CCC3(CC1COCc1ccccc1)C1Cc4ccc(CC(O)CO)c5c4C3(CCN1CC1CC1)C2O5
C1CCCC(CCC1)(CO)N2CCC(CC2)N3C4=CC=CC=C4N=C3N5CC6CNCC6C5,-3.544068044350276,OCC1(N2CCC(n3c(N4CC5CNCC5C4)nc4ccccc43)CC2)CCCCCCC1
C1CC2CC(CCN2C(C1)C3=CC=CC=C3)N4C5=CC=CC=C5NC4=O,-2.296665190261531,O=c1[nH]c2ccccc2n1C1CCN2C(CCCC2c2ccccc2)C1
CN1CCC23C4C(CCC2(C1CC5=C3C(=C(C=C5)OC)O4)O)OCCOCCOCCOC,-3.4513258084895195,COCCOCCOCCOC1CCC2(O)C3Cc4ccc(OC)c5c4C2(CCN3C)C1O5
CC1C2C(=O)C3=C(C1(CCN2CC4CC4)C)C=C(C=C3)NC5=CC=C(C=C5)NCCOCCOCCOCCOCCOC(F)(F)F,-2.1072099696478683,CC1C2C(=O)c3ccc(Nc4ccc(NCCOCCOCCOCCOCCOC(F)(F)F)cc4)cc3C1(C)CCN2CC1CC1
COC1=CC2=C(CC3C4C2(CCN3CC5CC5)CC6=C(C4)C7=CC=CC=C7N6)C=C1,-0.2304489213782739,COc1ccc2c(c1)C13CCN(CC4CC4)C(C2)C1Cc1c([nH]c2ccccc12)C3
C1CC1CN2CCC34C5C(CCC3(C2CC6=C4C(=C(C=C6)O)O5)O)NC(=O)C7=CC=CC=N7,-1.4173055832445256,O=C(NC1CCC2(O)C3Cc4ccc(O)c5c4C2(CCN3CC2CC2)C1O5)c1ccccn1
C1CN(CCC1N2C3=CC=CC=C3CNS2(=O)=O)CCC(C4=CC=CC=C4)C5=CC=CC=C5,-2.9036325160842376,O=S1(=O)NCc2ccccc2N1C1CCN(CCC(c2ccccc2)c2ccccc2)CC1
CC(C)C1CCC(CC1)N2CCC(CC2)N3C4=CC=CC=C4CN(S3(=O)=O)CC(=O)N,-2.7442929831226763,CC(C)C1CCC(N2CCC(N3c4ccccc4CN(CC(N)=O)S3(=O)=O)CC2)CC1
C1CCC(C1)CNCCC2(CCOC3(C2)CCCC3)C4=CC=CC=N4,-1.4999618655961902,c1ccc(C2(CCNCC3CCCC3)CCOC3(CCCC3)C2)nc1
CC(C)C1CCC(CC1)N2CCC(CC2)N3C(=O)CC4=CC=CC=C43,-1.8662873390841952,CC(C)C1CCC(N2CCC(N3C(=O)Cc4ccccc43)CC2)CC1
CC1=C(C=CN=C1)C(=O)NC2CCC3(C4CC5=C6C3(C2OC6=C(C=C5)O)CCN4CC7CC7)O,-0.17609125905568124,Cc1cnccc1C(=O)NC1CCC2(O)C3Cc4ccc(O)c5c4C2(CCN3CC2CC2)C1O5
CCC1C2=CC=CC=C2N(C1=O)C3CCN(CC3)C4CCCC5=CC=CC=C45,-1.4601458174917503,CCC1C(=O)N(C2CCN(C3CCCc4ccccc43)CC2)c2ccccc21
CC1=NC=C2CC3(C4CC5=C6C3(CCN4C)C(C2=N1)OC6=C(C=C5)O)O,-1.85718167355012,Cc1ncc2c(n1)C1Oc3c(O)ccc4c3C13CCN(C)C(C4)C3(O)C2
COC12CCC3(CC1COCC4=CC=CC=C4)C5CC6=C7C3(C2OC7=C(C=C6)C#N)CCN5CC8CC8,-2.3331852080527624,COC12CCC3(CC1COCc1ccccc1)C1Cc4ccc(C#N)c5c4C3(CCN1CC1CC1)C2O5
CN1CCC23C4C(=CC=C2C1CC5=C3C(=C(C=C5)O)O4)OC,-2.4424797690644486,COC1=CC=C2C3Cc4ccc(O)c5c4C2(CCN3C)C1O5
CC1(C2CC34C=CC2(C5C36CCN(C4CC7=C6C(=C(C=C7)O)O5)CC8CC8)OCO1)C(C)(C)C,-0.1931245983544616,CC(C)(C)C1(C)OCOC23C=CC4(CC21)C1Cc2ccc(O)c5c2C4(CCN1CC1CC1)C3O5
CCOC(=O)CC1CC2(C3CC4=C(C2(CCN3CC5CC5)CC1=O)C=C(C=C4)OC)O,-3.5312131497044374,CCOC(=O)CC1CC2(O)C3Cc4ccc(OC)cc4C2(CCN3CC2CC2)CC1=O
CC1(CC2=C(C(C3=C(O2)CC(CC3=O)(C)C)C4=CC=C(C=C4)OCC5=CC=CC=C5F)C(=O)C1)C,-3.6989700043360183,CC1(C)CC(=O)C2=C(C1)OC1=C(C(=O)CC(C)(C)C1)C2c1ccc(OCc2ccccc2F)cc1
CN1CCC23C4C5=C(CC2(C1CC6=C3C(=C(C=C6)O)O4)NC(=O)CC7=CC=CC=C7)C8=CC=CC=C8N5,-1.977723605288848,CN1CCC23c4c5ccc(O)c4OC2c2[nH]c4ccccc4c2CC3(NC(=O)Cc2ccccc2)C1C5
CN1CCC23C4=C5CC1C2(CCC(=O)C3(OC4=C(C=C5)O)CO)O,-1.5440680443502757,CN1CCC23c4c5ccc(O)c4OC2(CO)C(=O)CCC3(O)C1C5
CC(C1CC23C=CC1(C4C25CCN(C3CC6=C5C(=C(C=C6)O)O4)C)OC)OC,-1.5434471800817002,COC(C)C1CC23C=CC1(OC)C1Oc4c(O)ccc5c4C12CCN(C)C3C5
CC(C)(C1=CC=CC=C1)NCCC2(CCOC3(C2)CCCC3)C4=CC=C(C=C4)F,-3.5000003213429363,CC(C)(NCCC1(c2ccc(F)cc2)CCOC2(CCCC2)C1)c1ccccc1
CC1(CC2=C(C(C3=C(O2)CC(CC3=O)(C)C)C4=CC=C(C=C4)OCC5=CC=CC=C5OC(F)F)C(=O)C1)C,-3.4771212547196626,CC1(C)CC(=O)C2=C(C1)OC1=C(C(=O)CC(C)(C)C1)C2c1ccc(OCc2ccccc2OC(F)F)cc1
CC(C)C1CCC(CC1)N2CCC(CC2)N3C4=CC=CC=C4CN(S3(=O)=O)CC#N,-2.53655844257153,CC(C)C1CCC(N2CCC(N3c4ccccc4CN(CC#N)S3(=O)=O)CC2)CC1
C1CCC23CCN(C(C2C1)CC4=C3C=C(C=C4)OC(=O)CCCCCCCCC(=O)OC5=CC=CC=C5)CC6CCC6,-0.7075701760979364,O=C(CCCCCCCCC(=O)Oc1ccc2c(c1)C13CCCCC1C(C2)N(CC1CCC1)CC3)Oc1ccccc1
CCNC(=O)OC1=CC2=C(CC3C4C2(CCCC4)CCN3CC5CCC5)C=C1,-1.5910646070264989,CCNC(=O)Oc1ccc2c(c1)C13CCCCC1C(C2)N(CC1CCC1)CC3
CN1CCC23C4C5(CCC2(C1CC6=C3C(=C(C=C6)F)O4)CC5COCC7=CC=CC=C7)OC,-0.9047155452786808,COC12CCC3(CC1COCc1ccccc1)C1Cc4ccc(F)c5c4C3(CCN1C)C2O5
CC1C2CC3=C(C1(CCN2CC4CC4)C)C=C(C=C3)C(=O)NCCC5=CC=C(C=C5)C6=CNC(=O)C=C6,-1.3424226808222062,CC1C2Cc3ccc(C(=O)NCCc4ccc(-c5ccc(=O)[nH]c5)cc4)cc3C1(C)CCN2CC1CC1
CC1=CSC(=C1)CNCCC2(CCOC3(C2)CCCC3)C4=CC=CC=N4,-2.3044065043444006,Cc1csc(CNCCC2(c3ccccn3)CCOC3(CCCC3)C2)c1
C1CCNC(=O)CC(NC(=O)C(NC(=O)C(NC(=O)C(C1)NC(=O)C(CC2=CC=C(C=C2)O)N)CC3=C(C=C(C=C3)F)F)CC4=CC=CC=C4)C(=O)N,-0.6114046377115935,NC(=O)C1CC(=O)NCCCCC(NC(=O)C(N)Cc2ccc(O)cc2)C(=O)NC(Cc2ccc(F)cc2F)C(=O)NC(Cc2ccccc2)C(=O)N1
CCC12CCN(C(C1C)C(=O)C3=C2C=C(C=C3)NC4=CC=CC=C4)CC5CC5,-1.3424226808222062,CCC12CCN(CC3CC3)C(C(=O)c3ccc(Nc4ccccc4)cc31)C2C
CC1=CC(=C(C=C1)C(C2=CC=CC=C2Cl)N3C4CCC3CC(C4)(C5=CC(=CC=C5)F)O)Cl,-2.9513375187959183,Cc1ccc(C(c2ccccc2Cl)N2C3CCC2CC(O)(c2cccc(F)c2)C3)c(Cl)c1
C1C(N(CC1(F)F)C(=O)C(CC2=CC=CC=C2)NC(=O)C3CC(CN3C(=O)C(CC4=CC=C(C=C4)O)N)(F)F)C(=O)N,-2.5999430834963726,NC(=O)C1CC(F)(F)CN1C(=O)C(Cc1ccccc1)NC(=O)C1CC(F)(F)CN1C(=O)C(N)Cc1ccc(O)cc1
CN1CCC23C4C5=C(CC2(C1CC6=C3C(=C(C=C6)O)O4)NC(=O)CCC7=CC=CC=C7)C8=CC=CC=C8N5,-0.7160033436347992,CN1CCC23c4c5ccc(O)c4OC2c2[nH]c4ccccc4c2CC3(NC(=O)CCc2ccccc2)C1C5
C1CC1CN2CCC34C5C(CCC3(C2CC6=C4C(=C(C=C6)O)O5)O)NC(=O)CCC7=CC=NC=C7,-0.17609125905568124,O=C(CCc1ccncc1)NC1CCC2(O)C3Cc4ccc(O)c5c4C2(CCN3CC2CC2)C1O5
C1CCC23CCN(C(C2C1)CC4=C3C=C(C=C4)OC(=O)NC5=CC=CC=C5)CC6CCC6,-0.11394335230683678,O=C(Nc1ccccc1)Oc1ccc2c(c1)C13CCCCC1C(C2)N(CC1CCC1)CC3
CC(C)C1CCC(CC1)N2CCC(CC2)N3C(=O)CCC4=CC=CC=C43,-1.8325089127062364,CC(C)C1CCC(N2CCC(N3C(=O)CCc4ccccc43)CC2)CC1
C1CCC2(C1)CC(CCO2)(CCNCC3=CC=CC=N3)C4=CC=CC=N4,-2.200001865406602,c1ccc(CNCCC2(c3ccccn3)CCOC3(CCCC3)C2)nc1
CCOC(=O)CCC1C(C23CCC1(C4C25CCN(C3CC6=C5C(=C(C=C6)OC)O4)CC7CC7)OC)COCC8=CC=CC=C8,-2.2687183461172937,CCOC(=O)CCC1C(COCc2ccccc2)C23CCC1(OC)C1Oc4c(OC)ccc5c4C12CCN(CC1CC1)C3C5
CC(C(=O)O)NC(=O)CC1CC2(C3CC4=C(C2(CCN3CC5CC5)CC1=O)C=C(C=C4)O)O,-1.640978057358332,CC(NC(=O)CC1CC2(O)C3Cc4ccc(O)cc4C2(CCN3CC2CC2)CC1=O)C(=O)O
CCCC(C)(C1CC23C=CC1(C4C25CCN(C3CC6=C5C(=C(C=C6)O)O4)C)OC)O,0.1804560644581313,CCCC(C)(O)C1CC23C=CC1(OC)C1Oc4c(O)ccc5c4C12CCN(C)C3C5
CCNC1CC2CC(C1)(C(CN2CCCC3=CC=CC=C3)C)C4=CC(=CC=C4)O.Cl.Cl,-1.5185139398778875,CCNC1CC2CC(c3cccc(O)c3)(C1)C(C)CN2CCCc1ccccc1.Cl.Cl
COC1=C2C3=C(CC4C56C3(CCN4CC7CC7)C(O2)C(CC5)(C(C6)C(CC(CO)O)(C8=CC=CC=C8)O)OC)C=C1,-2.2931193701342987,COc1ccc2c3c1OC1C4(OC)CCC5(CC4C(O)(CC(O)CO)c4ccccc4)C(C2)N(CC2CC2)CCC315
C1CC1CN2CCC34C5C6(CCC3(C2CC7=C4C(=C(C=C7)O)O5)N=C6C(=O)NCCC8=CC=CC=C8)O,-0.03941411917613722,O=C(NCCc1ccccc1)C1=NC23CCC1(O)C1Oc4c(O)ccc5c4C12CCN(CC1CC1)C3C5
C1CCCC(CCC1)(CO)N2CCC(CC2)N3C4=CC=CC=C4NC3=O,-2.1583624920952498,O=c1[nH]c2ccccc2n1C1CCN(C2(CO)CCCCCCC2)CC1
C1CC1CN2CCC34C5C(CCC3(C2CC6=C4C(=C(C=C6)O)O5)O)O,-0.07918124604762483,Oc1ccc2c3c1OC1C(O)CCC4(O)C(C2)N(CC2CC2)CCC314
CC1=CC(=C(S1)CNCCC2(CCOC3(C2)CCCC3)C4=CC=CC=N4)C,-2.5159268032242017,Cc1cc(C)c(CNCCC2(c3ccccn3)CCOC3(CCCC3)C2)s1
COC1=CC2=C(CC3C4(C2(CCN3CC5CC5)CC(=O)C(C4)CCO)O)C=C1,-2.6114046377115936,COc1ccc2c(c1)C13CCN(CC4CC4)C(C2)C1(O)CC(CCO)C(=O)C3
CCN(CC)CCN1C2=C(C=C(C=C2)N=C(C3=CC=CO3)N)N=C1CC4=CC=C(C=C4)OCC.Cl.Cl,-2.6020599913279625,CCOc1ccc(Cc2nc3cc(N=C(N)c4ccco4)ccc3n2CCN(CC)CC)cc1.Cl.Cl
COC12CCC3(CC1COCC4=CC5=CC=CC=C5S4)C6CC7=C8C3(C2OC8=C(C=C7)OCCO)CCN6CC9CC9,-3.5092684010172523,COC12CCC3(CC1COCc1cc4ccccc4s1)C1Cc4ccc(OCCO)c5c4C3(CCN1CC1CC1)C2O5
C=C(C(C1=CC=CC=C1)NC(=O)C(CC2=CNC3=CC=CC=C32)NC(=O)C4CCCN4C(=O)C(CC5=CC=C(C=C5)O)N)C(=O)N,0.7958800173440752,C=C(C(N)=O)C(NC(=O)C(Cc1c[nH]c2ccccc12)NC(=O)C1CCCN1C(=O)C(N)Cc1ccc(O)cc1)c1ccccc1
CC1C2CC3=C(C1(CCN2CC4CC4)C)C=C(C=C3)C(=O)NCCC5=CC=C(C=C5)C6=CC(=CC=C6)OC,0.6575773191777937,COc1cccc(-c2ccc(CCNC(=O)c3ccc4c(c3)C3(C)CCN(CC5CC5)C(C4)C3C)cc2)c1
CC1C2C(C3=C(C1(CCN2CC4CC4)C)C=C(C=C3)O)OCCOCCOCCOCCOCCOC,-3.082426300860772,COCCOCCOCCOCCOCCOC1c2ccc(O)cc2C2(C)CCN(CC3CC3)C1C2C
CN1CCC23C4C(CCC2(C1CC5=C3C(=C(C=C5)O)O4)O)OCCOCCOCCOCCOCCOCCOCCOC,-2.70586371228392,COCCOCCOCCOCCOCCOCCOCCOC1CCC2(O)C3Cc4ccc(O)c5c4C2(CCN3C)C1O5
C=C(C(C1=CC=CO1)NC(=O)C(CC2=CNC3=CC=CC=C32)NC(=O)C4CCN(C4)C(=O)C(CC5=CC=C(C=C5)O)N)C(=O)N,2.0690509688324767,C=C(C(N)=O)C(NC(=O)C(Cc1c[nH]c2ccccc12)NC(=O)C1CCN(C(=O)C(N)Cc2ccc(O)cc2)C1)c1ccco1
CC(C(=O)O)NC(=O)CC1CC2(C3CC4=C(C2(CCN3CC5CC5)CC1=O)C=C(C=C4)OC)O,-3.6631419179948153,COc1ccc2c(c1)C13CCN(CC4CC4)C(C2)C1(O)CC(CC(=O)NC(C)C(=O)O)C(=O)C3
CC(C1CC23CC(C1(C4C25CCN(C3CC6=C5C(=C(C=C6)O)O4)C)OC)O)O,-1.1760912590556811,COC12C(O)CC3(CC1C(C)O)C1Cc4ccc(O)c5c4C3(CCN1C)C2O5
COC1=CC=C(C=C1)CNC2=CC3=C(CC4C5C3(CCCC5)CCN4CC6CCC6)C=C2,-0.8920946026904804,COc1ccc(CNc2ccc3c(c2)C24CCCCC2C(C3)N(CC2CCC2)CC4)cc1
CC1CN(C2CC(CC1(C2)C3=CC(=CC=C3)O)N)CCCC4=CC=CC=C4,-1.3138672203691537,CC1CN(CCCc2ccccc2)C2CC(N)CC1(c1cccc(O)c1)C2
CC1=C(C(=NO1)C)COCC2CC34CCC2(C5C36CCN(C4CC7=C6C(=C(C=C7)OC)O5)C)OC,-2.50987428500472,COc1ccc2c3c1OC1C4(OC)CCC5(CC4COCc4c(C)noc4C)C(C2)N(C)CCC315
CC1CN(CCC1(C)C2=CC(=CC=C2)O)CC(C(C)C)NC(=O)C3CC4=C(CO3)C=C(C=C4)O,-2.0791812460476247,CC(C)C(CN1CCC(C)(c2cccc(O)c2)C(C)C1)NC(=O)C1Cc2ccc(O)cc2CO1
C1CCNC(=O)CC(NC(=O)C(NC(=O)C(NC(=O)C(C1)NC(=O)C(CC2=CC=C(C=C2)O)N)CC3=CC=CC=C3)CC4=CC=C(C=C4)F)C(=O)N,-0.5075860397630108,NC(=O)C1CC(=O)NCCCCC(NC(=O)C(N)Cc2ccc(O)cc2)C(=O)NC(Cc2ccccc2)C(=O)NC(Cc2ccc(F)cc2)C(=O)N1
C1CC1CN2CCC34C5C(CCC3(C2CC6=C4C(=C(C=C6)O)O5)O)NC(=O)C7=CC(=C(C=C7)Cl)Cl,-0.3617278360175928,O=C(NC1CCC2(O)C3Cc4ccc(O)c5c4C2(CCN3CC2CC2)C1O5)c1ccc(Cl)c(Cl)c1
CN1CCC23C4C5=C(CC2(C1CC6=C3C(=C(C=C6)O)O4)OC(=O)C7=CC=CC=C7)C=C(C=N5)C8=CC=C(C=C8)Cl,-3.6649238934380817,CN1CCC23c4c5ccc(O)c4OC2c2ncc(-c4ccc(Cl)cc4)cc2CC3(OC(=O)c2ccccc2)C1C5
C1CC1CN2CCC34C5C(CCC3(C2CC6=C4C(=C(C=C6)O)O5)O)NC(=O)CC7=CC=NC=C7,-0.3617278360175928,O=C(Cc1ccncc1)NC1CCC2(O)C3Cc4ccc(O)c5c4C2(CCN3CC2CC2)C1O5
C1CCC23CCN(C(C2C1)CC4=C3C=C(C=C4)OC(=O)CCCCCCCCC(=O)O)CC5CCC5,-0.4771212547196624,O=C(O)CCCCCCCCC(=O)Oc1ccc2c(c1)C13CCCCC1C(C2)N(CC1CCC1)CC3
CC1(CC2=C(C(C3=C(O2)CC(CC3=O)(C)C)C4=CC=C(C=C4)OCC5=CC=CC=C5)C(=O)C1)C,-3.7781512503836434,CC1(C)CC(=O)C2=C(C1)OC1=C(C(=O)CC(C)(C)C1)C2c1ccc(OCc2ccccc2)cc1
C1CCC2(C1)CC(CCO2)(CCNCC3=CC=CS3)C4=CC=CC=N4,-2.1255463236711902,c1ccc(C2(CCNCc3cccs3)CCOC3(CCCC3)C2)nc1
C1CCC23CCN(C(C2C1)CC4=C3C=C(C=C4)OC(=O)CCCCCCCCC(=O)OC5=CC6=C(CC7C8C6(CCCC8)CCN7CC9CCCO9)C=C5)CC1CCCO1,-1.0791812460476249,O=C(CCCCCCCCC(=O)Oc1ccc2c(c1)C13CCCCC1C(C2)N(CC1CCCO1)CC3)Oc1ccc2c(c1)C13CCCCC1C(C2)N(CC1CCCO1)CC3
C1CCC23CCN(C(C2C1)CC4=C3C=C(C=C4)OC(=O)NCC5=CC=CC=C5)CC6CCC6,-0.8512583487190752,O=C(NCc1ccccc1)Oc1ccc2c(c1)C13CCCCC1C(C2)N(CC1CCC1)CC3
COC1=C2C3=C(CC4C56C3(CCN4CC7CC7)C(O2)C(CC5)(C(C6)CS(=O)(=O)CC8=CC=CC=C8)OC)C=C1,-2.2034136800964528,COc1ccc2c3c1OC1C4(OC)CCC5(CC4CS(=O)(=O)Cc4ccccc4)C(C2)N(CC2CC2)CCC315
C1CCNC(=O)CC(NC(=O)C(NC(=O)C(NC(=O)C(C1)NC(=O)C(CC2=CC=C(C=C2)O)N)CC3=CC=CC=C3)CC4=C(C=C(C=C4)F)F)C(=O)N,-0.7996850909091004,NC(=O)C1CC(=O)NCCCCC(NC(=O)C(N)Cc2ccc(O)cc2)C(=O)NC(Cc2ccccc2)C(=O)NC(Cc2ccc(F)cc2F)C(=O)N1
CN(C)CC1CCCCC1(C2=CC(=CC=C2)OC)O,-3.0,COc1cccc(C2(O)CCCCC2CN(C)C)c1
CC1=NN(C2=C1C(=O)CC(C2)(C)C)C3=C(C=C(C=C3)Cl)Br,-1.8481891169913989,Cc1nn(-c2ccc(Cl)cc2Br)c2c1C(=O)CC(C)(C)C2
CC1C2C(=O)C3=C(C1(CCN2CC4CC4)C)C=C(C=C3)NC5=CC=C(C=C5)NCCOCCOCCOCCOCCOC,-2.2764618041732443,COCCOCCOCCOCCOCCNc1ccc(Nc2ccc3c(c2)C2(C)CCN(CC4CC4)C(C3=O)C2C)cc1
CC1C2C(=O)C3=C(C1(CCN2CC4CC4)C)C=C(C=C3)O,-1.3222192947339193,CC1C2C(=O)c3ccc(O)cc3C1(C)CCN2CC1CC1
CN(C)CC1CCCCC1(C2=CC(=CC=C2)OC)O,-3.113943352306837,COc1cccc(C2(O)CCCCC2CN(C)C)c1
CCCC1=NOC(=C1)COCC2CC34CCC2(C5C36CCN(C4CC7=C6C(=C(C=C7)OC)O5)C)OC,-2.812986846413911,CCCc1cc(COCC2CC34CCC2(OC)C2Oc5c(OC)ccc6c5C23CCN(C)C4C6)on1
CC1C2CC3=C(C1(CCN2CC4CC4)C)C=C(C=C3)C(=O)NCCC5=CC=C(C=C5)C6=CC=C(C=C6)OC,-1.041392685158225,COc1ccc(-c2ccc(CCNC(=O)c3ccc4c(c3)C3(C)CCN(CC5CC5)C(C4)C3C)cc2)cc1
CC1(C2CC34CCC2(C5C36CCN(C4CC7=C6C(=C(C=C7)OCC8=CC=CC=C8)O5)CC9CC9)OCO1)C(C)(C)C,-2.9777236052888485,CC(C)(C)C1(C)OCOC23CCC4(CC21)C1Cc2ccc(OCc5ccccc5)c5c2C4(CCN1CC1CC1)C3O5
COC1=C2C3=C(CC4C56C3(CCN4CC7CC7)C(O2)C(CC5)(C(C6)CNCC(=O)N)OC)C=C1,-2.7643853805186405,COc1ccc2c3c1OC1C4(OC)CCC5(CC4CNCC(N)=O)C(C2)N(CC2CC2)CCC315
CCC1C2=CC=CC=C2N(C1=O)C3CCN(CC3)CC=CC4=CC=CC=C4,-3.3242824552976926,CCC1C(=O)N(C2CCN(CC=Cc3ccccc3)CC2)c2ccccc21
CC1C2CC3=C(C1(CCN2CC4CC4)C)C=C(C=C3)C(=O)NCCC5=CC=C(C=C5)C6=CC7=C(C=C6)OCO7,0.8239087409443188,CC1C2Cc3ccc(C(=O)NCCc4ccc(-c5ccc6c(c5)OCO6)cc4)cc3C1(C)CCN2CC1CC1
COC1=C2C3=C(CC4C56C3(CCN4CC7CC7)C(O2)C(CC5)(C(C6)CS(=O)CC8=CC=CC=C8)OC)C=C1,-1.702085721435825,COc1ccc2c3c1OC1C4(OC)CCC5(CC4CS(=O)Cc4ccccc4)C(C2)N(CC2CC2)CCC315
CN(C1CCC2(C3CC4=C5C2(C1OC5=C(C=C4)O)CCN3CC6CC6)O)C(=O)C=CC7=COC=C7,0.14266750356873156,CN(C(=O)C=Cc1ccoc1)C1CCC2(O)C3Cc4ccc(O)c5c4C2(CCN3CC2CC2)C1O5
CC(C)C1CC2C3CC4=C(C2(CCN3CC5CC5)CC1=O)C=C(C=C4)OC,-2.3817466506504528,COc1ccc2c(c1)C13CCN(CC4CC4)C(C2)C1CC(C(C)C)C(=O)C3
C1CCC23CCN(C(C2C1)CC4=C3C=C(C=C4)C(=O)N)CC5CCC5,-0.3979400086720376,NC(=O)c1ccc2c(c1)C13CCCCC1C(C2)N(CC1CCC1)CC3
CC1=CC(=CC(=C1CC(C(=O)N2CCCC2C(=O)NC(CC3=CNC4=CC=CC=C43)C(=O)NC(C5=CC=CC=C5)C(=C)C(=O)O)N)C)O,3.886056647693163,C=C(C(=O)O)C(NC(=O)C(Cc1c[nH]c2ccccc12)NC(=O)C1CCCN1C(=O)C(N)Cc1c(C)cc(O)cc1C)c1ccccc1
COC12CCC3(CC1COCC4=CC=CC=C4)C5CC6=C7C3(C2OC7=C(C=C6)O)CCN5,-0.9647309210536292,COC12CCC3(CC1COCc1ccccc1)C1Cc4ccc(O)c5c4C3(CCN1)C2O5
C1CCC2(C3CC4=C(C2(C1)CCN3CC5CC5)C(=C(C=C4)C(=O)N)O)O,-1.0,NC(=O)c1ccc2c(c1O)C13CCCCC1(O)C(C2)N(CC1CC1)CC3
CC(C)C1CC2C3CC4=C(C2(CCN3CC5CC5)CC1=O)C=C(C=C4)O,-0.474944335465388,CC(C)C1CC2C3Cc4ccc(O)cc4C2(CCN3CC2CC2)CC1=O
CC1=C(C=CN=C1)C(=O)NC2CCC3(C4CC5=C6C3(C2OC6=C(C=C5)O)CCN4CC7CC7)O.Cl,-0.1818435879447725,Cc1cnccc1C(=O)NC1CCC2(O)C3Cc4ccc(O)c5c4C2(CCN3CC2CC2)C1O5.Cl
COC1=C2C3=C(CC4C56C3(CCN4CC7CC7)C(O2)C(CC5)(C(C6)C(C8=CC=CC=C8)NC(C9=CC=CC=C9)C(=O)N)OC)C=C1,-3.6974882725064617,COc1ccc2c3c1OC1C4(OC)CCC5(CC4C(NC(C(N)=O)c4ccccc4)c4ccccc4)C(C2)N(CC2CC2)CCC315
C1CC1CN2CCC34C5C(CCC3(C2CC6=C4C(=C(C=C6)O)O5)OCCCC7=CC=CC=C7)NCC(=O)O,0.16115090926274472,O=C(O)CNC1CCC2(OCCCc3ccccc3)C3Cc4ccc(O)c5c4C2(CCN3CC2CC2)C1O5
CCN(CC)CCN1C2=C(C=C(C=C2)N=C(C3=CC=CO3)N)N=C1CC4=CC=C(C=C4)OCC,-2.6020599913279625,CCOc1ccc(Cc2nc3cc(N=C(N)c4ccco4)ccc3n2CCN(CC)CC)cc1
CC1=CC(=CC(=C1CC(C(CC=CC(C(CC2=CC=CC=C2)C(=O)NCCC3=CC=CC=C3)O)O)N)C)O,-1.6901960800285136,Cc1cc(O)cc(C)c1CC(N)C(O)CC=CC(O)C(Cc1ccccc1)C(=O)NCCc1ccccc1
CC(C(=O)NC1CC2=CC=CC=C2CN(C1=O)CC(=O)N)N3CC4=C(CC(C3=O)N)C=CC(=C4)O,-0.7147487607250598,CC(C(=O)NC1Cc2ccccc2CN(CC(N)=O)C1=O)N1Cc2cc(O)ccc2CC(N)C1=O
C1CC(N(C1)C(=O)C(CC2=CC=C(C=C2)O)N)C(=O)NC(CC3=CNC4=CC=CC=C43)C(=O)NC(CC5=CC=CC=C5)C(=O)N,-1.146128035678238,NC(=O)C(Cc1ccccc1)NC(=O)C(Cc1c[nH]c2ccccc12)NC(=O)C1CCCN1C(=O)C(N)Cc1ccc(O)cc1
CN1CCC23C4C(CCC2(C1CC5=C3C(=C(C=C5)O)O4)O)OCCOCCOCCOCCOCCOCCOC,-2.6180480967120925,COCCOCCOCCOCCOCCOCCOC1CCC2(O)C3Cc4ccc(O)c5c4C2(CCN3C)C1O5
COC12CCC3(CC1COCC4=CC=CC=C4)C5CC6=C7C3(C2OC7=C(C=C6)C#N)CCN5CC8CC8,-2.3331852080527624,COC12CCC3(CC1COCc1ccccc1)C1Cc4ccc(C#N)c5c4C3(CCN1CC1CC1)C2O5
CC1=CC(=CC(=C1CC(C(=O)N2CCC(C2)C(=O)NC(CC3=CNC4=CC=CC=C43)C(=O)NC(C5=CC=CC=C5)C(=C)C(=O)N)N)C)O,4.040481623027001,C=C(C(N)=O)C(NC(=O)C(Cc1c[nH]c2ccccc12)NC(=O)C1CCN(C(=O)C(N)Cc2c(C)cc(O)cc2C)C1)c1ccccc1
COCCOCCOCCOCCOCCOC1=C2C3=C(CC4C56C3(CCN4CC7CC7)C(O2)C(CC5)(C(C6)COCC8=CC=CC=C8)OC)C=C1,-2.423344193632788,COCCOCCOCCOCCOCCOc1ccc2c3c1OC1C4(OC)CCC5(CC4COCc4ccccc4)C(C2)N(CC2CC2)CCC315
CC1(CC2=C(C(C3=C(O2)CC(CC3=O)(C)C)C4=CC=C(C=C4)OCC5=CC=C(C=C5)F)C(=O)C1)C,-3.3010299956639813,CC1(C)CC(=O)C2=C(C1)OC1=C(C(=O)CC(C)(C)C1)C2c1ccc(OCc2ccc(F)cc2)cc1
CC(=CCN1CCC23CC(=C)CCC2(C1CC4=C3C(=C(C=C4)C(=O)N)O)O)C,-1.1760912590556811,C=C1CCC2(O)C3Cc4ccc(C(N)=O)c(O)c4C2(CCN3CC=C(C)C)C1
CN1CCC23C4C5(CCC2(C1CC6=C3C(=C(C=C6)OC)O4)CC5CNCC=CC7=CC=CC=C7)OC,-2.143014800254095,COc1ccc2c3c1OC1C4(OC)CCC5(CC4CNCC=Cc4ccccc4)C(C2)N(C)CCC315
CC(=CCN1CCC23CC(=O)CCC2(C1CC4=C3C(=C(C=C4)C(=O)N)O)O)C,-0.6232492903979004,CC(C)=CCN1CCC23CC(=O)CCC2(O)C1Cc1ccc(C(N)=O)c(O)c13
CC1=CC(=CC(=C1CC(C(CC=CC(C(CC2=CC=CC=C2)C(=O)NCCC3=CC=CC=C3)O)O)[NH3+])C)O,-1.6901960800285136,Cc1cc(O)cc(C)c1CC([NH3+])C(O)CC=CC(O)C(Cc1ccccc1)C(=O)NCCc1ccccc1
COC1=CC2=C(CC3C4(C2(CCN3CC5CC5)CC(=O)C(C4)CC(=O)N6CCCC6C(=O)O)O)C=C1,-3.8306027814227552,COc1ccc2c(c1)C13CCN(CC4CC4)C(C2)C1(O)CC(CC(=O)N1CCCC1C(=O)O)C(=O)C3
CC(C)(C)C(C)(C1C2CCC3(C1OC)C45C2C(CC6=C4C(=C(C=C6)O)O3)N(CC5)CC7CC7)O,0.5228787452803376,COC1C(C(C)(O)C(C)(C)C)C2CCC13Oc1c(O)ccc4c1C31CCN(CC3CC3)C(C4)C21
C1CC1CN2CCC34CC5=C(CC3C2CC6=C4C=C(C=C6)O)C7=CC=CC=C7N5,-1.9637878273455556,Oc1ccc2c(c1)C13CCN(CC4CC4)C(C2)C1Cc1c([nH]c2ccccc12)C3
CN1CCC23C4C5(CCC2(C1CC6=C3C(=C(C=C6)F)O4)CC5COCC7=CC=CC=C7)OC,-0.9047155452786808,COC12CCC3(CC1COCc1ccccc1)C1Cc4ccc(F)c5c4C3(CCN1C)C2O5
CC(=O)NC(CCCN=C(N)N)C(=O)NC(CC1CCCCC1)C(=O)NC2CCC3CCCC(N3C2=O)C(=O)NC(CCCN=C(N)N)C(=O)NC(CC4=CC=C(C=C4)Cl)C(=O)N,-3.4471580313422194,CC(=O)NC(CCCN=C(N)N)C(=O)NC(CC1CCCCC1)C(=O)NC1CCC2CCCC(C(=O)NC(CCCN=C(N)N)C(=O)NC(Cc3ccc(Cl)cc3)C(N)=O)N2C1=O
COC12CCC3(CC1COCC4=CC=CC=C4)C5CC6=C7C3(C2OC7=C(C=C6)OCC(=O)N)CCN5CC8CC8,-1.0902580529313164,COC12CCC3(CC1COCc1ccccc1)C1Cc4ccc(OCC(N)=O)c5c4C3(CCN1CC1CC1)C2O5
CCC(=O)N(C1=CC=CC=C1)C2(CCN(CC2)CCN3C(=O)N(N=N3)CC)COC.Cl,-2.8928789647554534,CCC(=O)N(c1ccccc1)C1(COC)CCN(CCn2nnn(CC)c2=O)CC1.Cl
CC1=CC(=CC(=C1CC(C(=O)N2CCC(C2)C(=O)NC(CC3=CNC4=CC=CC=C43)C(=O)NC(C5=CC=CO5)C(=C)C(=O)N)N)C)O,3.962573502059376,C=C(C(N)=O)C(NC(=O)C(Cc1c[nH]c2ccccc12)NC(=O)C1CCN(C(=O)C(N)Cc2c(C)cc(O)cc2C)C1)c1ccco1
C1CC1CN2CCC34C5C(CCC3(C2CC6=C4C(=C(C=C6)O)O5)O)NC(=O)C7=CC=C(C=C7)Cl.C(=O)(C(=O)O)O,-0.8325089127062363,O=C(NC1CCC2(O)C3Cc4ccc(O)c5c4C2(CCN3CC2CC2)C1O5)c1ccc(Cl)cc1.O=C(O)C(=O)O
CC1(C2CC34CCC2(C5C36CCN(C4CC7=C6C(=C(C=C7)O)O5)C)OC1(C)C)C,-0.2787536009528289,CN1CCC23c4c5ccc(O)c4OC2C24CCC3(CC2C(C)(C)C(C)(C)O4)C1C5
COC12C=CC3(CC14CCCC4O)C5CC6=C7C3(C2OC7=C(C=C6)O)CCN5CC8CC8,-0.4471580313422192,COC12C=CC3(CC14CCCC4O)C1Cc4ccc(O)c5c4C3(CCN1CC1CC1)C2O5
CC1=CC=CC=C1C=CC(=O)NC23CCC(=O)C4C25CCN(C3CC6=C5C(=C(C=C6)O)O4)C,1.3979400086720375,Cc1ccccc1C=CC(=O)NC12CCC(=O)C3Oc4c(O)ccc5c4C31CCN(C)C2C5
CN1CCC23C4C5(CCC2(C1CC6=C3C(=C(C=C6)C(=O)N)O4)CC5COCC7=CC=CC=C7)OC,-2.010681493131444,COC12CCC3(CC1COCc1ccccc1)C1Cc4ccc(C(N)=O)c5c4C3(CCN1C)C2O5
CC(=O)NC1=C2C3=C(CC4C56C3(CCN4C)C(O2)C(CC5)(C(C6)COCC7=CC=CC=C7)OC)C=C1,-2.8414345581100404,COC12CCC3(CC1COCc1ccccc1)C1Cc4ccc(NC(C)=O)c5c4C3(CCN1C)C2O5
COC1=C2C3=C(CC4C56C3(CCN4CC7CC7)C(O2)C(CC5)(C(C6)C(C8=CC=CC=C8)NCC(=O)O)OC)C=C1,-2.2395247031566674,COc1ccc2c3c1OC1C4(OC)CCC5(CC4C(NCC(=O)O)c4ccccc4)C(C2)N(CC2CC2)CCC315
CNC(=O)OC1=CC2=C(CC3C4C2(CCCC4)CCN3CC5CC5)C=C1,-1.146128035678238,CNC(=O)Oc1ccc2c(c1)C13CCCCC1C(C2)N(CC1CC1)CC3
C=C(C(C1=CC2=CC=CC=C2C=C1)NC(=O)C(CC3=CNC4=CC=CC=C43)NC(=O)C5CCCN5C(=O)C(CC6=CC=C(C=C6)O)N)C(=O)N,-1.8461514765288156,C=C(C(N)=O)C(NC(=O)C(Cc1c[nH]c2ccccc12)NC(=O)C1CCCN1C(=O)C(N)Cc1ccc(O)cc1)c1ccc2ccccc2c1
C1CCC23CCN(C(C2C1)CC4=C3C=C(C=C4)OC(=O)CCCCCCC(=O)OC5=CC6=C(CC7C8C6(CCCC8)CCN7CC9CCC9)C=C5)CC1CCC1,-1.0,O=C(CCCCCCC(=O)Oc1ccc2c(c1)C13CCCCC1C(C2)N(CC1CCC1)CC3)Oc1ccc2c(c1)C13CCCCC1C(C2)N(CC1CCC1)CC3
CN1CCC23C4C1CC5=C2C(=C(C=C5)OC(=O)CCCCCCCCC(=O)OC6=CC7=C(CC8C9C7(CCCC9)CCN8CC1CCC1)C=C6)OC3C(C=C4)O,-0.3979400086720376,CN1CCC23c4c5ccc(OC(=O)CCCCCCCCC(=O)Oc6ccc7c(c6)C68CCCCC6C(C7)N(CC6CCC6)CC8)c4OC2C(O)C=CC3C1C5
COC1=C2C3=C(CC4C56C3(CCN4CC7CC7)C(O2)C(CC5)(C(C6)CS(=O)(=O)CC8=CC=CC=C8)OC)C=C1,-2.2034136800964528,COc1ccc2c3c1OC1C4(OC)CCC5(CC4CS(=O)(=O)Cc4ccccc4)C(C2)N(CC2CC2)CCC315
COC1=C2C3=C(CC4C56C3(CCN4CC(=O)O)C(O2)C(CC5)(C(C6)COCC7=CC=CC=C7)OC)C=C1,-2.9922662494844827,COc1ccc2c3c1OC1C4(OC)CCC5(CC4COCc4ccccc4)C(C2)N(CC(=O)O)CCC315
C1CCC2(C3CC4=C(C2(C1)CCN3CC5CCC5)C(=C(C=C4)C(=O)N)O)O,-0.146128035678238,NC(=O)c1ccc2c(c1O)C13CCCCC1(O)C(C2)N(CC1CCC1)CC3
CN1CCC23C4C5(C=CC2(C1CC6=C3C(=C(C=C6)O)O4)CC57CCCC7O)OC,-0.568201724066995,COC12C=CC3(CC14CCCC4O)C1Cc4ccc(O)c5c4C3(CCN1C)C2O5
CNC(=O)OC1=CC2=C(CC3C4C2(CCCC4)CCN3C)C=C1,-1.6989700043360187,CNC(=O)Oc1ccc2c(c1)C13CCCCC1C(C2)N(C)CC3
CCC1(CC(CCO1)(CCNCC2=CC=CC=C2)C3=CC=C(C=C3)F)CC,-3.5159241554019487,CCC1(CC)CC(CCNCc2ccccc2)(c2ccc(F)cc2)CCO1
CC1C2CC3=C(C1(CCN2CC(C)(C)O)C)C=C(C=C3)O,-1.9242792860618816,CC1C2Cc3ccc(O)cc3C1(C)CCN2CC(C)(C)O
CN1CCC23CCCCC2C1CC4=C3C=C(C=C4)NCC5=CC(=CC=C5)O,-0.8129133566428556,CN1CCC23CCCCC2C1Cc1ccc(NCc2cccc(O)c2)cc13
CN1CCC23C4C5(CCC2(C1CC6=C3C(=C(C=C6)O)O4)CC5CNCC=CC7=CC=C(C=C7)Cl)OC,-1.5308397786165204,COC12CCC3(CC1CNCC=Cc1ccc(Cl)cc1)C1Cc4ccc(O)c5c4C3(CCN1C)C2O5
C1CCC2(C1)CC(CCO2)(CCNCC3=CSC=C3)C4=CC=CC=N4,-1.5780085095732557,c1ccc(C2(CCNCc3ccsc3)CCOC3(CCCC3)C2)nc1
CCCC1OC(C2CC34CCC2(O1)C5C36CCN(C4CC7=C6C(=C(C=C7)O)O5)CC8CC8)(C)C(C)(C)C,-0.5490032620257879,CCCC1OC23CCC4(CC2C(C)(C(C)(C)C)O1)C1Cc2ccc(O)c5c2C4(CCN1CC1CC1)C3O5
COC1=NC=CC(=C1)C(=O)NC2CCC3(C4CC5=C6C3(C2OC6=C(C=C5)O)CCN4CC7CC7)O,-0.8973521343443129,COc1cc(C(=O)NC2CCC3(O)C4Cc5ccc(O)c6c5C3(CCN4CC3CC3)C2O6)ccn1
CC1C2CC3=C(C1(CCN2CC4CC4)C)C=C(C=C3)C(=O)NCCC5=NC=C(C=C5)C6=CC=CC=C6,-1.2787536009528289,CC1C2Cc3ccc(C(=O)NCCc4ccc(-c5ccccc5)cn4)cc3C1(C)CCN2CC1CC1
CC1C2CC3=C(C1(CCN2CC4CC4)C)C=C(C=C3)NC5=CC=CC=C5,-1.1760912590556811,CC1C2Cc3ccc(Nc4ccccc4)cc3C1(C)CCN2CC1CC1
CCCC(C)(C1CC23C=CC1(C4C25CCN(C3CC6=C5C(=C(C=C6)O)O4)C)OC)O,-0.8633228601204559,CCCC(C)(O)C1CC23C=CC1(OC)C1Oc4c(O)ccc5c4C12CCN(C)C3C5
CC1=CC=C(O1)CNCCC2(CCOC3(C2)CCCC3)C4=CC=CC=N4,-2.0963015747271467,Cc1ccc(CNCCC2(c3ccccn3)CCOC3(CCCC3)C2)o1
CC1(CCC2(C1O)CC34C=CC2(C5C36CCN(C4CC7=C6C(=C(C=C7)O)O5)C)OC)C,0.0969100130080564,COC12C=CC3(CC14CCC(C)(C)C4O)C1Cc4ccc(O)c5c4C3(CCN1C)C2O5
CC1CN(CC(N1)C)C2=NC3=CC=CC=C3N2C4CCN(CC4)C5(CCCCCCC5)C,-2.285557309007774,CC1CN(c2nc3ccccc3n2C2CCN(C3(C)CCCCCCC3)CC2)CC(C)N1
C1CCC23CCN(C(C2C1)CC4=C3C=C(C=C4)OC(=O)CCCCCCCCC(=O)OC5=CC6=C(CC7C8C6(CCCC8)CCN7CC9CC9)C=C5)CC1CCC1,-0.4623979978989561,O=C(CCCCCCCCC(=O)Oc1ccc2c(c1)C13CCCCC1C(C2)N(CC1CC1)CC3)Oc1ccc2c(c1)C13CCCCC1C(C2)N(CC1CCC1)CC3
COC1=C2C3=C(CC4C56C3(CCN4CC7CC7)C(O2)C(CC5)(C(C6)CN(CC8=CC=CC=C8)S(=O)(=O)C)OC)C=C1,-2.0554165598404888,COc1ccc2c3c1OC1C4(OC)CCC5(CC4CN(Cc4ccccc4)S(C)(=O)=O)C(C2)N(CC2CC2)CCC315
CC1=CC(=CC(=C1CC(C(CC=CC(C(CC2=CC=CC=C2)C(=O)NC(CC3=CC=CC=C3)C(=O)N)O)O)[NH3+])C)O,-0.8976270912904414,Cc1cc(O)cc(C)c1CC([NH3+])C(O)CC=CC(O)C(Cc1ccccc1)C(=O)NC(Cc1ccccc1)C(N)=O
CN1CCC23C(C1)CCCC2OC4=C(C=CC=C34)C(=O)N,-2.2787536009528293,CN1CCC23c4cccc(C(N)=O)c4OC2CCCC3C1
CC1C2CC3=C(C1(CCN2CC4CCCO4)C)C=C(C=C3)O,-0.43136376415898736,CC1C2Cc3ccc(O)cc3C1(C)CCN2CC1CCCO1
C1CC1CN2CCC34C5C(CCC3(C2CC6=C4C(=C(C=C6)O)O5)O)NC(=O)C7=CC8=CC=CC=C8N=C7,0.5376020021010439,O=C(NC1CCC2(O)C3Cc4ccc(O)c5c4C2(CCN3CC2CC2)C1O5)c1cnc2ccccc2c1
CC1=C(SC=C1)CNCCC2(CCOC3(C2)CCCC3)C4=CC=CC=N4,-0.8000293592441343,Cc1ccsc1CNCCC1(c2ccccn2)CCOC2(CCCC2)C1
CC(C1CC23C=CC1(C4C25CCN(C3CC6=C5C(=C(C=C6)O)O4)C)OC)OC,-1.2068258760318498,COC(C)C1CC23C=CC1(OC)C1Oc4c(O)ccc5c4C12CCN(C)C3C5
CN1CCC23C4C1CC5=C2C(=C(C=C5)C(=O)N)OC3C(=O)CC4,-2.041392685158225,CN1CCC23c4c5ccc(C(N)=O)c4OC2C(=O)CCC3C1C5
C1CC1CN2CCC34C5C(CCC3(C2CC6=C4C(=C(C=C6)O)O5)O)NC(=O)C7=CC8=CC=CC=C8C=N7,0.5686362358410126,O=C(NC1CCC2(O)C3Cc4ccc(O)c5c4C2(CCN3CC2CC2)C1O5)c1cc2ccccc2cn1
CCN(CC)CCN1C2=C(C=C(C=C2)N=C(C3=COC=C3)N)N=C1CC4=CC=C(C=C4)OCC,-2.7708520116421442,CCOc1ccc(Cc2nc3cc(N=C(N)c4ccoc4)ccc3n2CCN(CC)CC)cc1
C1CC1CN2CCC34CC(=O)C(CC3(C2CC5=C4C=C(C=C5)O)O)CC6=CC=CC=C6,-0.829946695941636,O=C1CC23CCN(CC4CC4)C(Cc4ccc(O)cc42)C3(O)CC1Cc1ccccc1
CC1(C2CC34C=CC2(C5C36CCN(C4CC7=C6C(=C(C=C7)OC)O5)CC8CC8)OCO1)C(C)(C)C,-2.6627578316815743,COc1ccc2c3c1OC1C45C=CC6(CC4C(C)(C(C)(C)C)OCO5)C(C2)N(CC2CC2)CCC316
CN1CCC23C4C1CC5=C2C(=C(C=C5)OC)OC3C(C=C4)OCCOCCOC,-3.711385379098452,COCCOCCOC1C=CC2C3Cc4ccc(OC)c5c4C2(CCN3C)C1O5
CC12CCC3C(=O)OC(CC3(C1C(=O)C(CC2C(=O)OC)NC(=O)C4=CC=CC=C4)C)C5=COC=C5,-2.5563025007672877,COC(=O)C1CC(NC(=O)c2ccccc2)C(=O)C2C1(C)CCC1C(=O)OC(c3ccoc3)CC12C
CC1=CC(=CC(=C1CC(C(=O)N2CC3=CC=CC=C3CC2C(=O)NCCC(=O)OC4=CC5=C(CC6C7C5(CCCC7)CCN6CC8CCC8)C=C4)N)C)O,-0.9493900066449128,Cc1cc(O)cc(C)c1CC(N)C(=O)N1Cc2ccccc2CC1C(=O)NCCC(=O)Oc1ccc2c(c1)C13CCCCC1C(C2)N(CC1CCC1)CC3
CN1CCC23C4C1CC5=C2C(=C(C=C5)NCC6=CC(=CC=C6)O)OC3C(C=C4)O,-2.740362689494244,CN1CCC23c4c5ccc(NCc6cccc(O)c6)c4OC2C(O)C=CC3C1C5
CC12CCC3C(=O)OC(CC3(C1C(=O)C(CC2C(=O)OC)OC(=O)C4=CC=CS4)C)C5=COC=C5,-3.060697840353612,COC(=O)C1CC(OC(=O)c2cccs2)C(=O)C2C1(C)CCC1C(=O)OC(c3ccoc3)CC12C
CN1CCC23C4C5(CCC2(C1CC6=C3C(=C(C=C6)O)O4)CC5CNC(=O)C=CC7=CC=CC=C7)OC,-1.4922014513925397,COC12CCC3(CC1CNC(=O)C=Cc1ccccc1)C1Cc4ccc(O)c5c4C3(CCN1C)C2O5
COC1=C2C3=C(CC4C5(C3(CCN4CC6CC6)C(O2)C(=O)CC5)NC(=O)C=CC7=CC=CC=C7Cl)C=C1,-0.5797835966168101,COc1ccc2c3c1OC1C(=O)CCC4(NC(=O)C=Cc5ccccc5Cl)C(C2)N(CC2CC2)CCC314
CN1CCC23C4C5(CCC2(C1CC6=C3C(=C(C=C6)O)O4)CC5CNC(=O)C=CC7=CC=CC=C7Cl)OC,-0.2624510897304294,COC12CCC3(CC1CNC(=O)C=Cc1ccccc1Cl)C1Cc4ccc(O)c5c4C3(CCN1C)C2O5
CC1=CC(=CC(=C1CC(C(=O)NC2CCCCNC(=O)CC(NC(=O)C(NC(=O)C(NC2=O)CC3=CC=CC=C3)CC4=CC=CC5=CC=CC=C54)C(=O)N)N)C)O,-0.7490789672538862,Cc1cc(O)cc(C)c1CC(N)C(=O)NC1CCCCNC(=O)CC(C(N)=O)NC(=O)C(Cc2cccc3ccccc23)NC(=O)C(Cc2ccccc2)NC1=O
C1CC(C1)CN2CCC34CC(CCC3C2CC5=C4C(=C(C=C5)C(=O)N)O)O,-0.17609125905568124,NC(=O)c1ccc2c(c1O)C13CCN(CC4CCC4)C(C2)C1CCC(O)C3
CC1C2CC3=C(C1(CCN2CC=C(C)C)C)C=C(C=C3)C(=O)N,-2.041392685158225,CC(C)=CCN1CCC2(C)c3cc(C(N)=O)ccc3CC1C2C
CCC(C)C(C(=O)NC(CCCN=C(N)N)C(=O)N1CCCC1C(=O)NC(CCCCN)C(=O)NC(CC(C)C)C(=O)NC(CCCCN)C(=O)NC(CC2=CNC3=CC=CC=C32)C(=O)NC(CC(=O)O)C(=O)NC(CC(=O)N)C(=O)NC(CCC(=O)N)C(=O)O)NC(=O)C(CCCN=C(N)N)NC(=O)C(CCCN=C(N)N)NC(=O)C(CC(C)C)NC(=O)C(CC4=CC=CC=C4)NC(=O)CNC(=O)CNC(=O)C(CC5=CC=C(C=C5)O)N,-2.3302107845715283,CCC(C)C(NC(=O)C(CCCN=C(N)N)NC(=O)C(CCCN=C(N)N)NC(=O)C(CC(C)C)NC(=O)C(Cc1ccccc1)NC(=O)CNC(=O)CNC(=O)C(N)Cc1ccc(O)cc1)C(=O)NC(CCCN=C(N)N)C(=O)N1CCCC1C(=O)NC(CCCCN)C(=O)NC(CC(C)C)C(=O)NC(CCCCN)C(=O)NC(Cc1c[nH]c2ccccc12)C(=O)NC(CC(=O)O)C(=O)NC(CC(N)=O)C(=O)NC(CCC(N)=O)C(=O)O
CC1(C2CC34CCC2(C5C36CCN(C4CC7=C6C(=C(C=C7)OC)O5)CC8CC8)OCO1)C(C)(C)C,-1.9314578706890049,COc1ccc2c3c1OC1C45CCC6(CC4C(C)(C(C)(C)C)OCO5)C(C2)N(CC2CC2)CCC316
CC(C)(C)CC(C)(C1CC23CCC1(C4C25CCN(C3CC6=C5C(=C(C=C6)O)O4)CC7CC7)OC)O,-0.414973347970818,COC12CCC3(CC1C(C)(O)CC(C)(C)C)C1Cc4ccc(O)c5c4C3(CCN1CC1CC1)C2O5
C=C(C(C1=CSC=C1)NC(=O)C(CC2=CNC3=CC=CC=C32)NC(=O)C4CCCN4C(=O)C(CC5=CC=C(C=C5)O)N)C(=O)N,1.191789027075778,C=C(C(N)=O)C(NC(=O)C(Cc1c[nH]c2ccccc12)NC(=O)C1CCCN1C(=O)C(N)Cc1ccc(O)cc1)c1ccsc1
CCNC1=NC2=C(S1)C=C3CC4C5CCCCC5(C3=C2)CCN4CC6CC6,-2.6232492903979003,CCNc1nc2cc3c(cc2s1)CC1C2CCCCC32CCN1CC1CC1
COC1=C2C3=C(CC4C56C3(CCN4CC7CC7)C(O2)C(CC5)(C(C6)COCC8=CC=CC=C8)C9=CC=CC=C9)C=C1,-1.371990911464915,COc1ccc2c3c1OC1C4(c5ccccc5)CCC5(CC4COCc4ccccc4)C(C2)N(CC2CC2)CCC315
COC1=C2C3=C(CC4C56C3(CCN4CC7CC7)C(O2)C(CC5)(C(C6)C(CC(CO)O)(C8=CC=CC=C8)O)OC)C=C1,-2.2931193701342987,COc1ccc2c3c1OC1C4(OC)CCC5(CC4C(O)(CC(O)CO)c4ccccc4)C(C2)N(CC2CC2)CCC315
CN1CCC23CC(=O)CCC2C1CC4=C3C(=C(C=C4)C(=O)N)O,-0.2041199826559248,CN1CCC23CC(=O)CCC2C1Cc1ccc(C(N)=O)c(O)c13
CC(=O)OC1CC(C2(CCC3C(=O)OC(CC3(C2C1=O)C)C4=C(OC=C4)Br)C)C(=O)OC,-4.0,COC(=O)C1CC(OC(C)=O)C(=O)C2C1(C)CCC1C(=O)OC(c3ccoc3Br)CC12C
CCN(CC)CCN1C2=C(C=C(C=C2)N=C(C)N)N=C1CC3=CC=C(C=C3)OCC.Cl.Cl,-2.9731278535996988,CCOc1ccc(Cc2nc3cc(N=C(C)N)ccc3n2CCN(CC)CC)cc1.Cl.Cl
CC1C2CC3=C(C1(CCN2CCC4=CC=CC=C4)C)C=C(C=C3)O,-1.4313637641589874,CC1C2Cc3ccc(O)cc3C1(C)CCN2CCc1ccccc1
COC12CCCCC13CCN(C2CC4=C3C=C(C=C4)OC(=O)CCCCCCCCC(=O)OCC5=CC=CC=C5)CC6CCC6,-0.2304489213782739,COC12CCCCC13CCN(CC1CCC1)C2Cc1ccc(OC(=O)CCCCCCCCC(=O)OCc2ccccc2)cc13
C1CCC23CCN(C(C2C1)CC4=C3C=C(C=C4)OC(=O)C=CC=CC(=O)OC5=CC6=C(CC7C8C6(CCCC8)CCN7CC9CCC9)C=C5)CC1CCC1,-1.2787536009528289,O=C(C=CC=CC(=O)Oc1ccc2c(c1)C13CCCCC1C(C2)N(CC1CCC1)CC3)Oc1ccc2c(c1)C13CCCCC1C(C2)N(CC1CCC1)CC3
CCC1C2=CC=CC=C2N(C1=O)C3CCN(CC3)CCC(C4=CC=CC=C4)C5=CC=CC=C5,-1.599337132992489,CCC1C(=O)N(C2CCN(CCC(c3ccccc3)c3ccccc3)CC2)c2ccccc21
CN1CCC23C4C(CCC2(C1CC5=C3C(=C(C=C5)O)O4)O)OCCOCCOCCOCCOCCOC,-2.1958996524092336,COCCOCCOCCOCCOCCOC1CCC2(O)C3Cc4ccc(O)c5c4C2(CCN3C)C1O5
C1CC1CN2CCC34C5C6=C(CC3(C2CC7=C4C(=C(C=C7)O)O5)OCCCC8=CC=CC=C8)C=C(C=N6)C9=CC=C(C=C9)Cl,-0.2355284469075489,Oc1ccc2c3c1OC1c4ncc(-c5ccc(Cl)cc5)cc4CC4(OCCCc5ccccc5)C(C2)N(CC2CC2)CCC314
CC1C2CC3=C(C1(CCN2CC4CC4)C)C=C(C=C3)C(=O)NCCC5=CC=CC=C5C6=CC=CC=C6,-1.0791812460476249,CC1C2Cc3ccc(C(=O)NCCc4ccccc4-c4ccccc4)cc3C1(C)CCN2CC1CC1
CC1=CC(=CC(=C1CC(C(=O)N2CC3=CC=CC=C3CC2C(=O)NCC(=O)N(C4=CC=CC=C4)C5=CC=CC=C5)N)C)O,-0.6812412373755872,Cc1cc(O)cc(C)c1CC(N)C(=O)N1Cc2ccccc2CC1C(=O)NCC(=O)N(c1ccccc1)c1ccccc1
CN(C)C(CNC(=O)C1=CC(=C(N=C1)Cl)Cl)C2=CC=CC=C2,-3.669316880566112,CN(C)C(CNC(=O)c1cnc(Cl)c(Cl)c1)c1ccccc1
CCC1C2=CC=CC=C2N(C1=O)C3CCN(CC3)CCCC4=CC=CC=C4,-2.8280150642239774,CCC1C(=O)N(C2CCN(CCCc3ccccc3)CC2)c2ccccc21
C=C(C(C1=CC=CC=C1)NC(=O)C2CCCN2C(=O)C(CC3=CC=C(C=C3)O)N)C(=O)NC(C4=CC=CC=C4)C(=C)C(=O)N,-1.6536465912546623,C=C(C(N)=O)C(NC(=O)C(=C)C(NC(=O)C1CCCN1C(=O)C(N)Cc1ccc(O)cc1)c1ccccc1)c1ccccc1
COCCOCCOCCOC12CCC3(CC1COCC4=CC=CC=C4)C5CC6=C7C3(C2OC7=C(C=C6)OC)CCN5CC8CC8,-2.1358320497126804,COCCOCCOCCOC12CCC3(CC1COCc1ccccc1)C1Cc4ccc(OC)c5c4C3(CCN1CC1CC1)C2O5
CC1CN(CCC1(C)C2=CC(=CC=C2)O)CC(C(C)C)NC(=O)C3CC4=C(CN3)C=C(C=C4)O,-2.0791812460476247,CC(C)C(CN1CCC(C)(c2cccc(O)c2)C(C)C1)NC(=O)C1Cc2ccc(O)cc2CN1
COC1=CC2=C(CC3C4(C2(CCN3CC5CC5)CC(=O)C(C4)CC(=O)O)O)C=C1,-2.8467575926246704,COc1ccc2c(c1)C13CCN(CC4CC4)C(C2)C1(O)CC(CC(=O)O)C(=O)C3
C1CCC23CCN(C(C2C1)CC4=C3C=C(C=C4)O)CC5CC5,0.0969100130080564,Oc1ccc2c(c1)C13CCCCC1C(C2)N(CC1CC1)CC3
CC1=CC(=CC(=C1CC(C(=O)NC(C)C(=O)NCC(=O)NC(CC2=CC=CC=C2)C(=O)NC(CC(C)C)C(=O)O)N)C)C(=O)N,-1.6901960800285136,Cc1cc(C(N)=O)cc(C)c1CC(N)C(=O)NC(C)C(=O)NCC(=O)NC(Cc1ccccc1)C(=O)NC(CC(C)C)C(=O)O
CCC1C2=CC=CC=C2N(C1=O)C3CCN(CC3)CC4=C5C=CNC5=CC=C4,-1.3654879848908996,CCC1C(=O)N(C2CCN(Cc3cccc4[nH]ccc34)CC2)c2ccccc21
C1CCC2(C3CC4=C(C2(C1)CCN3CC5CCC5)C(=C(C=C4)C(=O)N)O)O,-0.146128035678238,NC(=O)c1ccc2c(c1O)C13CCCCC1(O)C(C2)N(CC1CCC1)CC3
CC1=C(C(=NO1)C)COCC2CC34CCC2(C5C36CCN(C4CC7=C6C(=C(C=C7)OC)O5)CC8CC8)OC,-2.104896629948965,COc1ccc2c3c1OC1C4(OC)CCC5(CC4COCc4c(C)noc4C)C(C2)N(CC2CC2)CCC315
CN1CCC23C4C(=CC=C2C1CC5=C3C(=C(C=C5)OC)O4)OC,-3.7481880270062,COC1=CC=C2C3Cc4ccc(OC)c5c4C2(CCN3C)C1O5
C1CCC2(C1)CC(CCO2)(CCNCC3=CC=CC=C3)C4=CC=CC=N4,-1.932169245920792,c1ccc(CNCCC2(c3ccccn3)CCOC3(CCCC3)C2)cc1
COC1=C2C3=C(CC4C56C3(CCN4CC7CC7)C(O2)C(CC5)(C(C6)C(C8=CC=CC=C8)NCC(=O)O)OC)C=C1,-2.2395247031566674,COc1ccc2c3c1OC1C4(OC)CCC5(CC4C(NCC(=O)O)c4ccccc4)C(C2)N(CC2CC2)CCC315
CC1CN(CCC1(C)C2=CC(=CC=C2)O)CC(C(C)C)NC(=O)C3CCC4=C(C3)C=CC(=C4)O,-2.0791812460476247,CC(C)C(CN1CCC(C)(c2cccc(O)c2)C(C)C1)NC(=O)C1CCc2cc(O)ccc2C1
CN1CCC23C4C(=O)CCC2(C1CC5=C3C(=C(C=C5)OC)O4)O,-2.6893088591236203,COc1ccc2c3c1OC1C(=O)CCC4(O)C(C2)N(C)CCC314
CC(C1=CC=CC=C1)N2CCC(CC2)N3C(=O)CC4=CC=CC=C43,-1.7041505168397992,CC(c1ccccc1)N1CCC(N2C(=O)Cc3ccccc32)CC1
C=C(C(C1=CC=CC=C1)NC(=O)C2CCCN2C(=O)C(CC3=CC=C(C=C3)O)N)C(=O)NC(CC4=CC=CC=C4)C(=O)N,-1.5652573434202135,C=C(C(=O)NC(Cc1ccccc1)C(N)=O)C(NC(=O)C1CCCN1C(=O)C(N)Cc1ccc(O)cc1)c1ccccc1
CCCC1CCC(CC1)N2CCC(CC2)N3C4=CC=CC=C4CNS3(=O)=O,-3.496652939250918,CCCC1CCC(N2CCC(N3c4ccccc4CNS3(=O)=O)CC2)CC1
CC(CCCCCCC(C)C(=O)OC1=CC2=C(CC3C4C2(CCCC4)CCN3CC5CCC5)C=C1)C(=O)O,-1.1139433523068367,CC(CCCCCCC(C)C(=O)Oc1ccc2c(c1)C13CCCCC1C(C2)N(CC1CCC1)CC3)C(=O)O
CCC1(CC(CCO1)(CCNCC2=CC=CC=C2O)C3=CC=C(C=C3)F)C,-2.909743184806193,CCC1(C)CC(CCNCc2ccccc2O)(c2ccc(F)cc2)CCO1
CN1CCC23C4C5(CCC2(C1CC6=C3C(=C(C=C6)O)O4)CC5COC7=CC=C(C=C7)N8C=CN=C8)OC,-0.9694159123539814,COC12CCC3(CC1COc1ccc(-n4ccnc4)cc1)C1Cc4ccc(O)c5c4C3(CCN1C)C2O5
COC1=C2C3=C(CC4C56C3(CCN4CC7CC7)C(O2)C(CC5)(C(C6)CNCC(=O)O)OC)C=C1,-2.3375391241967107,COc1ccc2c3c1OC1C4(OC)CCC5(CC4CNCC(=O)O)C(C2)N(CC2CC2)CCC315
COC1=C2C3=C(CC4C56C3(CCN4CC7CC7)C(O2)C(CC5)(C(C6)COCC8=CC=C(C=C8)C(CO)O)OC)C=C1,-1.78161178249315,COc1ccc2c3c1OC1C4(OC)CCC5(CC4COCc4ccc(C(O)CO)cc4)C(C2)N(CC2CC2)CCC315
CN1CCC23C4C5C(=O)N(C46CCC2(C1CC7=C3C(=C(C=C7)O)OCO6)O5)CC8=CC=CC=C8,-2.864214330461329,CN1CCC23c4c5ccc(O)c4OCOC46CCC2(OC(C(=O)N4Cc2ccccc2)C63)C1C5
C1CC1CN2CCC34C5C(CCC3(C2CC6=C4C(=C(C=C6)O)O5)O)NC(=O)C7=CC(=C(C=C7)Cl)Cl.C(=O)(C(=O)O)O,-0.3617278360175928,O=C(NC1CCC2(O)C3Cc4ccc(O)c5c4C2(CCN3CC2CC2)C1O5)c1ccc(Cl)c(Cl)c1.O=C(O)C(=O)O
CN1CCC23C4C(=O)CCC2(C1CC5=C3C(=C(C=C5)OC)O4)O,-2.6794278966121188,COc1ccc2c3c1OC1C(=O)CCC4(O)C(C2)N(C)CCC314
CC1(CCCCCCC1)N2CCC(CC2)N3C4=CC=CC=C4N=C3C5=CC(=CC=C5)S(=O)(=O)C,-2.459392487759231,CC1(N2CCC(n3c(-c4cccc(S(C)(=O)=O)c4)nc4ccccc43)CC2)CCCCCCC1
C=C(C(C1=CC=CS1)NC(=O)C(CC2=CNC3=CC=CC=C32)NC(=O)C4CCCN4C(=O)C(CC5=CC=C(C=C5)O)N)C(=O)N,1.2013493545547311,C=C(C(N)=O)C(NC(=O)C(Cc1c[nH]c2ccccc12)NC(=O)C1CCCN1C(=O)C(N)Cc1ccc(O)cc1)c1cccs1
C=C1CCC2(C3CC4=C(C2(C1)CCN3CC5CCC5)C(=C(C=C4)C(=O)N)O)O,-0.04139268515822507,C=C1CCC2(O)C3Cc4ccc(C(N)=O)c(O)c4C2(CCN3CC2CCC2)C1
CC1=CC(=CC(=C1CC(C(=O)N2CCCCC2C3=NC=C(N3)C4=CC=CC=C4)N)C)C(=O)N,-0.9542425094393248,Cc1cc(C(N)=O)cc(C)c1CC(N)C(=O)N1CCCCC1c1ncc(-c2ccccc2)[nH]1
COCCOCCOCCOCCOCCOC12CCC3(CC1COCC4=CC=CC=C4)C5CC6=C7C3(C2OC7=C(C=C6)OC)CCN5CC8CC8,-2.1358320497126804,COCCOCCOCCOCCOCCOC12CCC3(CC1COCc1ccccc1)C1Cc4ccc(OC)c5c4C3(CCN1CC1CC1)C2O5
CC1(C2N3C(C(O2)(C)C)OC4(C3O1)CCC5(C6CC7=C8C5(C4OC8=C(C=C7)O)CCN6C)O)C,-0.7781512503836436,CN1CCC23c4c5ccc(O)c4OC2C2(CCC3(O)C1C5)OC1N3C(OC1(C)C)C(C)(C)OC32
C=C(C(C1=CC=CO1)NC(=O)C(CC2=CNC3=CC=CC=C32)NC(=O)C4CCN(C4)C(=O)C(CC5=CC=C(C=C5)O)N)C(=O)N,1.0301183562535,C=C(C(N)=O)C(NC(=O)C(Cc1c[nH]c2ccccc12)NC(=O)C1CCN(C(=O)C(N)Cc2ccc(O)cc2)C1)c1ccco1
C1CC2CC(CC1N2C(C3=CC=CC=C3Cl)C4=CC=CC=C4Cl)(CO)C5=CC=CC=C5,-3.3312247810207323,OCC1(c2ccccc2)CC2CCC(C1)N2C(c1ccccc1Cl)c1ccccc1Cl
CN1CCC23C4C5(CCC2(C1CC6=C3C(=C(C=C6)C(=O)O)O4)CC5COCC7=CC=CC=C7)OC,-2.800531501439392,COC12CCC3(CC1COCc1ccccc1)C1Cc4ccc(C(=O)O)c5c4C3(CCN1C)C2O5
C1CC1CN2CCC34CC(=O)C(CC3(C2CC5=C4C=C(C=C5)OCC6=CC=CC=C6)O)CCO,-2.89614025144202,O=C1CC23CCN(CC4CC4)C(Cc4ccc(OCc5ccccc5)cc42)C3(O)CC1CCO
C1CCC23CCN(C(C2C1)CC4=CC5=C(C=C34)N=C(S5)N)CCCF,-2.113943352306837,Nc1nc2cc3c(cc2s1)CC1C2CCCCC32CCN1CCCF
COC1=CC=C(C=C1)C(C(=C)C(=O)N)NC(=O)C(CC2=CNC3=CC=CC=C32)NC(=O)C4CCCN4C(=O)C(CC5=CC=C(C=C5)O)N,-1.0396123818967242,C=C(C(N)=O)C(NC(=O)C(Cc1c[nH]c2ccccc12)NC(=O)C1CCCN1C(=O)C(N)Cc1ccc(O)cc1)c1ccc(OC)cc1
CN1CCC23CC(=O)C(CC2(C1CC4=C3C=C(C=C4)O)O)CC(=O)NCC5=CC=CC=C5,-2.6594407818703183,CN1CCC23CC(=O)C(CC(=O)NCc4ccccc4)CC2(O)C1Cc1ccc(O)cc13
CN1CCC23C4C1CC5=C2C(=C(C=C5)O)OC3C(C=C4)O,-1.2041199826559248,CN1CCC23c4c5ccc(O)c4OC2C(O)C=CC3C1C5
C1CCN(C1)CCN2C3=CC=CC=C3N=C2NC(=O)C4=CC=C(C=C4)Cl,-3.785329835010767,O=C(Nc1nc2ccccc2n1CCN1CCCC1)c1ccc(Cl)cc1
CC1CN(CCC1(C)C2=CC(=CC=C2)O)CC(C(C)C)NC(=O)C3CC4=C(CS3=O)C=C(C=C4)O,-2.0791812460476247,CC(C)C(CN1CCC(C)(c2cccc(O)c2)C(C)C1)NC(=O)C1Cc2ccc(O)cc2CS1=O
CC1(CCCCCCC1)N2CCC(CC2)N3C4=CC=CC=C4N=C3C5CCCNC5,-1.3617278360175928,CC1(N2CCC(n3c(C4CCCNC4)nc4ccccc43)CC2)CCCCCCC1
COC1=CC2=C(CC3C4(C2(CCN3CC5CC5)CC(=O)C(C4)O)O)C=C1,-2.7620780873346393,COc1ccc2c(c1)C13CCN(CC4CC4)C(C2)C1(O)CC(O)C(=O)C3
C1CC1CN2CCC34C5C6C(=O)N(C57CCC3(C2CC8=C4C(=C(C=C8)O)OCO7)O6)CCC9=CC=CC=C9,-0.5622928644564748,O=C1C2OC34CCC5(OCOc6c(O)ccc7c6C3(CCN(CC3CC3)C4C7)C25)N1CCc1ccccc1
CC1C2CC3=C(C1(CCN2CC4CC4)C)C=C(C=C3)C(=O)NCCC5=CC=C(C=C5)Br,-1.2041199826559248,CC1C2Cc3ccc(C(=O)NCCc4ccc(Br)cc4)cc3C1(C)CCN2CC1CC1
CC(=O)NC(CCCN=C(N)N)C(=O)NC(CC1CCCCC1)C(=O)NC2CCC3N(C2=O)C(CS3)C(=O)NC(CCCN=C(N)N)C(=O)NC(CC4=CC=C(C=C4)Cl)C(=O)N,-3.146128035678238,CC(=O)NC(CCCN=C(N)N)C(=O)NC(CC1CCCCC1)C(=O)NC1CCC2SCC(C(=O)NC(CCCN=C(N)N)C(=O)NC(Cc3ccc(Cl)cc3)C(N)=O)N2C1=O
CN1CCC23C4C5=C(CC2(C1CC6=C3C(=C(C=C6)O)O4)OCC=CC7=CC=CC=C7)C=C(C=N5)C8=CC=C(C=C8)Cl,-0.6319508262592171,CN1CCC23c4c5ccc(O)c4OC2c2ncc(-c4ccc(Cl)cc4)cc2CC3(OCC=Cc2ccccc2)C1C5
C1CC1CN2CCC34C5C(CCC3(C2CC6=C4C(=C(C=C6)O)O5)O)NC(=O)CCC7=CC=NC=C7.Cl,-0.1643528557844371,Cl.O=C(CCc1ccncc1)NC1CCC2(O)C3Cc4ccc(O)c5c4C2(CCN3CC2CC2)C1O5
C1CCC2(C1)CC(CCO2)(CCNCC3=CC(=CC=C3)Cl)C4=CC=CC=N4,-1.4202198777251478,Clc1cccc(CNCCC2(c3ccccn3)CCOC3(CCCC3)C2)c1
CC1=CC=C(C=C1)C=CC(=O)NC23CCC(=O)C4C25CCN(C3CC6=C5C(=C(C=C6)OC)O4)C,-0.3979400086720376,COc1ccc2c3c1OC1C(=O)CCC4(NC(=O)C=Cc5ccc(C)cc5)C(C2)N(C)CCC314
CCC1C2=CC=CC=C2N(C1=O)C3CCN(CC3)C4CCC5=CC=CC=C5C4,-1.3453737305590885,CCC1C(=O)N(C2CCN(C3CCc4ccccc4C3)CC2)c2ccccc21
CCN(C)C1CC2CC(C1)(C(CN2CCCC3=CC=CC=C3)C)C4=CC(=CC=C4)O.Cl.Cl,-1.7781512503836436,CCN(C)C1CC2CC(c3cccc(O)c3)(C1)C(C)CN2CCCc1ccccc1.Cl.Cl
COC1=C2C3=C(CC4C56C3(CCN4CC7CC7)C(O2)C(CC5)(C(C6)CSCC8=CC=CC=C8)OC)C=C1,-1.5148132949992854,COc1ccc2c3c1OC1C4(OC)CCC5(CC4CSCc4ccccc4)C(C2)N(CC2CC2)CCC315
C=C(C(C1=CC=CC=C1)NC(=O)C(CC2=CNC3=CC=CC=C32)NC(=O)C4CCN(C4)C(=O)C(CC5=CC=C(C=C5)O)N)C(=O)N,1.401209493236885,C=C(C(N)=O)C(NC(=O)C(Cc1c[nH]c2ccccc12)NC(=O)C1CCN(C(=O)C(N)Cc2ccc(O)cc2)C1)c1ccccc1
CC1(CC2=C(C(C3=C(O2)CC(CC3=O)(C)C)C4=CC=C(C=C4)OCC5=CC=CC=C5CO)C(=O)C1)C,-4.0,CC1(C)CC(=O)C2=C(C1)OC1=C(C(=O)CC(C)(C)C1)C2c1ccc(OCc2ccccc2CO)cc1
CC1C2CC3=C(C1(CCN2CC4(CC4)C)C)C=C(C=C3)O,-1.1139433523068367,CC1C2Cc3ccc(O)cc3C1(C)CCN2CC1(C)CC1
CN1CCC23C4C5(CCC2(C1CC6=C3C(=C(C=C6)OC)O4)CC5CNCC=CC7=CC=C(C=C7)Cl)OC,-2.173186268412274,COc1ccc2c3c1OC1C4(OC)CCC5(CC4CNCC=Cc4ccc(Cl)cc4)C(C2)N(C)CCC315
C1C=CCC(NC(=O)C(NC(=O)CNC(=O)C1NC(=O)C(CC2=CC=C(C=C2)O)N)CC3=CC=CC=C3)C(=O)O,-0.4232458739368079,NC(Cc1ccc(O)cc1)C(=O)NC1CC=CCC(C(=O)O)NC(=O)C(Cc2ccccc2)NC(=O)CNC1=O
COCCOCCOCCOC1=C2C3=C(CC4C56C3(CCN4CC7CC7)C(O2)C(CC5)(C(C6)COCC8=CC=CC=C8)OC)C=C1,-1.7248490876293856,COCCOCCOCCOc1ccc2c3c1OC1C4(OC)CCC5(CC4COCc4ccccc4)C(C2)N(CC2CC2)CCC315
CC1(CCCCCCC1)N2CCC(CC2)N3C4=CC=CC=C4N=C3C5=CC6=C(C=C5)C=CN6,-3.935759103745312,CC1(N2CCC(n3c(-c4ccc5cc[nH]c5c4)nc4ccccc43)CC2)CCCCCCC1
CC1CN(CCC1(C)C2=CC(=CC=C2)O)CC(C(C)C)NC(=O)C3CC4=C(CS3)C=C(C=C4)O,-2.0791812460476247,CC(C)C(CN1CCC(C)(c2cccc(O)c2)C(C)C1)NC(=O)C1Cc2ccc(O)cc2CS1
CC1C2CC3=C(C1(CCN2CC4CC4)C)C=C(C=C3)C(=O)NCCC5=CC=C(C=C5)C6=CC=CC=C6,-0.4771212547196624,CC1C2Cc3ccc(C(=O)NCCc4ccc(-c5ccccc5)cc4)cc3C1(C)CCN2CC1CC1
CC(CC1CC2CCC1C2)(C3CC45CCC3(C6C47CCN(C5CC8=C7C(=C(C=C8)O)O6)CC9CC9)OC)O,-0.7853298350107671,COC12CCC3(CC1C(C)(O)CC1CC4CCC1C4)C1Cc4ccc(O)c5c4C3(CCN1CC1CC1)C2O5
CC1=C(C=CC(=C1)Cl)N2C3=C(C(=N2)C)C(=O)CC(C3)(C)C,-2.568201724066995,Cc1cc(Cl)ccc1-n1nc(C)c2c1CC(C)(C)CC2=O
CN1CCC23C4C5(CCC2(C1CC6=C3C(=C(C=C6)OC)O4)CC5CNC(=O)C=CC7=CC=CC=C7[N+](=O)[O-])OC,-2.06126394230025,COc1ccc2c3c1OC1C4(OC)CCC5(CC4CNC(=O)C=Cc4ccccc4[N+](=O)[O-])C(C2)N(C)CCC315
CC(C(=O)NC(CC1=CC=CC=C1)C(=O)N(C)CC(=O)N)N(C)C(=O)C(CC2=CC=C(C=C2)O)N,-0.5171958979499743,CC(C(=O)NC(Cc1ccccc1)C(=O)N(C)CC(N)=O)N(C)C(=O)C(N)Cc1ccc(O)cc1
C1CN(CC1O)CCN2C3=CC=CC=C3N=C2NC(=O)C4=CC=C(C=C4)Cl,-3.2430380486862944,O=C(Nc1nc2ccccc2n1CCN1CCC(O)C1)c1ccc(Cl)cc1
COC1=C2C3=C(CC4C56C3(CCN4CC7CC7)C(O2)C(CC5)(C(C6)COCC8=CC=CC=C8)C9=CC=CC=C9)C=C1,-1.371990911464915,COc1ccc2c3c1OC1C4(c5ccccc5)CCC5(CC4COCc4ccccc4)C(C2)N(CC2CC2)CCC315
CC1C2CC3=C(C1(CCN2CC4CC4)C)C=C(C=C3)C(=O)N,-0.0,CC1C2Cc3ccc(C(N)=O)cc3C1(C)CCN2CC1CC1
C1CCC23CCN(C(C2C1)CC4=C3C=C(C=C4)C(=O)N)CC5CCC5,-0.3979400086720376,NC(=O)c1ccc2c(c1)C13CCCCC1C(C2)N(CC1CCC1)CC3
CC(C)C1CC2C3CC4=C(C2(CCN3CC5CC5)CC1=O)C=C(C=C4)O,-0.474944335465388,CC(C)C1CC2C3Cc4ccc(O)cc4C2(CCN3CC2CC2)CC1=O
CN1CCC23C4C1CC5=C2C(=C(C=C5)OC)OC3C(C=C4)O,-3.785329835010767,COc1ccc2c3c1OC1C(O)C=CC4C(C2)N(C)CCC341
CC1=CC=CC=C1N2C3=C(C(=N2)C)C(=O)CC(C3)(C)C,-3.673941998634088,Cc1ccccc1-n1nc(C)c2c1CC(C)(C)CC2=O
C1CC1CN2CCC34C5C(CCC3(C2CC6=C4C(=C(C=C6)O)O5)O)NC(=O)C7=CN=CC=C7,0.4814860601221125,O=C(NC1CCC2(O)C3Cc4ccc(O)c5c4C2(CCN3CC2CC2)C1O5)c1cccnc1
COC12CCC3(CC1COCC4=CC=CC=C4)C5CC6=C7C3(C2OC7=C(C=C6)CC(CO)O)CCN5CC8CC8,-2.9510362257417486,COC12CCC3(CC1COCc1ccccc1)C1Cc4ccc(CC(O)CO)c5c4C3(CCN1CC1CC1)C2O5
CC1C2C3=C(CC(N1C)C4=C2C=C(C=C4)NCC5=CC=CC=C5)C=CC(=C3)NCC6=CC=CC=C6,-3.6334684555795866,CC1C2c3cc(NCc4ccccc4)ccc3CC(c3ccc(NCc4ccccc4)cc32)N1C
CN1CCC23C4C1CC5=C2C(=C(C=C5)OC)OC3C(=O)C=C4,-2.4683473304121573,COc1ccc2c3c1OC1C(=O)C=CC4C(C2)N(C)CCC314
COC1=C2C3=C(CC4C56C3(CCN4CCC(=O)N)C(O2)C(CC5)(C(C6)COCC7=CC=CC=C7)OC)C=C1,-3.179310449407433,COc1ccc2c3c1OC1C4(OC)CCC5(CC4COCc4ccccc4)C(C2)N(CCC(N)=O)CCC315
COC1=C2C3=C(CC4C56C3(CCN4CC7CC7)C(O2)C(CC5)(C(C6)CNCC8=CC=CC=C8)OC)C=C1,-1.7026889681591335,COc1ccc2c3c1OC1C4(OC)CCC5(CC4CNCc4ccccc4)C(C2)N(CC2CC2)CCC315
COC1=C2C3=C(CC4C56C3(CCN4CC7CC7)C(O2)C(CC5)(C(C6)CS(=O)CC8=CC=CC=C8)OC)C=C1,-1.702085721435825,COc1ccc2c3c1OC1C4(OC)CCC5(CC4CS(=O)Cc4ccccc4)C(C2)N(CC2CC2)CCC315
COC1=C2C3=C(CC4C56C3(CCN4CC7CC7)C(O2)C(CC5)(C(C6)CNCC(=O)N)OC)C=C1,-2.7643853805186405,COc1ccc2c3c1OC1C4(OC)CCC5(CC4CNCC(N)=O)C(C2)N(CC2CC2)CCC315
CN1CCC23CC(=O)C(CC2(C1CC4=C3C=C(C=C4)O)O)CC(=O)O,-2.6684791029325856,CN1CCC23CC(=O)C(CC(=O)O)CC2(O)C1Cc1ccc(O)cc13
C1CCC2(C1)CC(CCO2)(CCNCC3=NC=CN=C3)C4=CC=CC=N4,-2.800001827817969,c1ccc(C2(CCNCc3cnccn3)CCOC3(CCCC3)C2)nc1
C1CC1CN2CCC34C5C(CCC3(C2CC6=C4C(=C(C=C6)O)O5)O)NC(=O)C7=C(C=NC=C7)Br.Cl,-0.11727129565576427,Cl.O=C(NC1CCC2(O)C3Cc4ccc(O)c5c4C2(CCN3CC2CC2)C1O5)c1ccncc1Br
CC1=CC(=CC(=C1CC(C(=O)N2CC3=CC=CC=C3CC2CNC(=O)C4=CC=CC=C4)N)C)O,-2.0374264979406242,Cc1cc(O)cc(C)c1CC(N)C(=O)N1Cc2ccccc2CC1CNC(=O)c1ccccc1
CC(C)CC(C(=O)O)NC(=O)CC1CC2(C3CC4=C(C2(CCN3CC5CC5)CC1=O)C=C(C=C4)O)O,-1.6965311199696071,CC(C)CC(NC(=O)CC1CC2(O)C3Cc4ccc(O)cc4C2(CCN3CC2CC2)CC1=O)C(=O)O
CC1C2CC3=C(C1(CCN2CC4CC4)C)C=C(C=C3)C(=O)NCCC5=CC=C(C=C5)C6=CC=CC=N6,-0.2304489213782739,CC1C2Cc3ccc(C(=O)NCCc4ccc(-c5ccccn5)cc4)cc3C1(C)CCN2CC1CC1
CN1CCC23CC(=O)C(CC2(C1CC4=C3C=C(C=C4)O)O)CC(=O)N5CCCCC5,-2.764026607692037,CN1CCC23CC(=O)C(CC(=O)N4CCCCC4)CC2(O)C1Cc1ccc(O)cc13
CN1CCC23C4C5=C(CC2(C1CC6=C3C(=C(C=C6)O)O4)OCC7=CC=CC=C7)C=C(C=N5)C8=CC=C(C=C8)Cl,-2.478566495593843,CN1CCC23c4c5ccc(O)c4OC2c2ncc(-c4ccc(Cl)cc4)cc2CC3(OCc2ccccc2)C1C5
CCN(CC)CCN1C2=C(C=CC(=C2)N=C(C3=CC=CS3)N)N=C1CC4=CC=C(C=C4)OCC.Cl.Cl,-2.230448921378274,CCOc1ccc(Cc2nc3ccc(N=C(N)c4cccs4)cc3n2CCN(CC)CC)cc1.Cl.Cl
CC(C)(C1CC23CCC1(C4C25CCN(C3CC6=C5C(=C(C=C6)OC)O4)CC7CC7)OC)OCC8=CC=CC=C8,-0.7671558660821804,COc1ccc2c3c1OC1C4(OC)CCC5(CC4C(C)(C)OCc4ccccc4)C(C2)N(CC2CC2)CCC315
COC12CCC3(CC1COCC4=CC=CC=C4)C5CC6=C7C3(C2OC7=C(C=C6)C(CO)O)CCN5CC8CC8,-2.934685258687061,COC12CCC3(CC1COCc1ccccc1)C1Cc4ccc(C(O)CO)c5c4C3(CCN1CC1CC1)C2O5
CN1CCC23C4C1CC5=C2C(=C(C=C5)O)OC3C(=O)C=C4,-1.4471580313422192,CN1CCC23c4c5ccc(O)c4OC2C(=O)C=CC3C1C5
CN1CCC23C4C5=C(CC2(C1CC6=C3C(=C(C=C6)O)O4)O)C=NN5,-1.2817149700272958,CN1CCC23c4c5ccc(O)c4OC2c2[nH]ncc2CC3(O)C1C5
CSCCC(C(=O)N)NC(=O)C(CC1=CC=CC=C1)NC(=O)CNC(=O)CNC(=O)C(CC2=CC=C(C=C2)O)N,-2.7993405494535817,CSCCC(NC(=O)C(Cc1ccccc1)NC(=O)CNC(=O)CNC(=O)C(N)Cc1ccc(O)cc1)C(N)=O
COC1=C2C3=C(CC4C5(C3(CCN4CC6CC6)C(O2)C(=O)CC5)OC(=O)C=CC7=CC=CC=C7)C=C1,-1.534026106056135,COc1ccc2c3c1OC1C(=O)CCC4(OC(=O)C=Cc5ccccc5)C(C2)N(CC2CC2)CCC314
C1CCC2(C1)CC(CCO2)(CCNCC3=CC=CC=C3Cl)C4=CC=CC=N4,-1.0,Clc1ccccc1CNCCC1(c2ccccn2)CCOC2(CCCC2)C1
C1CC(N(C1)C(=O)C(CC2=CC=CC=C2)[NH3+])C(=O)NC(CC3=CC=CC=C3)C(=O)NC(CC4=CC=CC=C4)C(=O)N,-1.4913616938342726,NC(=O)C(Cc1ccccc1)NC(=O)C(Cc1ccccc1)NC(=O)C1CCCN1C(=O)C([NH3+])Cc1ccccc1
C1CC1CN2CCC34CC(=O)CCC3(C2CC5=C4C(=CC=C5)O)OCCCC6=CC=CC=C6,-0.5422027824340283,O=C1CCC2(OCCCc3ccccc3)C3Cc4cccc(O)c4C2(CCN3CC2CC2)C1
CC1=CC=C(C=C1)C2=CN(C3=C2CC4(C5CC6=C7C4(C3OC7=C(C=C6)O)CCN5CC8CC8)O)CC9=CC=CC=C9,-2.8432327780980096,Cc1ccc(-c2cn(Cc3ccccc3)c3c2CC2(O)C4Cc5ccc(O)c6c5C2(CCN4CC2CC2)C3O6)cc1
CN1CCC23C4C5=C(CC2(C1CC6=C3C(=C(C=C6)O)O4)OCCCC7=CC=CC=C7)C=C(C=N5)C8=CC=C(C=C8)Cl,-0.3374592612906561,CN1CCC23c4c5ccc(O)c4OC2c2ncc(-c4ccc(Cl)cc4)cc2CC3(OCCCc2ccccc2)C1C5
CC1=CC(=C(C=C1)C)NC(=S)NCC(C2=CC=CC=C2)N(C)C,-3.61846649219908,Cc1ccc(C)c(NC(=S)NCC(c2ccccc2)N(C)C)c1
CC(C)C1CC2C3CC4=C(C2(CCN3CC5CC5)CC1=O)C=C(C=C4)O,-0.2659963704950792,CC(C)C1CC2C3Cc4ccc(O)cc4C2(CCN3CC2CC2)CC1=O
CC1(C(C(CC2=C1C=C(C=C2)O)OC)N)C,-2.369215857410143,COC1Cc2ccc(O)cc2C(C)(C)C1N
CCN(CC)CCN1C2=C(C=C(C=C2)N=C(C3=CC=CS3)N)N=C1CC4=CC=C(C=C4)OCC,-2.531478917042255,CCOc1ccc(Cc2nc3cc(N=C(N)c4cccs4)ccc3n2CCN(CC)CC)cc1
CCOC(=O)C1(CCN(CC1)C)C2=CC=CC=C2,-3.9731278535996983,CCOC(=O)C1(c2ccccc2)CCN(C)CC1
CC1=CC=C(C=C1)C(=O)NC2CCC3(C4CC5=C6C3(C2OC6=C(C=C5)O)CCN4CC7CC7)O.C(=O)(C(=O)O)O,-0.9493900066449128,Cc1ccc(C(=O)NC2CCC3(O)C4Cc5ccc(O)c6c5C3(CCN4CC3CC3)C2O6)cc1.O=C(O)C(=O)O
CC1C2CC3=C(C1(CCN2CC4(CC4)C)C)C=C(C=C3)O,-1.1139433523068367,CC1C2Cc3ccc(O)cc3C1(C)CCN2CC1(C)CC1
CC1=CC=CC=C1C=CC(=O)NC23CCC(=O)C4C25CCN(C3CC6=C5C(=C(C=C6)OC)O4)CC7CC7,-0.414973347970818,COc1ccc2c3c1OC1C(=O)CCC4(NC(=O)C=Cc5ccccc5C)C(C2)N(CC2CC2)CCC314
COC1=C2C3=C(CC4C5(C3(CCN4CC6CC6)C(O2)C(=O)CC5)NC(=O)C=CC7=CC=CC=C7Cl)C=C1,-0.5797835966168101,COc1ccc2c3c1OC1C(=O)CCC4(NC(=O)C=Cc5ccccc5Cl)C(C2)N(CC2CC2)CCC314
CC12C3=C(CC4(C15CCN(C4CC6=C5C(=C(C=C6)O)O2)C)CCCC7=CC=CC=C7)C8=CC=CC=C8N3,-1.6536947953150818,CN1CCC23c4c5ccc(O)c4OC2(C)c2[nH]c4ccccc4c2CC3(CCCc2ccccc2)C1C5
C=C(C(C1=CC=CO1)NC(=O)C(CC2=CNC3=CC=CC=C32)NC(=O)C4CCCN4C(=O)C(CC5=CC=C(C=C5)O)N)C(=O)N,1.4762535331884354,C=C(C(N)=O)C(NC(=O)C(Cc1c[nH]c2ccccc12)NC(=O)C1CCCN1C(=O)C(N)Cc1ccc(O)cc1)c1ccco1
CC(C(=O)O)NC(C1CC23CCC1(C4C25CCN(C3CC6=C5C(=C(C=C6)OC)O4)CC7CC7)OC)C8=CC=CC=C8,-2.4406651162905337,COc1ccc2c3c1OC1C4(OC)CCC5(CC4C(NC(C)C(=O)O)c4ccccc4)C(C2)N(CC2CC2)CCC315
CCC1C2=CC=CC=C2N(C1=O)C3CCN(CC3)C4CCCCCCC4,-1.5717088318086876,CCC1C(=O)N(C2CCN(C3CCCCCCC3)CC2)c2ccccc21
C1CC2CCC(C3=CC=CC(=C23)C1)N4CCC(CC4)N5C(=O)CC6=CC=CC=C65,-2.8721562727482928,O=C1Cc2ccccc2N1C1CCN(C2CCC3CCCc4cccc2c43)CC1
C=CCN1CCC23C4C5C(=O)N(C46CCC2(C1CC7=C3C(=C(C=C7)O)OCO6)O5)CC8=CC=CC=C8,-0.5910646070264992,C=CCN1CCC23c4c5ccc(O)c4OCOC46CCC2(OC(C(=O)N4Cc2ccccc2)C63)C1C5
C1CCC23CCN(C(C2C1)CC4=C3C=C(C=C4)OC(=O)NCC5=CC=CC=C5)CC6CC6,-0.3424226808222063,O=C(NCc1ccccc1)Oc1ccc2c(c1)C13CCCCC1C(C2)N(CC1CC1)CC3
CC(=C1CC23CC4=C(C1C25CCN(C3CC6=C5C(=C(C=C6)OC)O)C)NC7=CC=CC=C47)C,-3.006893707947901,COc1ccc2c(c1O)C13CCN(C)C(C2)C12CC(=C(C)C)C3c1[nH]c3ccccc3c1C2
CC1=CC=C(C=C1)C2(CN(C3=[N+]2CCS3)C4=CC=CC=C4C)O.[Br-],-3.4516329474569907,Cc1ccc(C2(O)CN(c3ccccc3C)C3=[N+]2CCS3)cc1.[Br-]
CC(C1CC23CC(C1(C4C25CCN(C3CC6=C5C(=C(C=C6)O)O4)C)OC)O)O,-1.6334684555795866,COC12C(O)CC3(CC1C(C)O)C1Cc4ccc(O)c5c4C3(CCN1C)C2O5
CCOC1=CC=C(C=C1)CC2=NC3=C(N2CCC4CCCN4C)C=CC(=C3)N=C(C5=CC=CS5)N,-3.342422680822206,CCOc1ccc(Cc2nc3cc(N=C(N)c4cccs4)ccc3n2CCC2CCCN2C)cc1
CC1=CC(=CC(=C1CC(C(=O)N2CC3=CC=CC=C3CC2CNC(=O)NC4=CC=CC=C4)N)C)O,-1.276461804173244,Cc1cc(O)cc(C)c1CC(N)C(=O)N1Cc2ccccc2CC1CNC(=O)Nc1ccccc1
CC1(CCCCCCC1)N2CCC(CC2)N3C4=CC=CC=C4N=C3C5CCCN(C5)C,-1.8260748027008264,CN1CCCC(c2nc3ccccc3n2C2CCN(C3(C)CCCCCCC3)CC2)C1
CN1CCC23C4C5=C(CC2(C1CC6=C3C(=C(C=C6)O)O4)CCCC7=CC=CC=C7)C8=CC=CC=C8N5,-1.3374592612906562,CN1CCC23c4c5ccc(O)c4OC2c2[nH]c4ccccc4c2CC3(CCCc2ccccc2)C1C5
COCCOCCOCCOC1=C2C3=C(CC4C56C3(CCN4CC7CC7)C(O2)C(CC5)(C(C6)COCC8=CC=CC=C8)OC)C=C1,-1.7248490876293856,COCCOCCOCCOc1ccc2c3c1OC1C4(OC)CCC5(CC4COCc4ccccc4)C(C2)N(CC2CC2)CCC315
CN1CCC(CC1)C(=O)NC2CCC3(C4CC5=C6C3(C2OC6=C(C=C5)O)CCN4CC7CC7)O.Cl,-0.7058637122839193,CN1CCC(C(=O)NC2CCC3(O)C4Cc5ccc(O)c6c5C3(CCN4CC3CC3)C2O6)CC1.Cl
COC12CCCCC13CCN(C2CC4=C3C=C(C=C4)OC(=O)CCCCCCCCC(=O)OC5=CC6=C(CC7C8(C6(CCCC8)CCN7CC9CCC9)OC)C=C5)CC1CCC1,-0.2552725051033061,COC12CCCCC13CCN(CC1CCC1)C2Cc1ccc(OC(=O)CCCCCCCCC(=O)Oc2ccc4c(c2)C25CCCCC2(OC)C(C4)N(CC2CCC2)CC5)cc13
COC12CCC3(CC1COCC4=CC5=CC=CC=C5S4)C6CC7=C8C3(C2OC8=C(C=C7)OCCO)CCN6CC9CC9,-3.5092684010172523,COC12CCC3(CC1COCc1cc4ccccc4s1)C1Cc4ccc(OCCO)c5c4C3(CCN1CC1CC1)C2O5
CC1C2CC3=C(C1(CCN2C)C)C=C(C=C3)C(=O)N,-1.3802112417116061,CC1C2Cc3ccc(C(N)=O)cc3C1(C)CCN2C
CC1C2CC3=C(C1(CCN2C)C)C=C(C=C3)O,-1.6020599913279625,CC1C2Cc3ccc(O)cc3C1(C)CCN2C
CC1=CC(=CC(=C1CC(C(=O)N(C)C(C)C(=O)NC(CC2=CC=CC=C2)C(=O)N(C)CC(=O)N)N)C)O,1.1023729087095586,Cc1cc(O)cc(C)c1CC(N)C(=O)N(C)C(C)C(=O)NC(Cc1ccccc1)C(=O)N(C)CC(N)=O
CN1CCC23C4C5=C(CC2(C1CC6=C3C(=C(C=C6)O)O4)O)C7=C(N5CCC8=CC=CC=C8)CCCC7,-2.2430380486862944,CN1CCC23c4c5ccc(O)c4OC2c2c(c4c(n2CCc2ccccc2)CCCC4)CC3(O)C1C5
C1CC1CN2CCC34C5C(CCC3(C2CC6=C4C(=C(C=C6)O)O5)O)NC(=O)C7=CC(=NC=C7)Cl.Cl,0.0809219076239261,Cl.O=C(NC1CCC2(O)C3Cc4ccc(O)c5c4C2(CCN3CC2CC2)C1O5)c1ccnc(Cl)c1
COC1=CC=C(C=C1)CNC2=CC3=C(CC4C5C3(CCCC5)CCN4CC6CC6)C=C2,-0.8325089127062363,COc1ccc(CNc2ccc3c(c2)C24CCCCC2C(C3)N(CC2CC2)CC4)cc1
COC1=C2C3=C(CC4C56C3(CCN4CC7CC7)C(O2)C(CC5)(C(C6)CNCC(=O)O)OC)C=C1,-2.3375391241967107,COc1ccc2c3c1OC1C4(OC)CCC5(CC4CNCC(=O)O)C(C2)N(CC2CC2)CCC315
CC1(CC2=C(C(=O)C1)C(=NN2C3=C(C=C(C=C3)Cl)Cl)C4CC4)C,-2.568201724066995,CC1(C)CC(=O)c2c(C3CC3)nn(-c3ccc(Cl)cc3Cl)c2C1
C1CCC2=C(C1)C3=C(N2CC4CC4)C5C67CCN(C(C6(C3)O)CC8=C7C(=C(C=C8)O)O5)CC9CC9,-0.3988077302032645,Oc1ccc2c3c1OC1c4c(c5c(n4CC4CC4)CCCC5)CC4(O)C(C2)N(CC2CC2)CCC314
CC1=CC(=CC(=C1CC(C(=O)N2CCCC2C(=O)NC(CC3=CNC4=CC=CC=C43)C(=O)NC(C5=CC=CO5)C(=C)C(=O)O)N)C)O,3.2873502983727887,C=C(C(=O)O)C(NC(=O)C(Cc1c[nH]c2ccccc12)NC(=O)C1CCCN1C(=O)C(N)Cc1c(C)cc(O)cc1C)c1ccco1
CCCC1=NOC(=C1)COCC2CC34CCC2(C5C36CCN(C4CC7=C6C(=C(C=C7)OC)O5)C)OC,-2.812986846413911,CCCc1cc(COCC2CC34CCC2(OC)C2Oc5c(OC)ccc6c5C23CCN(C)C4C6)on1
COC1=C2C3=C(CC4C56C3(CCN4CCC(=O)N)C(O2)C(CC5)(C(C6)COCC7=CC=CC=C7)OC)C=C1,-3.179310449407433,COc1ccc2c3c1OC1C4(OC)CCC5(CC4COCc4ccccc4)C(C2)N(CCC(N)=O)CCC315
CC(=C1CC23CC4=C(C1C25CCN(C3CC6=C5C(=C(C=C6)OC)O)C)NC7=CC=CC=C47)C8=CC=CC=C8,-2.143014800254095,COc1ccc2c(c1O)C13CCN(C)C(C2)C12CC(=C(C)c1ccccc1)C3c1[nH]c3ccccc3c1C2
CCCCCCN1CCC(CC1)(C2=CC(=CC=C2)O)C(=O)N(C)CC,-1.3010299956639813,CCCCCCN1CCC(C(=O)N(C)CC)(c2cccc(O)c2)CC1
CN1CCC23C4C(=O)CCC2(C1CC5=C3C(=C(C=C5)OC)O4)NC(=O)C=CC6=CC=C(C=C6)Cl,0.045757490560675115,COc1ccc2c3c1OC1C(=O)CCC4(NC(=O)C=Cc5ccc(Cl)cc5)C(C2)N(C)CCC314
CC1C2CC3=C(C1(CCN2CC4CC4)C)C=C(C=C3)C(=O)NCCC5=CN=C(C=C5)C6=CC=CC=C6,-0.6532125137753437,CC1C2Cc3ccc(C(=O)NCCc4ccc(-c5ccccc5)nc4)cc3C1(C)CCN2CC1CC1
CN1CCC23C4C5=NC(=NC=C5CC2(C1CC6=C3C(=C(C=C6)O)O4)O)N,-1.8756399370041683,CN1CCC23c4c5ccc(O)c4OC2c2nc(N)ncc2CC3(O)C1C5
CCOC(=O)CC1=C(N(C2=C1CC3(C4CC5=C6C3(C2OC6=C(C=C5)O)CCN4C)O)CC7=CC=CC=C7)O,-1.8497264441963281,CCOC(=O)Cc1c2c(n(Cc3ccccc3)c1O)C1Oc3c(O)ccc4c3C13CCN(C)C(C4)C3(O)C2
CCC(C1CC23C=CC1(C4C25CCN(C3CC6=C5C(=C(C=C6)O)O4)CC7CC7)OC)(C8=CC=CC=C8)O,-1.503790683057181,CCC(O)(c1ccccc1)C1CC23C=CC1(OC)C1Oc4c(O)ccc5c4C12CCN(CC1CC1)C3C5
CC1=CC(=C(C=C1)C(C2=CC=CC=C2Cl)N3C4CCC3CC(C4)(C5CCCC5)O)Cl,-2.8506462351830666,Cc1ccc(C(c2ccccc2Cl)N2C3CCC2CC(O)(C2CCCC2)C3)c(Cl)c1
CSC1=CNC(=C1)C(=O)NC2=NC3=CC=CC=C3N2CCN4CCCC4,-2.406540180433955,CSc1c[nH]c(C(=O)Nc2nc3ccccc3n2CCN2CCCC2)c1
C1CC1CN2CCC34CC(=O)C(=CC5=CC=CC=C5)CC3(C2CC6=C4C=C(C=C6)O)O,-1.7387805584843692,O=C1CC23CCN(CC4CC4)C(Cc4ccc(O)cc42)C3(O)CC1=Cc1ccccc1
CC1=NN(C2=C1C(=O)CC(C2)(C)C)C3=CC=C(C=C3)C(=O)OC,-4.0,COC(=O)c1ccc(-n2nc(C)c3c2CC(C)(C)CC3=O)cc1
C1CC1CN2CCC34C5C(CCC3(C2CC6=C4C(=C(C=C6)O)O5)O)NC(=O)C7=CC=C(C=C7)I,-0.9444826721501688,O=C(NC1CCC2(O)C3Cc4ccc(O)c5c4C2(CCN3CC2CC2)C1O5)c1ccc(I)cc1
CC1CC2C3CC4=C5C2(CCN3C)C(C1O)OC5=C(C=C4)OC,-3.3010299956639813,COc1ccc2c3c1OC1C(O)C(C)CC4C(C2)N(C)CCC341
C=C(C(C1=CC=C(C=C1)Cl)NC(=O)C(CC2=CNC3=CC=CC=C32)NC(=O)C4CCCN4C(=O)C(CC5=CC=C(C=C5)O)N)C(=O)N,-1.0791812460476249,C=C(C(N)=O)C(NC(=O)C(Cc1c[nH]c2ccccc12)NC(=O)C1CCCN1C(=O)C(N)Cc1ccc(O)cc1)c1ccc(Cl)cc1
CC1CN(CCC1(C)C2=CC(=CC=C2)O)CC(C(C)C)NC(=O)C3CC4=C(CO3)C=C(C=C4)O,-2.0791812460476247,CC(C)C(CN1CCC(C)(c2cccc(O)c2)C(C)C1)NC(=O)C1Cc2ccc(O)cc2CO1
CC1(CC2=C(C(C3=C(O2)CC(CC3=O)(C)C)C4=CC=C(C=C4)OCC5=CC(=CC=C5)F)C(=O)C1)C,-3.845098040014257,CC1(C)CC(=O)C2=C(C1)OC1=C(C(=O)CC(C)(C)C1)C2c1ccc(OCc2cccc(F)c2)cc1
C1CC1CN2CCC34C5C(=O)CCC3(C2CC6=C4C(=C(C=C6)O)O5)NC(=O)C7=CC=CC=C7,-0.8573324964312685,O=C(NC12CCC(=O)C3Oc4c(O)ccc5c4C31CCN(CC1CC1)C2C5)c1ccccc1
C1CC2=C(C=CC(=C2CC1N3CCC4(CC3)C(=O)NCN4C5=CC=CC=C5)Cl)Cl,-2.4913616938342726,O=C1NCN(c2ccccc2)C12CCN(C1CCc3c(Cl)ccc(Cl)c3C1)CC2
CN1CCC23C4C(CCC2(C1CC5=C3C(=C(C=C5)OC)O4)O)OCCOCCOC,-3.6994040818153375,COCCOCCOC1CCC2(O)C3Cc4ccc(OC)c5c4C2(CCN3C)C1O5
CC1=CC=CC=C1C=CC(=O)NC23CCC(=O)C4C25CCN(C3CC6=C5C(=C(C=C6)OC)O4)C,0.3010299956639812,COc1ccc2c3c1OC1C(=O)CCC4(NC(=O)C=Cc5ccccc5C)C(C2)N(C)CCC314
CC1C2CC3=C(C1(CCN2CC4CC4)C)C=C(C=C3)C(=O)NCCC5=CC=CC(=C5)C6=CC=CC=C6,-0.8325089127062363,CC1C2Cc3ccc(C(=O)NCCc4cccc(-c5ccccc5)c4)cc3C1(C)CCN2CC1CC1
CC1=CC(=CC(=C1CC(C(=O)NC(C)C(=O)NC2CC3=CC=CC=C3CN(C2=O)CC(=O)N)N)C)O,1.079876673709276,Cc1cc(O)cc(C)c1CC(N)C(=O)NC(C)C(=O)NC1Cc2ccccc2CN(CC(N)=O)C1=O
COC1=C2C3=C(CC4C56C3(CCN4CC7=NNN=N7)C(O2)C(CC5)(C(C6)COCC8=CC=CC=C8)OC)C=C1,-3.1349257952252563,COc1ccc2c3c1OC1C4(OC)CCC5(CC4COCc4ccccc4)C(C2)N(Cc2nn[nH]n2)CCC315
CN1CCC23C4C(CCC2(C1CC5=C3C(=C(C=C5)OC)O4)O)OCCOCCOCCOCCOCCOCCOCCOC,-3.872039667973286,COCCOCCOCCOCCOCCOCCOCCOC1CCC2(O)C3Cc4ccc(OC)c5c4C2(CCN3C)C1O5
CC1(CCCCCCC1)N2CCC(CC2)N3C4=CC=CC=C4N=C3C5CCCN(C5)C,-1.8512583487190752,CN1CCCC(c2nc3ccccc3n2C2CCN(C3(C)CCCCCCC3)CC2)C1
COCCNC1C(CCC2=CC=CC=C12)C3=CSC=C3,-3.4149733479708178,COCCNC1c2ccccc2CCC1c1ccsc1
CC1C2CCC(CN2CCC1(C)C3=CC(=CC=C3)O)C4=CC=CC=C4,-1.7242758696007892,CC1C2CCC(c3ccccc3)CN2CCC1(C)c1cccc(O)c1
CSCCC(C(=O)O)NC(=O)C(CC1=CC=CC=C1)NC(=O)CNC(=O)CNC(=O)C(CC2=CC=C(C=C2)O)N,-2.792391689498254,CSCCC(NC(=O)C(Cc1ccccc1)NC(=O)CNC(=O)CNC(=O)C(N)Cc1ccc(O)cc1)C(=O)O
C1CCN(C1)CCN2C3=CC=CC=C3N=C2NC(=O)C4=CC5=CC=CC=C5S4,-3.5185139398778875,O=C(Nc1nc2ccccc2n1CCN1CCCC1)c1cc2ccccc2s1
COC12CCC3(CC1COCC4=CC=CC=C4)C5CC6=C7C3(C2OC7=C(C=C6)OCC(=O)N)CCN5CC8CC8,-1.0902580529313164,COC12CCC3(CC1COCc1ccccc1)C1Cc4ccc(OCC(N)=O)c5c4C3(CCN1CC1CC1)C2O5
C1CCN(C1)CCN2C3=CC=CC=C3N=C2NC(=O)C4=CC=CN4,-3.832508912706236,O=C(Nc1nc2ccccc2n1CCN1CCCC1)c1ccc[nH]1
C1CCNC(=O)CC(NC(=O)C(NC(=O)C(NC(=O)C(C1)NC(=O)C(CC2=CC=C(C=C2)O)N)CC3=CC=CC=C3)CC4=CC=CC=C4)C(=O)N,-0.30556631351530394,NC(=O)C1CC(=O)NCCCCC(NC(=O)C(N)Cc2ccc(O)cc2)C(=O)NC(Cc2ccccc2)C(=O)NC(Cc2ccccc2)C(=O)N1
C1CC(C1)CN2CCC34C5C(CCC3(C2CC6=C4C(=C(C=C6)O)O5)O)O,-1.3222192947339193,Oc1ccc2c3c1OC1C(O)CCC4(O)C(C2)N(CC2CCC2)CCC314
CN1CCC23C4C(CCC2(C1CC5=C3C(=C(C=C5)OC)O4)O)OCCOC,-3.5844443071651764,COCCOC1CCC2(O)C3Cc4ccc(OC)c5c4C2(CCN3C)C1O5
CS(=O)(=O)C1=CNC(=C1)C(=O)NC2=NC3=CC=CC=C3N2CCN4CCCC4,-3.57978359661681,CS(=O)(=O)c1c[nH]c(C(=O)Nc2nc3ccccc3n2CCN2CCCC2)c1
COC12CCC3(CC1COCC4=CC=CC=C4)C5CC6=C7C3(C2OC7=C(C=C6)Br)CCN5CC8CC8,-2.426234656211552,COC12CCC3(CC1COCc1ccccc1)C1Cc4ccc(Br)c5c4C3(CCN1CC1CC1)C2O5
CC1=CC(=CC(=C1CC(C(=O)NC2CCCCNC(=O)CC(NC(=O)C(NC(=O)C(NC2=O)CC3=CC=CC4=CC=CC=C43)CC5=CC=CC=C5)C(=O)N)N)C)O,-1.3004867879860291,Cc1cc(O)cc(C)c1CC(N)C(=O)NC1CCCCNC(=O)CC(C(N)=O)NC(=O)C(Cc2ccccc2)NC(=O)C(Cc2cccc3ccccc23)NC1=O
CC12CCCCCC(C1N)CC3=C2C=C(C=C3)O,-1.57978359661681,CC12CCCCCC(Cc3ccc(O)cc31)C2N
CN1CCC23C4C5(CCC2(C1CC6=C3C(=C(C=C6)O)O4)CC5COC7=CC=C(C=C7)N8C=CN=C8)OC,-0.9694159123539814,COC12CCC3(CC1COc1ccc(-n4ccnc4)cc1)C1Cc4ccc(O)c5c4C3(CCN1C)C2O5
CC(CCCCCCC(C)C(=O)OC1=CC2=C(CC3C4C2(CCCC4)CCN3CC5CCC5)C=C1)C(=O)OC6=CC7=C(CC8C9C7(CCCC9)CCN8CC1CCC1)C=C6,-0.8512583487190752,CC(CCCCCCC(C)C(=O)Oc1ccc2c(c1)C13CCCCC1C(C2)N(CC1CCC1)CC3)C(=O)Oc1ccc2c(c1)C13CCCCC1C(C2)N(CC1CCC1)CC3
CN(C)C(CNC(=O)C1=CC2=C(CCC2)C=C1)C3=CC=C(C=C3)OC,-2.7014816356209272,COc1ccc(C(CNC(=O)c2ccc3c(c2)CCC3)N(C)C)cc1
CC(=O)N(CC1CC23CCC1(C4C25CCN(C3CC6=C5C(=C(C=C6)OC)O4)CC7CC7)OC)CC8=CC=CC=C8,-1.3453737305590885,COc1ccc2c3c1OC1C4(OC)CCC5(CC4CN(Cc4ccccc4)C(C)=O)C(C2)N(CC2CC2)CCC315
CN1CCC23C4C(CCC2(C1CC5=C3C(=C(C=C5)OC)O4)O)O,-3.49996186559619,COc1ccc2c3c1OC1C(O)CCC4(O)C(C2)N(C)CCC314
CN1CCC23C4C(CCC2(C1CC5=C3C(=C(C=C5)O)O4)O)OCCOCCOC,-1.9698816437465,COCCOCCOC1CCC2(O)C3Cc4ccc(O)c5c4C2(CCN3C)C1O5
C1CC1CN2CCC34CC(=O)C(CC3(C2CC5=C4C=C(C=C5)O)O)CCO,-0.9033613362553184,O=C1CC23CCN(CC4CC4)C(Cc4ccc(O)cc42)C3(O)CC1CCO
CN1CCC23C4C5=C(CC(C(=O)N5C)CCO)CC2(C1CC6=C3C(=C(C=C6)O)O4)O,-2.2121876044039577,CN1C(=O)C(CCO)CC2=C1C1Oc3c(O)ccc4c3C13CCN(C)C(C4)C3(O)C2
C1CCC23CCN(C(C2C1)CC4=CC5=C(C=C34)N=C(S5)NC(=O)CCCCCCCCC(=O)NC6=NC7=C(S6)C=C8CC9C1CCCCC1(C8=C7)CCN9CC1CC1)CC1CC1,-2.113943352306837,O=C(CCCCCCCCC(=O)Nc1nc2cc3c(cc2s1)CC1C2CCCCC32CCN1CC1CC1)Nc1nc2cc3c(cc2s1)CC1C2CCCCC32CCN1CC1CC1
C1CC1CN2CCC34C5C(=O)CCC3(C2CC6=C4C(=CC=C6)O5)OCCCC7=CC=CC=C7,-0.9912260756924948,O=C1CCC2(OCCCc3ccccc3)C3Cc4cccc5c4C2(CCN3CC2CC2)C1O5
COC12CCC3(CC1C(C4=CC=CC=C4)O)C5CC6=C7C3(C2OC7=C(C=C6)O)CCN5CC8CC8,-0.19728055812561932,COC12CCC3(CC1C(O)c1ccccc1)C1Cc4ccc(O)c5c4C3(CCN1CC1CC1)C2O5
COC12CCC3(CC1COCC4=CC=CC=C4)C5CC6=C7C3(C2OC7=C(C=C6)C(CO)O)CCN5CC8CC8,-2.934685258687061,COC12CCC3(CC1COCc1ccccc1)C1Cc4ccc(C(O)CO)c5c4C3(CCN1CC1CC1)C2O5
CC(=O)NC1=C2C3=C(CC4C56C3(CCN4C)C(O2)C(CC5)(C(C6)COCC7=CC=CC=C7)OC)C=C1,-2.8414345581100404,COC12CCC3(CC1COCc1ccccc1)C1Cc4ccc(NC(C)=O)c5c4C3(CCN1C)C2O5
CC1C2C(=O)C3=C(C1(CCN2CC4CC4)C)C=C(C=C3)C(=O)N,-0.6232492903979004,CC1C2C(=O)c3ccc(C(N)=O)cc3C1(C)CCN2CC1CC1
CC(C(C(=O)OCC1CC23CCC1(C4C25CCN(C3CC6=C5C(=C(C=C6)OC)O4)CC7CC7)OC)N)O,-1.8991088581934,COc1ccc2c3c1OC1C4(OC)CCC5(CC4COC(=O)C(N)C(C)O)C(C2)N(CC2CC2)CCC315
CN1CCC23C4C5=C(CC2(C1CC6=C3C(=C(C=C6)O)O4)NCCCC7=CC=CC=C7)C8=CC=CC=C8N5,-1.6536947953150818,CN1CCC23c4c5ccc(O)c4OC2c2[nH]c4ccccc4c2CC3(NCCCc2ccccc2)C1C5
CC1=CC(=CC(=C1CC(C(=O)N2CC3=CC=CC=C3CC2CNCC4=CC=CC=C4)N)C)O,-1.568788212315347,Cc1cc(O)cc(C)c1CC(N)C(=O)N1Cc2ccccc2CC1CNCc1ccccc1
CN1CCC23C4C5=C(CC2(C1CC6=C3C(=C(C=C6)O)O4)O)C7=C(N5CC8=CC=CC=C8)CCCC7,-2.864511081058392,CN1CCC23c4c5ccc(O)c4OC2c2c(c4c(n2Cc2ccccc2)CCCC4)CC3(O)C1C5
CCN1C2=C(CCCC2)C3=C1C4C56CCN(C(C5(C3)O)CC7=C6C(=C(C=C7)O)O4)C,-2.2430380486862944,CCn1c2c(c3c1C1Oc4c(O)ccc5c4C14CCN(C)C(C5)C4(O)C3)CCCC2
CN1CCC23C4C5=C(CC(C(=O)N5CC6=CC=CC=C6)CCO)CC2(C1CC7=C3C(=C(C=C7)O)O4)O,-1.9774949690730363,CN1CCC23c4c5ccc(O)c4OC2C2=C(CC(CCO)C(=O)N2Cc2ccccc2)CC3(O)C1C5
CC(=O)NC1=NC2=C(S1)CC3C4CC5=C(C3(C2)CCN4CC6CC6)C=C(C=C5)O,0.2839966563652008,CC(=O)Nc1nc2c(s1)CC1C3Cc4ccc(O)cc4C1(CCN3CC1CC1)C2
CN1CCC23C4C5=C(CC2(C1CC6=C3C(=C(C=C6)O)O4)OC(=O)CC7=CC=CC=C7)C=C(C=N5)C8=CC=C(C=C8)Cl,-1.9395192526186185,CN1CCC23c4c5ccc(O)c4OC2c2ncc(-c4ccc(Cl)cc4)cc2CC3(OC(=O)Cc2ccccc2)C1C5
CC1C2CC3=CC4=C(C=C3C1(CCN2CC5CC5)C)N=CN4,-0.9912260756924948,CC1C2Cc3cc4[nH]cnc4cc3C1(C)CCN2CC1CC1
CC1=NN(C2=C1C(=O)CC(C2)(C)C)C3=CC=C(C=C3)Br,-3.9960736544852753,Cc1nn(-c2ccc(Br)cc2)c2c1C(=O)CC(C)(C)C2
COCCOCCOCCOCCOCCOC12CCC3(CC1COCC4=CC=CC=C4)C5CC6=C7C3(C2OC7=C(C=C6)OC)CCN5CC8CC8,-2.1358320497126804,COCCOCCOCCOCCOCCOC12CCC3(CC1COCc1ccccc1)C1Cc4ccc(OC)c5c4C3(CCN1CC1CC1)C2O5
COC1=C2C3=C(CC4C56C3(CCN4)C(O2)C(CC5)(C(C6)COCC7=CC=CC=C7)OC)C=C1,-2.143764014612251,COc1ccc2c3c1OC1C4(OC)CCC5(CC4COCc4ccccc4)C(C2)NCCC315
C1CC1CN2CCC34C5C(=O)CCC3(C2CC6=C4C(=C(C=C6)O)O5)NC(=O)C7=CC8=CC=CC=C8C=C7,-1.0464951643347082,O=C(NC12CCC(=O)C3Oc4c(O)ccc5c4C31CCN(CC1CC1)C2C5)c1ccc2ccccc2c1
CC1C2C(=O)C3=C(C1(CCN2CC4CC4)C)C=C(C=C3)NC(C)(C)CO,-3.5169318088680126,CC1C2C(=O)c3ccc(NC(C)(C)CO)cc3C1(C)CCN2CC1CC1
C1CCNC(=O)CC(NC(=O)C(NC(=O)C(NC(=O)C(C1)NC(=O)C(CC2=CC=C(C=C2)O)N)CC3=CC=C(C=C3)F)CC4=CC=CC=C4)C(=O)N,-0.4124605474299613,NC(=O)C1CC(=O)NCCCCC(NC(=O)C(N)Cc2ccc(O)cc2)C(=O)NC(Cc2ccc(F)cc2)C(=O)NC(Cc2ccccc2)C(=O)N1
COC12C=CC3(CC1C(C4=CC=CC=C4)O)C5CC6=C7C3(C2OC7=C(C=C6)O)CCN5CC8CC8,-0.443262987458695,COC12C=CC3(CC1C(O)c1ccccc1)C1Cc4ccc(O)c5c4C3(CCN1CC1CC1)C2O5
CC1=CC(=CC(=C1CC(C(=O)NC2CCCCNC(=O)CC(NC(=O)C(NC(=O)C(NC2=O)CC3=CC=CC=C3)CC4=CC=C(C=C4)C(F)(F)F)C(=O)N)N)C)O,-0.8312617203028216,Cc1cc(O)cc(C)c1CC(N)C(=O)NC1CCCCNC(=O)CC(C(N)=O)NC(=O)C(Cc2ccc(C(F)(F)F)cc2)NC(=O)C(Cc2ccccc2)NC1=O
CN1CCC23C4C5=NC(=NC=C5CC2(C1CC6=C3C(=C(C=C6)O)O4)O)C7=CC=CC=C7,-1.7649975992848803,CN1CCC23c4c5ccc(O)c4OC2c2nc(-c4ccccc4)ncc2CC3(O)C1C5
C1CC1CN2CCC34C5C(CCC3(C2CC6=C4C(=C(C=C6)O)O5)O)NC(=O)C7=CN=NC=C7,-1.449478399187365,O=C(NC1CCC2(O)C3Cc4ccc(O)c5c4C2(CCN3CC2CC2)C1O5)c1ccnnc1
CN1CCC23C4C5=C(CCC(=O)N5CC6=CC=CC=C6)CC2(C1CC7=C3C(=C(C=C7)O)O4)O,-0.6976651626476745,CN1CCC23c4c5ccc(O)c4OC2C2=C(CCC(=O)N2Cc2ccccc2)CC3(O)C1C5
CCC1OC(C2CC34CCC2(O1)C5C36CCN(C4CC7=C6C(=C(C=C7)O)O5)CC8CC8)(C)C(C)(C)C,-0.146128035678238,CCC1OC23CCC4(CC2C(C)(C(C)(C)C)O1)C1Cc2ccc(O)c5c2C4(CCN1CC1CC1)C3O5
C1CC1CN2CCC34CC5=C(CC3(C2)CC6=C4C=C(C=C6)O)C=C(C(=O)N5)C(=O)N,-2.6154239528859438,NC(=O)c1cc2c([nH]c1=O)CC13CCN(CC4CC4)CC1(Cc1ccc(O)cc13)C2
CC1(C2CC34CCC2(C5C36CCN(C4CC7=C6C(=C(C=C7)OCC8=CC=CC=C8)O5)CC9CC9)OCO1)C(C)(C)C,-2.9777236052888485,CC(C)(C)C1(C)OCOC23CCC4(CC21)C1Cc2ccc(OCc5ccccc5)c5c2C4(CCN1CC1CC1)C3O5
CC1=CC=C(C=C1)N2C=C(C(=N2)C3=CC=C(C=C3)F)CNC(C)C4=CN(N=C4)C,-3.3832766504076504,Cc1ccc(-n2cc(CNC(C)c3cnn(C)c3)c(-c3ccc(F)cc3)n2)cc1
CC(C)CC(C(=O)OCC1CC23CCC1(C4C25CCN(C3CC6=C5C(=C(C=C6)OC)O4)CC7CC7)OC)N,-1.9847522781154128,COc1ccc2c3c1OC1C4(OC)CCC5(CC4COC(=O)C(N)CC(C)C)C(C2)N(CC2CC2)CCC315
CCC1OC(C2CC34CCC2(O1)C5C36CCN(C4CC7=C6C(=C(C=C7)O)O5)CC8CC8)(C)C(C)(C)C,-0.146128035678238,CCC1OC23CCC4(CC2C(C)(C(C)(C)C)O1)C1Cc2ccc(O)c5c2C4(CCN1CC1CC1)C3O5
CC(C(=O)NCC(=O)N(C)C(CC1=CC=CC=C1)C(=O)NCCO)NC(=O)C(CC2=CC=C(C=C2)O)N,-1.6994040818153373,CC(NC(=O)C(N)Cc1ccc(O)cc1)C(=O)NCC(=O)N(C)C(Cc1ccccc1)C(=O)NCCO
COC1=CC2=C(CC3C4C2(CCN3CC5CC5)CC(=O)C(C4O)OCC6=CC=CC=C6)C=C1,-2.6655809910179533,COc1ccc2c(c1)C13CCN(CC4CC4)C(C2)C1C(O)C(OCc1ccccc1)C(=O)C3
C1CC2CCCC(C1)C2N3CCC(CC3)N4C(=O)CC5=CC=CC=C54,-1.462397997898956,O=C1Cc2ccccc2N1C1CCN(C2C3CCCC2CCC3)CC1
C1CCC23CCN(C(C2C1)CC4=C3C=C(C=C4)C(=O)N)CC5CC5,0.0506099933550872,NC(=O)c1ccc2c(c1)C13CCCCC1C(C2)N(CC1CC1)CC3
CN1CCC23C4C5=C(CC2(C1CC6=C3C(=C(C=C6)O)O4)O)C7=C(N5C)CCCC7,-2.3463529744506393,CN1CCC23c4c5ccc(O)c4OC2c2c(c4c(n2C)CCCC4)CC3(O)C1C5
CC(=O)N(CC1CC23CCC1(C4C25CCN(C3CC6=C5C(=C(C=C6)OC)O4)CC7CC7)OC)CC8=CC=CC=C8,-1.3453737305590885,COc1ccc2c3c1OC1C4(OC)CCC5(CC4CN(Cc4ccccc4)C(C)=O)C(C2)N(CC2CC2)CCC315
CC(C1CC23C=CC1(C4C25CCN(C3CC6=C5C(=C(C=C6)O)O4)C)OC)OCC7=CC=CC=C7,-0.2552725051033061,COC12C=CC3(CC1C(C)OCc1ccccc1)C1Cc4ccc(O)c5c4C3(CCN1C)C2O5
[H+].CN(C)CCCN(C1=NC2=C(S1)C=C(C=C2)F)C(=O)C3=CC=C(C=C3)S(=O)(=O)N4CCC5=CC=CC=C5C4.[Cl-],-3.516403148447403,CN(C)CCCN(C(=O)c1ccc(S(=O)(=O)N2CCc3ccccc3C2)cc1)c1nc2ccc(F)cc2s1.[Cl-].[H+]
CNC(=O)OC1=CC2=C(CC3C4C2(CCCC4)CCN3CC5CCC5)C=C1,-1.041392685158225,CNC(=O)Oc1ccc2c(c1)C13CCCCC1C(C2)N(CC1CCC1)CC3
CC(=CCN1CCC23CC(=O)CCC2(C1CC4=C3C(=C(C=C4)C(=O)N)O)O)C,-0.6232492903979004,CC(C)=CCN1CCC23CC(=O)CCC2(O)C1Cc1ccc(C(N)=O)c(O)c13
COC1=C2C3=C(CC4C56C3(CCN4CC7CC7)C(O2)C(CC5)(C(C6)COCC8=CC=CC=C8)O)C=C1,-1.701308885228075,COc1ccc2c3c1OC1C4(O)CCC5(CC4COCc4ccccc4)C(C2)N(CC2CC2)CCC315
CCC(C1CC23C=CC1(C4C25CCN(C3CC6=C5C(=C(C=C6)O)O4)CC7CC7)OC)(C(C)(C)C)O,-2.376576957056512,CCC(O)(C1CC23C=CC1(OC)C1Oc4c(O)ccc5c4C12CCN(CC1CC1)C3C5)C(C)(C)C
C1CC1CN2CCC34C5C(CCC3(C2CC6=C4C(=C(C=C6)O)O5)O)NC(=O)CC7=CC=NC=C7.Cl,-0.3654879848908996,Cl.O=C(Cc1ccncc1)NC1CCC2(O)C3Cc4ccc(O)c5c4C2(CCN3CC2CC2)C1O5
C1CCC23CCN(C(C2C1)CC4=C3C=C(C=C4)OC(=O)CCCCCCCCC(=O)O)CC5CCC5,-0.4771212547196624,O=C(O)CCCCCCCCC(=O)Oc1ccc2c(c1)C13CCCCC1C(C2)N(CC1CCC1)CC3
CN1CCC23C4C(CCC2(C1CC5=C3C(=C(C=C5)O)O4)O)OCCOCCOCCOC,-2.4313637641589882,COCCOCCOCCOC1CCC2(O)C3Cc4ccc(O)c5c4C2(CCN3C)C1O5
CN1CCC23C4C(CCC2(C1CC5=C3C(=C(C=C5)OC)O4)O)OCCOCCOCCOCCOCCOC,-3.702171950857712,COCCOCCOCCOCCOCCOC1CCC2(O)C3Cc4ccc(OC)c5c4C2(CCN3C)C1O5
CNC1=NC2=C(S1)C=C3CC4C5CCCCC5(C3=C2)CCN4CC6CC6,-1.6720978579357175,CNc1nc2cc3c(cc2s1)CC1C2CCCCC32CCN1CC1CC1
CC1C2CC3=C(C1(CCN2CCOC)C)C=C(C=C3)O,-0.6812412373755872,COCCN1CCC2(C)c3cc(O)ccc3CC1C2C
CC1=CC(=C(C=C1)N2C3=C(C(=N2)C)C(=O)CC(C3)(C)C)Br,-2.080987046910887,Cc1ccc(-n2nc(C)c3c2CC(C)(C)CC3=O)c(Br)c1
CC1=C(C(=NO1)C)COCC2CC34CCC2(C5C36CCN(C4CC7=C6C(=C(C=C7)OC)O5)C)OC,-2.50987428500472,COc1ccc2c3c1OC1C4(OC)CCC5(CC4COCc4c(C)noc4C)C(C2)N(C)CCC315
CC(C1CC1)N2CCC34CCCCC3C2CC5=C4C=C(C=C5)C(=O)N,-0.11394335230683678,CC(C1CC1)N1CCC23CCCCC2C1Cc1ccc(C(N)=O)cc13
C1CC1CN2CCC34C5C(CCC3(C2CC6=C4C(=C(C=C6)O)O5)O)NC(=O)C7=CC=C(C=C7)Br.C(=O)(C(=O)O)O,-0.6532125137753437,O=C(NC1CCC2(O)C3Cc4ccc(O)c5c4C2(CCN3CC2CC2)C1O5)c1ccc(Br)cc1.O=C(O)C(=O)O
CC1=C(C(=NO1)C)COCC2CC34CCC2(C5C36CCN(C4CC7=C6C(=C(C=C7)OC)O5)CC8CC8)OC,-2.104896629948965,COc1ccc2c3c1OC1C4(OC)CCC5(CC4COCc4c(C)noc4C)C(C2)N(CC2CC2)CCC315
CC(C1CC23C4CC5=C6C2(CCN4C)C(C1(CC3O)OC)OC6=C(C=C5)O)O,-1.0791812460476249,COC12CC(O)C3(CC1C(C)O)C1Cc4ccc(O)c5c4C3(CCN1C)C2O5
CC1=C(C=CO1)C2CC3(C(CCC4(C3C(=O)C(CC4C(=O)OC)OC(=O)C)C)C(=O)O2)C,-4.0,COC(=O)C1CC(OC(C)=O)C(=O)C2C1(C)CCC1C(=O)OC(c3ccoc3C)CC12C
CC1CN(C2CC(CC1(C2)C3=CC(=CC=C3)O)NC)CCCC4=CC=CC=C4.Cl.Cl,-1.1760912590556811,CNC1CC2CC(c3cccc(O)c3)(C1)C(C)CN2CCCc1ccccc1.Cl.Cl
CS(=O)(=O)OC1CCC2(C3CC4=C5C2(C1OC5=C(C=C4)O)CCN3CC6CC6)O,-0.414973347970818,CS(=O)(=O)OC1CCC2(O)C3Cc4ccc(O)c5c4C2(CCN3CC2CC2)C1O5
CC1=CC=C(C=C1)C=CC(=O)NCC2CC34CCC2(C5C36CCN(C4CC7=C6C(=C(C=C7)O)O5)C)OC,-1.2027606873932,COC12CCC3(CC1CNC(=O)C=Cc1ccc(C)cc1)C1Cc4ccc(O)c5c4C3(CCN1C)C2O5
COC1=C2C3=C(CC4C56C3(CCN4CC7CC7)C(O2)C(CC5)(C(C6)CN(CC8=CC=CC=C8)S(=O)(=O)C)OC)C=C1,-2.0554165598404888,COc1ccc2c3c1OC1C4(OC)CCC5(CC4CN(Cc4ccccc4)S(C)(=O)=O)C(C2)N(CC2CC2)CCC315
CN1CCC23C4C5(CCC2(C1CC6=C3C(=C(C=C6)O)O4)CC5CNC(=O)C=CC7=CC=C(C=C7)[N+](=O)[O-])OC,-0.7888751157754168,COC12CCC3(CC1CNC(=O)C=Cc1ccc([N+](=O)[O-])cc1)C1Cc4ccc(O)c5c4C3(CCN1C)C2O5
C1CCCC(CCC1)(CO)N2CCC(CC2)N3C4=CC=CC=C4N=C3C5=CC(=C(C=C5)F)Cl,-3.0860037056183818,OCC1(N2CCC(n3c(-c4ccc(F)c(Cl)c4)nc4ccccc43)CC2)CCCCCCC1
CN1CCC23CC4=NC5=CC=CC=C5C=C4CC2(C1CC6=C3C=C(C=C6)O)O.Cl,-2.3664229572259727,CN1CCC23Cc4nc5ccccc5cc4CC2(O)C1Cc1ccc(O)cc13.Cl
COC1=CC=CC2=C1C34CCN(C(C2)C3(CCC(=O)C4)OC)CC5CC5,-1.3042750504771283,COc1cccc2c1C13CCN(CC4CC4)C(C2)C1(OC)CCC(=O)C3
CC1=CC(=CC(=C1CC(C(=O)NC2CCCCNC(=O)CC(NC(=O)C(NC(=O)C(NC2=O)CC3=CC4=CC=CC=C4C=C3)CC5=CC=CC=C5)C(=O)N)N)C)O,-1.0507663112330423,Cc1cc(O)cc(C)c1CC(N)C(=O)NC1CCCCNC(=O)CC(C(N)=O)NC(=O)C(Cc2ccccc2)NC(=O)C(Cc2ccc3ccccc3c2)NC1=O
CC1=CC(=CC(=C1CC(C(CC=CC(C(CC2=CC=CC=C2)C(=O)NC(CC3=CC=CC=C3)C(=O)N)O)O)N)C)O,-0.8976270912904414,Cc1cc(O)cc(C)c1CC(N)C(O)CC=CC(O)C(Cc1ccccc1)C(=O)NC(Cc1ccccc1)C(N)=O
CN(C)CCCN(C1=NC2=C(C=C(C=C2S1)F)F)C(=O)C3=CC=C(C=C3)S(=O)(=O)N4CCC5=CC=CC=C5C4.Cl,-3.707570176097936,CN(C)CCCN(C(=O)c1ccc(S(=O)(=O)N2CCc3ccccc3C2)cc1)c1nc2c(F)cc(F)cc2s1.Cl
C1CCC23CCN(C(C2C1)CC4=CC5=C(C=C34)N=C(S5)N)CC6CC6,-1.863322860120456,Nc1nc2cc3c(cc2s1)CC1C2CCCCC32CCN1CC1CC1
CCNC1=NC2=C(S1)C=C3CC4C5CCCCC5(C3=C2)CCN4CCCF,-2.380211241711606,CCNc1nc2cc3c(cc2s1)CC1C2CCCCC32CCN1CCCF
CC1C2CC3=C(C1(CCN2CCOC)C)C=C(C=C3)C(=O)N,-0.3424226808222063,COCCN1CCC2(C)c3cc(C(N)=O)ccc3CC1C2C
CCCCC(=O)NC12CC3=C(C4C15CCN(C2CC6=C5C(=C(C=C6)O)O4)C)NC7=CC=CC=C37,-2.173186268412274,CCCCC(=O)NC12Cc3c([nH]c4ccccc34)C3Oc4c(O)ccc5c4C31CCN(C)C2C5
CC1C2CC3=C(C1(CCN2CC4CC4)C)C=C(C=C3)C(=O)NCCC5=CC=C(C=C5)C6=CC(=C(C=C6)OC)OC,-0.2041199826559248,COc1ccc(-c2ccc(CCNC(=O)c3ccc4c(c3)C3(C)CCN(CC5CC5)C(C4)C3C)cc2)cc1OC
CC1(C2N3C(CO2)OC(C3O1)(C)C4=CC=CC=C4O)C5=CC=CC=C5O,-1.761927838420529,CC1(c2ccccc2O)OC2COC3N2C1OC3(C)c1ccccc1O
CN(C)C(CNC(=O)CCC1=CSC=C1)C2=CC=C(C=C2)OC,-3.1522883443830567,COc1ccc(C(CNC(=O)CCc2ccsc2)N(C)C)cc1
C1CCC23CCN(C(C2C1)CC4=C3C=C(C=C4)OC(=O)CCCCCCCCC(=O)OC5=CC6=C(CC7C8C6(CCCC8)CCN7CC9CCC9)C=C5)CC1CCC1,-0.11394335230683678,O=C(CCCCCCCCC(=O)Oc1ccc2c(c1)C13CCCCC1C(C2)N(CC1CCC1)CC3)Oc1ccc2c(c1)C13CCCCC1C(C2)N(CC1CCC1)CC3
C1CCC23CCN(C(C2C1)CC4=C3C=C(C=C4)O)CC5CCC5,-0.2041199826559248,Oc1ccc2c(c1)C13CCCCC1C(C2)N(CC1CCC1)CC3
CC1=CC=C(C=C1)N2C(=O)C(=C(N2)C)C=NC3=C4C(=C(C=C3)Cl)C=CC=N4,-3.4361626470407565,Cc1ccc(-n2[nH]c(C)c(C=Nc3ccc(Cl)c4cccnc34)c2=O)cc1
CC1(CC(CCO1)(CCNCC2=CC=CC=C2)C3=CC=C(C=C3)F)C,-3.1999991251967965,CC1(C)CC(CCNCc2ccccc2)(c2ccc(F)cc2)CCO1
CCN(CC)C(=O)C1=CC=C(C=C1)C(C2=CC(=CC=C2)OC)N3CC(N(CC3C)CC=C)C,0.8538719643217619,C=CCN1CC(C)N(C(c2ccc(C(=O)N(CC)CC)cc2)c2cccc(OC)c2)CC1C
CC12CCC3C(=O)OC(CC3(C1C(=O)C(CC2C(=O)OC)OC(=O)C4=CC=C(C=C4)Br)C)C5=COC=C5,-3.68930885912362,COC(=O)C1CC(OC(=O)c2ccc(Br)cc2)C(=O)C2C1(C)CCC1C(=O)OC(c3ccoc3)CC12C
CC1=CC=CC=C1C=CC(=O)NC23CCC(=O)C4C25CCN(C3CC6=C5C(=C(C=C6)O)O4)C,1.3979400086720375,Cc1ccccc1C=CC(=O)NC12CCC(=O)C3Oc4c(O)ccc5c4C31CCN(C)C2C5
CCC12CCN(C(C1C)C(=O)C3=C2C=C(C=C3)N)CC4CC4,-1.7923916894982541,CCC12CCN(CC3CC3)C(C(=O)c3ccc(N)cc31)C2C
CC1CN(CCC1(C)C2=CC(=CC=C2)O)CC(C(C)C)NC(=O)C3CC4=C(CS3)C=C(C=C4)O,-2.0791812460476247,CC(C)C(CN1CCC(C)(c2cccc(O)c2)C(C)C1)NC(=O)C1Cc2ccc(O)cc2CS1
C1CCC(CC1)(C2=CC=CC=C2)N3CCCCC3.Cl,-3.7986506454452686,Cl.c1ccc(C2(N3CCCCC3)CCCCC2)cc1
CC(C1CCCCC1)N2CCC(CC2)N3C(=O)CC4=CC=CC=C43,-1.4471580313422192,CC(C1CCCCC1)N1CCC(N2C(=O)Cc3ccccc32)CC1
COC(=O)CCCCCCCCC(=O)OC1=CC2=C(CC3C4C2(CCCC4)CCN3CC5CCC5)C=C1,-0.9030899869919436,COC(=O)CCCCCCCCC(=O)Oc1ccc2c(c1)C13CCCCC1C(C2)N(CC1CCC1)CC3
COCCOCCOCCOC12CCC3(CC1COCC4=CC=CC=C4)C5CC6=C7C3(C2OC7=C(C=C6)OC)CCN5CC8CC8,-2.1358320497126804,COCCOCCOCCOC12CCC3(CC1COCc1ccccc1)C1Cc4ccc(OC)c5c4C3(CCN1CC1CC1)C2O5
C=C(C(C1=COC=C1)NC(=O)C(CC2=CNC3=CC=CC=C32)NC(=O)C4CCCN4C(=O)C(CC5=CC=C(C=C5)O)N)C(=O)N,1.465973893943865,C=C(C(N)=O)C(NC(=O)C(Cc1c[nH]c2ccccc12)NC(=O)C1CCCN1C(=O)C(N)Cc1ccc(O)cc1)c1ccoc1
COC1=C2C3=C(CC4C56C3(CCN4CC7CC7)C(O2)C(CC5)(C(C6)COCC8=CC=CC=C8)O)C=C1,-1.701308885228075,COc1ccc2c3c1OC1C4(O)CCC5(CC4COCc4ccccc4)C(C2)N(CC2CC2)CCC315
CN1CCC23C4C(=O)CCC2(C1CC5=C3C(=C(C=C5)OC)O)CC4=CC6=CC=CC=C6,-0.8260748027008264,COc1ccc2c(c1O)C13CCN(C)C(C2)C12CCC(=O)C3C(=Cc1ccccc1)C2
C1CCC23CCN(C(C2C1)CC4=C3C=C(C=C4)OC(=O)CCCCCCCC(=O)OC5=CC6=C(CC7C8C6(CCCC8)CCN7CC9CCC9)C=C5)CC1CCC1,-1.041392685158225,O=C(CCCCCCCC(=O)Oc1ccc2c(c1)C13CCCCC1C(C2)N(CC1CCC1)CC3)Oc1ccc2c(c1)C13CCCCC1C(C2)N(CC1CCC1)CC3
C1CCC2(C1)CC(CCO2)(CCNCC3=CC=CC=C3)C4=CC=C(C=C4)F,-2.550466843684004,Fc1ccc(C2(CCNCc3ccccc3)CCOC3(CCCC3)C2)cc1
CCC(C)(C)C(C)(C1CC23CCC1(C4C25CCN(C3CC6=C5C(=C(C=C6)O)O4)CC7CC7)OC)O,-0.7781512503836436,CCC(C)(C)C(C)(O)C1CC23CCC1(OC)C1Oc4c(O)ccc5c4C12CCN(CC1CC1)C3C5
CC(C1CC23C=CC1(C4C25CCN(C3CC6=C5C(=C(C=C6)O)O4)C)OC)OCC7=CC=CC=C7,0.2218487496163564,COC12C=CC3(CC1C(C)OCc1ccccc1)C1Cc4ccc(O)c5c4C3(CCN1C)C2O5
CC12CCC3C(=O)OC(CC3(C1C(=O)C(CC2C(=O)OC)OC(=O)C4=CSC=C4)C)C5=COC=C5,-2.8388490907372548,COC(=O)C1CC(OC(=O)c2ccsc2)C(=O)C2C1(C)CCC1C(=O)OC(c3ccoc3)CC12C
C1CC1CN2CCC34C5C(CCC3(C2CC6=C4C(=C(C=C6)O)O5)O)NC(=O)C7=CC(=NC=C7)Br,-0.07918124604762483,O=C(NC1CCC2(O)C3Cc4ccc(O)c5c4C2(CCN3CC2CC2)C1O5)c1ccnc(Br)c1
CC1C2CC3=C(C1(CCN2CCC4=CC=CC=C4)C)C=C(C=C3)C(=O)N,-0.724275869600789,CC1C2Cc3ccc(C(N)=O)cc3C1(C)CCN2CCc1ccccc1
CC1=CC(=CC=C1)COC2=CC=C(C=C2)C3C4=C(CC(CC4=O)(C)C)OC5=C3C(=O)CC(C5)(C)C,-3.4771212547196626,Cc1cccc(COc2ccc(C3C4=C(CC(C)(C)CC4=O)OC4=C3C(=O)CC(C)(C)C4)cc2)c1
CN(C)CC1CCCCC1(C2=CC(=CC=C2)O)O,-2.255272505103306,CN(C)CC1CCCCC1(O)c1cccc(O)c1
C1CCC2(C1)CC(CCO2)(CCNCC3=CC=CC=C3)C4=CC=CC=N4,-2.800001827817969,c1ccc(CNCCC2(c3ccccn3)CCOC3(CCCC3)C2)cc1
CC1(CCCCCCC1)N2CCC(CC2)N3C4=CC=CC=C4N=C3C5=CC(=C(C=C5)F)Cl,-2.88024177589548,CC1(N2CCC(n3c(-c4ccc(F)c(Cl)c4)nc4ccccc43)CC2)CCCCCCC1
CC1(CCCCCCC1)N2CCC(CC2)N3C4=CC=CC=C4N=C3C5=CC(=CC=C5)C(F)(F)F,-4.0,CC1(N2CCC(n3c(-c4cccc(C(F)(F)F)c4)nc4ccccc43)CC2)CCCCCCC1
CC1=CC=C(S1)CNCCC2(CCOC3(C2)CCCC3)C4=CC=CC=N4,-1.2000292665537704,Cc1ccc(CNCCC2(c3ccccn3)CCOC3(CCCC3)C2)s1
C1CCC23CCN(C(C2C1)CC4=C3C=C(C=C4)C(=O)N)CC5CC5,0.0506099933550872,NC(=O)c1ccc2c(c1)C13CCCCC1C(C2)N(CC1CC1)CC3
COC12CCC3(CC1COCC4=CC=CC=C4)C5CC6=C7C3(C2OC7=C(C=C6)C8=NNN=N8)CCN5CC9CC9,-2.7418367861859765,COC12CCC3(CC1COCc1ccccc1)C1Cc4ccc(-c5nn[nH]n5)c5c4C3(CCN1CC1CC1)C2O5
CC1(C2CC34CCC2(C5C36CCN(C4CC7=C6C(=C(C=C7)O)O5)CC8CC8)OC(O1)C9=CC=CC=C9)C(C)(C)C,-0.7283537820212285,CC(C)(C)C1(C)OC(c2ccccc2)OC23CCC4(CC21)C1Cc2ccc(O)c5c2C4(CCN1CC1CC1)C3O5
CN1CCC23C4C5(CCC2(C1CC6=C3C(=C(C=C6)N)O4)CC5COCC7=CC=CC=C7)OC,-1.7474894922586728,COC12CCC3(CC1COCc1ccccc1)C1Cc4ccc(N)c5c4C3(CCN1C)C2O5
CC1C2CC3=C(C1(CCN2CC4CC4)C)C=C(C=C3)C(=O)NCCC5=CC=C(C=C5)C6=CC=C(C=C6)O,0.3010299956639812,CC1C2Cc3ccc(C(=O)NCCc4ccc(-c5ccc(O)cc5)cc4)cc3C1(C)CCN2CC1CC1
CC12CCC3C(=O)OC(CC3(C1C(=O)C(CC2C(=O)OC)OC(=O)C4=CC5=CC=CC=C5O4)C)C6=COC=C6,-3.2253092817258633,COC(=O)C1CC(OC(=O)c2cc3ccccc3o2)C(=O)C2C1(C)CCC1C(=O)OC(c3ccoc3)CC12C
CC1=CC(=CC(=C1CC(C(=O)N(CC2=CC=CC(=C2)C(=O)O)C(C)C3=NC=C(N3)C4=CC=CC=C4)N)C)C(=O)N,-1.7853298350107671,Cc1cc(C(N)=O)cc(C)c1CC(N)C(=O)N(Cc1cccc(C(=O)O)c1)C(C)c1ncc(-c2ccccc2)[nH]1
C1CC2CC(CC1N2C(C3=CC=CC=C3Cl)C4=CC=CC=C4Cl)(C5=CC=CC=C5)O,-2.5276299008713385,OC1(c2ccccc2)CC2CCC(C1)N2C(c1ccccc1Cl)c1ccccc1Cl
CCOC1=CC=C(C=C1)CC2=NC3=C(N2CCC4CCCN4C)C=CC(=C3)N=C(C5=CC=CS5)N.Cl.Cl,-3.342422680822206,CCOc1ccc(Cc2nc3cc(N=C(N)c4cccs4)ccc3n2CCC2CCCN2C)cc1.Cl.Cl
CC1=CC=CC=C1COC2=CC=C(C=C2)C3C4=C(CC(CC4=O)(C)C)OC5=C3C(=O)CC(C5)(C)C,-3.4149733479708178,Cc1ccccc1COc1ccc(C2C3=C(CC(C)(C)CC3=O)OC3=C2C(=O)CC(C)(C)C3)cc1
CCCNC1CC2CC(C1)(C(CN2CCCC3=CC=CC=C3)C)C4=CC(=CC=C4)O.Cl.Cl,-1.2552725051033058,CCCNC1CC2CC(c3cccc(O)c3)(C1)C(C)CN2CCCc1ccccc1.Cl.Cl
CC(CC1=CSC=C1)NC(=O)NCC(CC2=CC=C(C=C2)O)N(C)C,-0.6627578227124488,CC(Cc1ccsc1)NC(=O)NCC(Cc1ccc(O)cc1)N(C)C
CC1(CC2=C(C(C3=C(O2)CC(CC3=O)(C)C)C4=CC=C(C=C4)OCC5=CC=CC=C5OC(F)(F)F)C(=O)C1)C,-3.3010299956639813,CC1(C)CC(=O)C2=C(C1)OC1=C(C(=O)CC(C)(C)C1)C2c1ccc(OCc2ccccc2OC(F)(F)F)cc1
CN1CCC23C4C5(CCC2(C1CC6=C3C(=C(C=C6)N)O4)CC5COCC7=CC=CC=C7)OC,-1.7474894922586728,COC12CCC3(CC1COCc1ccccc1)C1Cc4ccc(N)c5c4C3(CCN1C)C2O5
C=C(C(C1=CC(=CC=C1)Cl)NC(=O)C(CC2=CNC3=CC=CC=C32)NC(=O)C4CCCN4C(=O)C(CC5=CC=C(C=C5)O)N)C(=O)N,0.14266750356873156,C=C(C(N)=O)C(NC(=O)C(Cc1c[nH]c2ccccc12)NC(=O)C1CCCN1C(=O)C(N)Cc1ccc(O)cc1)c1cccc(Cl)c1
CC1C2C(=O)C3=C(C1(CCN2CC4CC4)C)C=C(C=C3)NC(CO)CO,-2.7634279935629373,CC1C2C(=O)c3ccc(NC(CO)CO)cc3C1(C)CCN2CC1CC1
C1CCC2(C1)CC(CCO2)(CCNCC3=NC=NC=C3)C4=CC=CC=N4,-3.1445103818669,c1ccc(C2(CCNCc3ccncn3)CCOC3(CCCC3)C2)nc1
CC(C(=O)N)NC(C1CC23CCC1(C4C25CCN(C3CC6=C5C(=C(C=C6)OC)O4)CC7CC7)OC)C8=CC=CC=C8,-2.4061994236633133,COc1ccc2c3c1OC1C4(OC)CCC5(CC4C(NC(C)C(N)=O)c4ccccc4)C(C2)N(CC2CC2)CCC315
COC1=C(C=C(C=C1)C2N(CCS2)S(=O)(=O)C3=CC=C(C=C3)Cl)Br,-3.4771212547196626,COc1ccc(C2SCCN2S(=O)(=O)c2ccc(Cl)cc2)cc1Br
COC1=CC=CC(=C1)CNC2=CC3=C(CC4C5C3(CCCC5)CCN4CC6CCC6)C=C2,-0.5797835966168101,COc1cccc(CNc2ccc3c(c2)C24CCCCC2C(C3)N(CC2CCC2)CC4)c1
CC1=CC(=CC(=C1CC(C(=O)NC2CCCCNC(=O)CC(NC(=O)C(NC(=O)C(NC2=O)CC3=CC=CC=C3)CC4=CC=C(C=C4)F)C(=O)N)N)C)O,-0.4435758797502576,Cc1cc(O)cc(C)c1CC(N)C(=O)NC1CCCCNC(=O)CC(C(N)=O)NC(=O)C(Cc2ccc(F)cc2)NC(=O)C(Cc2ccccc2)NC1=O
CN1CCC23C4C5(CCC2(C1CC6=C3C(=C(C=C6)OC)O4)CC5CNC(=O)C=CC7=CC=CC=C7)OC,-2.004321373782642,COc1ccc2c3c1OC1C4(OC)CCC5(CC4CNC(=O)C=Cc4ccccc4)C(C2)N(C)CCC315
CC(=C1CC23CCC(=O)C1C24CCN(C3CC5=C4C(=C(C=C5)OC)O)C)C6=CC=CC=C6,-1.1789769472931697,COc1ccc2c(c1O)C13CCN(C)C(C2)C12CCC(=O)C3C(=C(C)c1ccccc1)C2
CC1=CC(=CC(=C1CC(C(=O)NC2CCCCNC(=O)CC(NC(=O)C(NC(=O)C(NC2=O)CC3=CC=CC=C3)CC4=CC5=CC=CC=C5C=C4)C(=O)N)N)C)O,-0.5581683658698962,Cc1cc(O)cc(C)c1CC(N)C(=O)NC1CCCCNC(=O)CC(C(N)=O)NC(=O)C(Cc2ccc3ccccc3c2)NC(=O)C(Cc2ccccc2)NC1=O
CC1CN(CCC1(C)C2=CC(=CC=C2)O)CC(C(C)C)NC(=O)C3=CC4=C(C=C3)C=C(C=C4)O,-2.0791812460476247,CC(C)C(CN1CCC(C)(c2cccc(O)c2)C(C)C1)NC(=O)c1ccc2cc(O)ccc2c1
CSCCC(C(=O)N)NC(=O)C(CC1=CC=CC=C1)NC(=O)CNC(=O)CNC(=O)C(CC2=CC=C(C=C2)C(=O)N)N,-2.431363764158988,CSCCC(NC(=O)C(Cc1ccccc1)NC(=O)CNC(=O)CNC(=O)C(N)Cc1ccc(C(N)=O)cc1)C(N)=O
CN1CCC23C4C(CCC2(C1CC5=C3C(=C(C=C5)O)O4)O)OCCOC,-1.9294189257142929,COCCOC1CCC2(O)C3Cc4ccc(O)c5c4C2(CCN3C)C1O5
C1CC(C1)CN2CCC34CC(CCC3(C2CC5=C4C(=C(C=C5)C(=O)N)O)O)O,0.03621217265444476,NC(=O)c1ccc2c(c1O)C13CCN(CC4CCC4)C(C2)C1(O)CCC(O)C3
CC(C)CC(C(=O)OCC1CC23CCC1(C4C25CCN(C3CC6=C5C(=C(C=C6)OC)O4)CC7CC7)OC)N,-1.9847522781154128,COc1ccc2c3c1OC1C4(OC)CCC5(CC4COC(=O)C(N)CC(C)C)C(C2)N(CC2CC2)CCC315
CC1=CC(=C(C=C1)N2C3=C(C(=N2)C)C(=O)CC(C3)(C)C)C,-2.568201724066995,Cc1ccc(-n2nc(C)c3c2CC(C)(C)CC3=O)c(C)c1
CC1C2CC3=C(C1(CCN2CC4CCC4)C)C=C(C=C3)C(=O)N,-0.3617278360175928,CC1C2Cc3ccc(C(N)=O)cc3C1(C)CCN2CC1CCC1
CC(C1CC23C4CC5=C6C2(CCN4C)C(C1(CC3O)OC)OC6=C(C=C5)O)O,-1.9493900066449128,COC12CC(O)C3(CC1C(C)O)C1Cc4ccc(O)c5c4C3(CCN1C)C2O5
CC1=CC(=CC(=C1CC(C(=O)N2CCC(C2)C(=O)NC(CC3=CNC4=CC=CC=C43)C(=O)NC(C5=CC=CC=C5)C(=C)C(=O)N)N)C)O,3.9706162223147903,C=C(C(N)=O)C(NC(=O)C(Cc1c[nH]c2ccccc12)NC(=O)C1CCN(C(=O)C(N)Cc2c(C)cc(O)cc2C)C1)c1ccccc1
C1CC1CN2CCC34C5C(CCC3(C2CC6=C4C(=C(C=C6)O)O5)OCCCC7=CC=CC=C7)NCC(=O)O.Cl.Cl,-0.6273658565927327,Cl.Cl.O=C(O)CNC1CCC2(OCCCc3ccccc3)C3Cc4ccc(O)c5c4C2(CCN3CC2CC2)C1O5
COC1=C2C3=C(CC4C56C3(CCN4CC7CC7)C(O2)C(CC5)(C(C6)COCC8=CC=C(C=C8)CC(=O)O)OC)C=C1,-2.976015071686831,COc1ccc2c3c1OC1C4(OC)CCC5(CC4COCc4ccc(CC(=O)O)cc4)C(C2)N(CC2CC2)CCC315
CN1CCC23C4C1CC5=C2C(=C(C=C5)NCC6=CC=CC=C6OC)OC3C(C=C4)O,-2.322219294733919,COc1ccccc1CNc1ccc2c3c1OC1C(O)C=CC4C(C2)N(C)CCC341
CCN(CC)CCN1C2=C(C=CC(=C2)N=C(C3=CC=CS3)N)N=C1CC4=CC=C(C=C4)OCC,-2.230448921378274,CCOc1ccc(Cc2nc3ccc(N=C(N)c4cccs4)cc3n2CCN(CC)CC)cc1
CN1CCC23C4C5(CCC2(C1CC6=C3C(=C(C=C6)OC)O4)CC5CNC(=O)C=CC7=CC=CC=C7OC)OC,-1.944482672150169,COc1ccccc1C=CC(=O)NCC1CC23CCC1(OC)C1Oc4c(OC)ccc5c4C12CCN(C)C3C5
CCC(C)C(C(=O)OCC1CC23CCC1(C4C25CCN(C3CC6=C5C(=C(C=C6)O)O4)CC7CC7)OC)N,-0.7024305364455253,CCC(C)C(N)C(=O)OCC1CC23CCC1(OC)C1Oc4c(O)ccc5c4C12CCN(CC1CC1)C3C5
CC1=CC(=CC(=C1CC(C(=O)N(C)C(C)C(=O)NC2CC3=CC=CC=C3CN(C2=O)CC(=O)N)N)C)O,2.7594507517174005,Cc1cc(O)cc(C)c1CC(N)C(=O)N(C)C(C)C(=O)NC1Cc2ccccc2CN(CC(N)=O)C1=O
C1CCC2(CC1)CC(CCO2)(CCNCC3=CC=CC=C3)C4=CC=C(C=C4)F,-3.62020843135621,Fc1ccc(C2(CCNCc3ccccc3)CCOC3(CCCCC3)C2)cc1
CC1C2CC3=C(C1(CCN2CC4CC4)C)C=C(C=C3)C(=O)NCCC5=CC=C(C=C5)C6=CC=C(C=C6)OC(C)C,-0.3617278360175928,CC(C)Oc1ccc(-c2ccc(CCNC(=O)c3ccc4c(c3)C3(C)CCN(CC5CC5)C(C4)C3C)cc2)cc1
C1CCC2(C1)CC(CCO2)(CCNCC3=CC=CC=C3)C4=CC=CC=N4,-2.0963015747271467,c1ccc(CNCCC2(c3ccccn3)CCOC3(CCCC3)C2)cc1
C=C(C(C1=CC=CC=C1Cl)NC(=O)C(CC2=CNC3=CC=CC=C32)NC(=O)C4CCCN4C(=O)C(CC5=CC=C(C=C5)O)N)C(=O)N,0.07572071393811836,C=C(C(N)=O)C(NC(=O)C(Cc1c[nH]c2ccccc12)NC(=O)C1CCCN1C(=O)C(N)Cc1ccc(O)cc1)c1ccccc1Cl
COC1=C2C3=C(CC4C56C3(CCN4CC7CC7)C(O2)C(CC5)(C(C6CC#N)COCC8=CC=CC=C8)OC)C=C1,-3.3333727024528863,COc1ccc2c3c1OC1C4(OC)CCC5(C(CC#N)C4COCc4ccccc4)C(C2)N(CC2CC2)CCC315
