smiles,value,cano_smiles
CN(C1CCCCC1N2CCCC2)C(=O)CC3=CC4=CC=CC=C4C=C3,-3.866405498378055,CN(C(=O)Cc1ccc2ccccc2c1)C1CCCCC1N1CCCC1
CCCNC1CC2=C3C(=CC=C2)NC(=O)N3C1,-3.015778756389041,CCCNC1Cc2cccc3[nH]c(=O)n(c23)C1
COC1=CC=CC=C1C2=CC=C(N2)CN3CCN(CC3)C4=CC=CC=C4OC,-0.8129133566428556,COc1ccccc1-c1ccc(CN2CCN(c3ccccc3OC)CC2)[nH]1
COC1=CC=CC=C1NCC2CCN(CC2)CC3COC4=CC=CC=C4O3,-1.8388490907372552,COc1ccccc1NCC1CCN(CC2COc3ccccc3O2)CC1
C1CN(CC=C1C2=CC=C(C=C2)Cl)CCCCC3=CC=NC=C3,-2.6589648426644352,Clc1ccc(C2=CCN(CCCCc3ccncc3)CC2)cc1
CC1CC(=O)N(C(=O)C1)CC2=CC(=CC=C2)CN3CCN(CC3)C4=CC=CC=C4OC(C)C.C(CC(=O)O)C(=O)O,-1.230448921378274,CC1CC(=O)N(Cc2cccc(CN3CCN(c4ccccc4OC(C)C)CC3)c2)C(=O)C1.O=C(O)CCC(=O)O
C1CN(CCC1O)CCCCCCOC2=CC3=C(C=C2)OC(=CC3=O)C4=CC=C(C=C4)F,-3.57978359661681,O=c1cc(-c2ccc(F)cc2)oc2ccc(OCCCCCCN3CCC(O)CC3)cc12
CCN1CCCC1CNC(=O)C2=C(C=CC(=C2)I)OC,-0.4771212547196624,CCN1CCCC1CNC(=O)c1cc(I)ccc1OC
C1COC(C2=CC=CC=C21)CCN3CCN(CC3)C4=CC=C(C=C4)F,-2.204119982655925,Fc1ccc(N2CCN(CCC3OCCc4ccccc43)CC2)cc1
CCCN(CCN1CCN(CC1)C2=CC=CC=C2OC)C3CCC4=C(C3)SC(=N4)N,-2.385606273598312,CCCN(CCN1CCN(c2ccccc2OC)CC1)C1CCc2nc(N)sc2C1
CCCN1CCCC(C1)C2=CC(=CC=C2)S(=O)(=O)N(C)C,-3.530199698203082,CCCN1CCCC(c2cccc(S(=O)(=O)N(C)C)c2)C1
CN1CCC2=C(C(=C(C3=C2C1CC4=CC(=C(C=C43)OC)OC)OC)O)I,-2.9190780923760737,COc1cc2c(cc1OC)-c1c(OC)c(O)c(I)c3c1C(C2)N(C)CC3
CN1CCC2=C3C(=CN(C3=CC=C2)C4=CC=C(C=C4)F)C1,-1.919078092376074,CN1CCc2cccc3c2c(cn3-c2ccc(F)cc2)C1
CN(C)CCCCN1CCC2=CC(=C(C=C2C(C1)C3=CC=CC=C3)OC)Cl,-3.961421094066449,COc1cc2c(cc1Cl)CCN(CCCCN(C)C)CC2c1ccccc1
CN1CCC2=C3C1CC4=C5C3=C(C=C2)C(C5=CC=C4)O,-1.3802112417116061,CN1CCc2ccc3c4c2C1Cc1cccc(c1-4)C3O
CCN1CCCC(C1)C2=CC=CC(=C2)C#N,-3.3673559210260184,CCN1CCCC(c2cccc(C#N)c2)C1
C1CN(CCN1CCN2C(=O)C3=C(C=C(N3)C4=CC=CC=C4Cl)NC2=O)C5=CC=CC=C5Cl,-1.443888546777372,O=c1[nH]c2cc(-c3ccccc3Cl)[nH]c2c(=O)n1CCN1CCN(c2ccccc2Cl)CC1
CC1CC(=O)N(C(=O)C1)CC2=CC(=CC=C2)CN3CCN(CC3)C4=CC=CC=C4OC(C)C,-1.230448921378274,CC1CC(=O)N(Cc2cccc(CN3CCN(c4ccccc4OC(C)C)CC3)c2)C(=O)C1
CN1C2=C(C=C(C=C2)CCN3CCN(CC3)CC4=C(C=C(C=C4)Cl)Cl)SC1=O,-2.0,Cn1c(=O)sc2cc(CCN3CCN(Cc4ccc(Cl)cc4Cl)CC3)ccc21
COC1=CC=C(C=C1)C(=O)N2CCC(CC2)CN3CCC(CC3)C4=NOC5=C4C=CC(=C5)F,-3.0759482246440357,COc1ccc(C(=O)N2CCC(CN3CCC(c4noc5cc(F)ccc45)CC3)CC2)cc1
CCCN(CCC)C1CC2=C(C1)C(=CC=C2)OC,-0.6232492903979004,CCCN(CCC)C1Cc2cccc(OC)c2C1
C1CN(CC2=C1NC3=C2C=C(C=C3)F)CCC4=CC=NC=C4,-2.041392685158225,Fc1ccc2[nH]c3c(c2c1)CN(CCc1ccncc1)CC3
CC1=CC=CC=C1CN2CN(C3(C2=O)CCN(CC3)CCCC(=O)C4=CC=C(C=C4)F)C5=CC=CC=C5,1.4814860601221125,Cc1ccccc1CN1CN(c2ccccc2)C2(CCN(CCCC(=O)c3ccc(F)cc3)CC2)C1=O
C1CC2=CC=CC=C2OC1CN3CCC(CC3)CC4=CC=CC=C4,-2.666335426192233,c1ccc(CC2CCN(CC3CCc4ccccc4O3)CC2)cc1
C1CC2C(CCC3=C2C=C(C=C3)O)N(C1)CCN4CCN(CC4)C5=CC=CC=C5,-2.3404441148401185,Oc1ccc2c(c1)C1CCCN(CCN3CCN(c4ccccc4)CC3)C1CC2
CCC1=CC2=C(S1)CNC3C2C4=CC(=C(C=C4CC3)O)O.Br,-2.537819095073274,Br.CCc1cc2c(s1)CNC1CCc3cc(O)c(O)cc3C21
CN1CCC2=C3C1CC4=CC=CC=C4CC3=CC(=C2)OC,-3.9138138523837167,COc1cc2c3c(c1)Cc1ccccc1CC3N(C)CC2
CCN1C=C(N=N1)C2=CC3=C(C=C2)N(C=C3C4CCN(CC4)CCN5CCNC5=O)C6=CC=C(C=C6)F,-1.6334684555795866,CCn1cc(-c2ccc3c(c2)c(C2CCN(CCN4CCNC4=O)CC2)cn3-c2ccc(F)cc2)nn1
CN(C)CCCCCCCCOC1=CC2=C(C=C1)OC(=CC2=O)C3=CC=CC=C3,-3.4471580313422194,CN(C)CCCCCCCCOc1ccc2oc(-c3ccccc3)cc(=O)c2c1
C1CN(CC2=C1N(C3=C2C=C(C=C3)F)C4=CC=C(C=C4)F)CCCCC5=CC=NC6=CC=CC=C56.Cl,-0.0,Cl.Fc1ccc(-n2c3c(c4cc(F)ccc42)CN(CCCCc2ccnc4ccccc24)CC3)cc1
CC1=CC(=O)NC2=C1C=C(C=C2)OCCCCN3CCN(CC3)C4=C5C=CSC5=CC=C4,-0.43136376415898736,Cc1cc(=O)[nH]c2ccc(OCCCCN3CCN(c4cccc5sccc45)CC3)cc12
C1CN(CCN1CCCC(=O)C2=CC=C(C=C2)F)CC3CC4=C(C=CO4)C(=O)C3,-2.6099997038422305,O=C(CCCN1CCN(CC2CC(=O)c3ccoc3C2)CC1)c1ccc(F)cc1
C1CN(CCC1O)CCCOC2=CC3=C(C=C2)OC(=CC3=O)C4=CC=CC=C4,-3.531478917042255,O=c1cc(-c2ccccc2)oc2ccc(OCCCN3CCC(O)CC3)cc12
CCC1=C(NC2=C1C(=O)CC(C2)CN3CCC(CC3)C(=O)C4=CC=C(C=C4)F)C,-2.800015593749216,CCc1c(C)[nH]c2c1C(=O)CC(CN1CCC(C(=O)c3ccc(F)cc3)CC1)C2
CCCN(CCN1CCN(CC1)C2=CC=C(C=C2)C3=CC(=CC=C3)OC)C4CCC5=C(C4)SC(=N5)N,-2.6665179805548807,CCCN(CCN1CCN(c2ccc(-c3cccc(OC)c3)cc2)CC1)C1CCc2nc(N)sc2C1
C1CC2C3=C(CC1N2CCCCC(=O)C4=CC=CC=C4)NC5=C3C=C(C=C5)F,-0.4424797690644485,O=C(CCCCN1C2CCC1c1c([nH]c3ccc(F)cc13)C2)c1ccccc1
CCCNC1CCC2=C(C1)C(=CC=C2)OS(=O)(=O)C(F)(F)F,-3.133538908370217,CCCNC1CCc2cccc(OS(=O)(=O)C(F)(F)F)c2C1
CCCN(CCC)C1CCC2=C(C1)C3=C(CCN3)C=C2,-2.812913356642856,CCCN(CCC)C1CCc2ccc3c(c2C1)NCC3
C[NH2+]CC(C1=CC(=C(C=C1)[O-])O)O,-2.630427875025024,C[NH2+]CC(O)c1ccc([O-])c(O)c1
C1COC(C2=C1C(=C(C=C2)O)O)CN,-3.663700925389648,NCC1OCCc2c1ccc(O)c2O
CC(C)OC1=CC=CC=C1N2CCN(CC2)CC3=CC=C(N3C)C(=O)N4CCCCC4.Cl,-1.0,CC(C)Oc1ccccc1N1CCN(Cc2ccc(C(=O)N3CCCCC3)n2C)CC1.Cl
C1C2C3=C(CC4=C2C(=CC=C4)C(N1)C(C(C(C(F)(F)F)(F)F)(F)F)(F)F)C(=C(C=C3)O)O,-1.8920946026904804,Oc1ccc2c(c1O)Cc1cccc3c1C2CNC3C(F)(F)C(F)(F)C(F)(F)C(F)(F)F
C1CC2C(=O)N(C(=O)N2C1)CC3=CC(=CC=C3)CNCC4CCC5=CC=CC=C5O4.Cl,-1.6020599913279625,Cl.O=C1C2CCCN2C(=O)N1Cc1cccc(CNCC2CCc3ccccc3O2)c1
CCCN(CCN1CCN(CC1)C2=CC=CC=C2)C3CCC4=C(C3)C=CC=C4OS(=O)(=O)C5=CC=C(C=C5)C,-2.8007170782823847,CCCN(CCN1CCN(c2ccccc2)CC1)C1CCc2c(cccc2OS(=O)(=O)c2ccc(C)cc2)C1
CC1=CC=C(C=C1)N(CC2=[NH+]CCN2)C3=CC(=CC=C3)[O-],-3.2137832993353044,Cc1ccc(N(CC2=[NH+]CCN2)c2cccc([O-])c2)cc1
COC1=CC=CC=C1N2CCN(CC2)CCCOC3=CC=C(C=C3)F,-0.5185139398778874,COc1ccccc1N1CCN(CCCOc2ccc(F)cc2)CC1
C1CN(CCC1C2=CN(C3=C2C=C(C=C3)C4=NNN=N4)C5=CC=C(C=C5)F)CCN6CCNC6=O,-2.146128035678238,O=C1NCCN1CCN1CCC(c2cn(-c3ccc(F)cc3)c3ccc(-c4nn[nH]n4)cc23)CC1
C1CN(CC2=C1NC3=C2C=C(C=C3)Cl)CCC4=CC=CC=N4,-2.012837224705172,Clc1ccc2[nH]c3c(c2c1)CN(CCc1ccccn1)CC3
COC1=C(C=C(C2=CC=CC=C21)Br)C(=O)NC3CCN(CC3)C4CCCCCC4,-1.3617278360175928,COc1c(C(=O)NC2CCN(C3CCCCCC3)CC2)cc(Br)c2ccccc12
C1C2=C(C=CC(=C2NC1=O)Cl)OCCNCC3=CC=C(C=C3)Cl,-0.4393326938302626,O=C1Cc2c(OCCNCc3ccc(Cl)cc3)ccc(Cl)c2N1
CCCN(CCCCCCN(CCC)C1CCC2=C(C1)C=CC=C2O)C3CCC4=C(C3)C=CC=C4O,-0.7708520116421442,CCCN(CCCCCCN(CCC)C1CCc2c(O)cccc2C1)C1CCc2c(O)cccc2C1
CC1C2=CC=CC3=C2C(CNC3)C4=C1C(=C(C=C4)O)O,-2.204119982655925,CC1c2cccc3c2C(CNC3)c2ccc(O)c(O)c21
C1CN(CCN1CCOC(C2=CC=C(C=C2)F)C3=CC=C(C=C3)F)CC=CC4=CC=CC=C4,-2.908485018878649,Fc1ccc(C(OCCN2CCN(CC=Cc3ccccc3)CC2)c2ccc(F)cc2)cc1
CN1CCC2=C3C1CC4=C(C3=CC(=C2)SCC(C(=O)O)N)C(=C(C=C4)O)O.Cl.Cl,-1.740362689494244,CN1CCc2cc(SCC(N)C(=O)O)cc3c2C1Cc1ccc(O)c(O)c1-3.Cl.Cl
C1CN(CCC1C2=NOC3=C2C=CC(=C3)F)CC4CC5=C(C(=O)C4)C6=CC=CC=C6N5,-2.149603954933024,O=C1CC(CN2CCC(c3noc4cc(F)ccc34)CC2)Cc2[nH]c3ccccc3c21
C1CC2=CC(=C(C=C2OC1CNCC3=CC=CC=C3)O)Cl,-0.6074550232146685,Oc1cc2c(cc1Cl)CCC(CNCc1ccccc1)O2
C1CN(CC2=C1NC3=C2C=C(C=C3)Cl)CCCCC4=CC=NC=C4,-2.0253058652647704,Clc1ccc2[nH]c3c(c2c1)CN(CCCCc1ccncc1)CC3
CCCN(CCN1CCN(CC1)C2=CN=CC=C2)C3CCC4=C(C3)C=C(C=C4)O,-1.3364597338485296,CCCN(CCN1CCN(c2cccnc2)CC1)C1CCc2ccc(O)cc2C1
CN(C)CCCCCCCCCOC1=CC2=C(C=C1)OC(=CC2=O)C3=CC=CC=C3,-3.342422680822206,CN(C)CCCCCCCCCOc1ccc2oc(-c3ccccc3)cc(=O)c2c1
CC(C)OC1=CC=CC=C1N2CCN(CC2)C(C)C3=CC=CC(=C3)C(=O)N4CCCCC4,-2.0863598306747484,CC(C)Oc1ccccc1N1CCN(C(C)c2cccc(C(=O)N3CCCCC3)c2)CC1
C1=CC=C(C=C1)CN=C(N)NC(=O)C2=C(N=C(C(=N2)Cl)N)N,-3.880813592280792,NC(=NCc1ccccc1)NC(=O)c1nc(Cl)c(N)nc1N
CC1=CC=CC(=C1)C2CN(CCC3=C(C(=C(C=C23)O)O)Cl)CC=C,-2.075546961392531,C=CCN1CCc2c(cc(O)c(O)c2Cl)C(c2cccc(C)c2)C1
CC1=CC(=CC=C1)CN2CCN(CC2)C3=CC=CC=C3OC(C)C,-2.4800069429571505,Cc1cccc(CN2CCN(c3ccccc3OC(C)C)CC2)c1
CCCCCCC1=CC2=C(S1)C3C(CCC4=CC(=C(C=C34)O)O)NC2,-2.7323937598229686,CCCCCCc1cc2c(s1)C1c3cc(O)c(O)cc3CCC1NC2
C1CN(CCC1NC(=O)C2=CC(=CC=C2)I)CC3=CC=CC=C3,-1.3944516808262164,O=C(NC1CCN(Cc2ccccc2)CC1)c1cccc(I)c1
CN1C=CC2=C(C1=O)C=C(C=C2)OCCCN3CCN(CC3)C4=C5C=CSC5=CC=C4,-0.0,Cn1ccc2ccc(OCCCN3CCN(c4cccc5sccc45)CC3)cc2c1=O
CC(C)OC1=CC=CC=C1N2CCN(CC2)CC3=CC=CC(=C3)C(=O)N(C)C4CCCCC4,-0.7323937598229685,CC(C)Oc1ccccc1N1CCN(Cc2cccc(C(=O)N(C)C3CCCCC3)c2)CC1
CC1=CC(=O)OC2=C1C=CC(=C2)OCCCCN3CCN(CC3)C4=CC=CC=C4OC,-0.146128035678238,COc1ccccc1N1CCN(CCCCOc2ccc3c(C)cc(=O)oc3c2)CC1
C1CCN(CC1)CCCCCCOC2=CC3=C(C=C2)OC(=CC3=O)C4CCCC4,-3.505149978319906,O=c1cc(C2CCCC2)oc2ccc(OCCCCCCN3CCCCC3)cc12
C1CN(CC(C2=CC(=C(C=C21)Cl)O)C3=CC=CC=C3)C(=O)CCCN,-3.869818207979328,NCCCC(=O)N1CCc2cc(Cl)c(O)cc2C(c2ccccc2)C1
C1COC2=C(C=C(C=C2C1=O)F)OCCNCCCCC3=CC=C(C=C3)C#N,-1.847572659142112,N#Cc1ccc(CCCCNCCOc2cc(F)cc3c2OCCC3=O)cc1
CCC1=CC(=C(C(=C1O)C(=O)NCC2CCCN2CC)OC)Br,-0.3617278360175928,CCc1cc(Br)c(OC)c(C(=O)NCC2CCCN2CC)c1O
CN1CCC(=C2C3=CC=CC=C3C=CC4=C2C=C(C=C4)Br)CC1,-0.6020599913279624,CN1CCC(=C2c3ccccc3C=Cc3ccc(Br)cc32)CC1
C1CN(CCN1CCCCNC(=O)C2=CC=C(C=C2)I)C3=C(C(=CC=C3)Cl)Cl,-1.9420080530223127,O=C(NCCCCN1CCN(c2cccc(Cl)c2Cl)CC1)c1ccc(I)cc1
CC1(OC2=C(O1)C(=CC=C2)OCCNCC3=CC=CC(=C3)C4=CCCC4)C,-0.08990511143939793,CC1(C)Oc2cccc(OCCNCc3cccc(C4=CCCC4)c3)c2O1
C1CC2=CC=CC=C2OC1CNCC3=CC=CC=C3,-1.7075701760979365,c1ccc(CNCC2CCc3ccccc3O2)cc1
C1CC2=C(C=C(C=C2)O)OC1CN3CCC4=CC=CC=C4C3.C(=O)(C(=O)O)O,-0.34242268082220617,O=C(O)C(=O)O.Oc1ccc2c(c1)OC(CN1CCc3ccccc3C1)CC2
CN1CCC2=C3C(C1)CN(C3=CC=C2)C4=CC=C(C=C4)F,-0.9637878273455552,CN1CCc2cccc3c2C(C1)CN3c1ccc(F)cc1
C1CC2=C(C=C(C=C2)O)OC1CNCCCOC3=CC=CC=C3.C(=O)(C(=O)O)O,-0.5563025007672873,O=C(O)C(=O)O.Oc1ccc2c(c1)OC(CNCCCOc1ccccc1)CC2
CCCN1CCC2C1CC3=C(C2)C(=CC=C3)O,-0.3010299956639812,CCCN1CCC2Cc3c(O)cccc3CC21
CCCC1=CSC2=C1CNC3C2C4=CC(=C(C=C4CC3)O)O.Cl,-1.7075701760979365,CCCc1csc2c1CNC1CCc3cc(O)c(O)cc3C21.Cl
C1CC(=O)N(C1=O)CCCCN2CCN(CC2)C3=CC(=CC=C3)Cl,-3.89209460269048,O=C1CCC(=O)N1CCCCN1CCN(c2cccc(Cl)c2)CC1
C=CCN1CCC2=C(CC1)SC(=N2)N,-3.131265696780032,C=CCN1CCc2nc(N)sc2CC1
C1CC2=C(C=C(C=C2)O)OC1CNCCCCC3=CC=CC=C3.C(=O)(C(=O)O)O,-0.3617278360175928,O=C(O)C(=O)O.Oc1ccc2c(c1)OC(CNCCCCc1ccccc1)CC2
C1CN(CCC1CCN2CCN(CC2)C3=CC=C(C=C3)Cl)S(=O)(=O)C4=CC5=CC=CC=C5N=C4,-1.7481880270062005,O=S(=O)(c1cnc2ccccc2c1)N1CCC(CCN2CCN(c3ccc(Cl)cc3)CC2)CC1
CCCN(CCC)C1CCC2=C(C1)C=C3C(=C2)C=CN3,-2.544068044350276,CCCN(CCC)C1CCc2cc3cc[nH]c3cc2C1
COC1=CC=CC=C1N2CCN(CC2)CCN3C(=C4CCCCN4C3=O)O,-2.39093510710338,COc1ccccc1N1CCN(CCn2c(O)c3n(c2=O)CCCC3)CC1
C1CN(CC=C1C2=COC3=C2C=CC(=C3)F)CCC4C5=C(CCO4)C=C(C=C5)C(=O)N,-1.3222192947339193,NC(=O)c1ccc2c(c1)CCOC2CCN1CC=C(c2coc3cc(F)ccc23)CC1
CCCNC1CCC2=C(C1)C3=C(C=C2)NC=C3,-1.6812412373755872,CCCNC1CCc2ccc3[nH]ccc3c2C1
C1CC2=C(C1)C(=O)OC3=CC(=C(C=C23)Cl)OCCCCN4CCC(CC4)C5=NOC6=C5C=CC(=C6)F,-2.1640552918934515,O=c1oc2cc(OCCCCN3CCC(c4noc5cc(F)ccc45)CC3)c(Cl)cc2c2c1CCC2
C1CC2CC(CC1N2CC3=CC=CC=C3)NC(=O)C4=CC=CC5=CC=CC=C54,-3.462397997898956,O=C(NC1CC2CCC(C1)N2Cc1ccccc1)c1cccc2ccccc12
CN1CNC(=O)C12CCN(CC2)CCCOC3=CC=C(C=C3)F,-2.8656960599160706,CN1CNC(=O)C12CCN(CCCOc1ccc(F)cc1)CC2
C1CC2C3=C(CC1N2CCCCC4=CC=CC=C4)NC5=C3C=C(C=C5)F,-2.8859263398014314,Fc1ccc2[nH]c3c(c2c1)C1CCC(C3)N1CCCCc1ccccc1
CCCN1CCC2=CC(=C(C=C2C1C3=CC=CC=C3)O)Cl,-3.2799998363610787,CCCN1CCc2cc(Cl)c(O)cc2C1c1ccccc1
CN1CCN(CC1)C2=NC3=C(NC4=C2C=C(C=C4)Cl)N=CC=C3,-2.071882007306125,CN1CCN(C2=Nc3cccnc3Nc3ccc(Cl)cc32)CC1
C1CC2=C(CC1N(CCN3CCN(CC3)C4=C(C5=C(C=C4)NC=C5)Cl)CC#N)SC(=N2)N.C(=O)(C(F)(F)F)O,-1.9370161074648145,N#CCN(CCN1CCN(c2ccc3[nH]ccc3c2Cl)CC1)C1CCc2nc(N)sc2C1.O=C(O)C(F)(F)F
CC(C)OC1=CC=CC=C1N2CCN(CC2)CC3=CC(=CC=C3)CNC4=CC(=O)N(C(=O)N4C)C.C(CC(=O)O)C(=O)O,-1.812913356642856,CC(C)Oc1ccccc1N1CCN(Cc2cccc(CNc3cc(=O)n(C)c(=O)n3C)c2)CC1.O=C(O)CCC(=O)O
C1CC2=C(C=C(C=C2)O)OC1CNCCCC3=CC=CC=C3.C(=O)(C(=O)O)O,-0.8419848045901139,O=C(O)C(=O)O.Oc1ccc2c(c1)OC(CNCCCc1ccccc1)CC2
CCCN(CCN1CCN(CC1)CC2=CC3=C(C=C2)NC=C3)C4CCC5=C(C4)SC(=N5)N,-2.12057393120585,CCCN(CCN1CCN(Cc2ccc3[nH]ccc3c2)CC1)C1CCc2nc(N)sc2C1
CCN1CCCC(C1)C2=CC(=CC=C2)OS(=O)(=O)C(F)(F)F,-3.071882007306125,CCN1CCCC(c2cccc(OS(=O)(=O)C(F)(F)F)c2)C1
CCCN1CC2=C(C=CC=C2C)C3C1CCC4=CC(=C(C=C34)O)O,-2.075546961392531,CCCN1Cc2c(C)cccc2C2c3cc(O)c(O)cc3CCC21
CCCN(CCCCN1C(=O)CC(CC1=O)(C)C)C2CCC3=C(C2)C4=C(C=C3)NC=C4C=O.O,-2.9339931638312424,CCCN(CCCCN1C(=O)CC(C)(C)CC1=O)C1CCc2ccc3[nH]cc(C=O)c3c2C1.O
C1CC(=CCC1CCN2CCN(CC2)C3=CC=CC=N3)C4=CNC5=CC=CC=C54,-2.431363764158988,C1=C(c2c[nH]c3ccccc23)CCC(CCN2CCN(c3ccccn3)CC2)C1
CN1CCC2=CC=CC3=C2C1CC4=C(C=CC(=C43)OC)OC,-2.322219294733919,COc1ccc(OC)c2c1CC1c3c(cccc3-2)CCN1C
CCCN(CCN1CCN(CC1)C2=CC=CC=C2)C3CCC4=C(C3)SC(=N4)N,-3.2964457942063965,CCCN(CCN1CCN(c2ccccc2)CC1)C1CCc2nc(N)sc2C1
CCCN(CCN1CCN(CC1)CC2=CC3=C(C=C2)NC=C3)C4CCC5=C(C4)C=CC=C5O,-2.4297522800024085,CCCN(CCN1CCN(Cc2ccc3[nH]ccc3c2)CC1)C1CCc2c(O)cccc2C1
CCCN(CCC)CCC1=CC(=C(C=C1)O)O,-1.3500540935790304,CCCN(CCC)CCc1ccc(O)c(O)c1
C1CN(CCN1CCCOC2=CC3=C(C=C2)NC(=S)N3)C4=CC=CC(=C4)C(F)(F)F,-2.5600023267733665,FC(F)(F)c1cccc(N2CCN(CCCOc3ccc4[nH]c(=S)[nH]c4c3)CC2)c1
CN1C2=C(C=C(C=C2)CCCCN3CCN(CC3)CC4=CC(=C(C=C4)Cl)Cl)SC1=O,-2.0,Cn1c(=O)sc2cc(CCCCN3CCN(Cc4ccc(Cl)c(Cl)c4)CC3)ccc21
COC1=CC=CC2=C1CCCC2CCCCCCN3CCN(CC3)C4CCCCC4,-3.5415792439465807,COc1cccc2c1CCCC2CCCCCCN1CCN(C2CCCCC2)CC1
CC1CN(CCN1CCC2C3=C(CO2)C=C(C=C3)C(=O)N)C4=CC=CC5=C4C=CC(=C5)C#N,-2.5390760987927767,CC1CN(c2cccc3cc(C#N)ccc23)CCN1CCC1OCc2cc(C(N)=O)ccc21
CCCN(CCC)C1CC2=C3C(=CC=C2)COC(=O)N3C1.Cl,-2.4653828514484184,CCCN(CCC)C1Cc2cccc3c2N(C1)C(=O)OC3.Cl
COC1=CC2=C(CN3CCC4=CC5=C(C=C4C3C2)OCO5)C=C1,-3.0932728087163794,COc1ccc2c(c1)CC1c3cc4c(cc3CCN1C2)OCO4
COC1=CC=C(C=C1)CCNCCOC2=C3C(=CC(=C2)F)C(CCO3)O,-0.4756711883244297,COc1ccc(CCNCCOc2cc(F)cc3c2OCCC3O)cc1
C1CN(CCN1CC2=CC3=C(C=C2)OCO3)C4=NC=CC=N4,-2.259999795081886,c1cnc(N2CCN(Cc3ccc4c(c3)OCO4)CC2)nc1
COC1=C(C=C(C2=CC=CC=C21)Br)C(=O)NC3CCN(C3)C4C5CCCC4CCC5,-2.12057393120585,COc1c(C(=O)NC2CCN(C3C4CCCC3CCC4)C2)cc(Br)c2ccccc12
CC(C)OC1=CC=CC=C1N2CCN(CC2)CC3=CC=C(S3)C(=O)N4CCCCC4.C(CC(=O)O)C(=O)O,-1.5185139398778875,CC(C)Oc1ccccc1N1CCN(Cc2ccc(C(=O)N3CCCCC3)s2)CC1.O=C(O)CCC(=O)O
CCCN1CCC2=CC(=CC3=C2C1CC4=C3C(=C(C=C4)O)O)C5=CC=CC=C5.Cl,-2.2833012287035497,CCCN1CCc2cc(-c3ccccc3)cc3c2C1Cc1ccc(O)c(O)c1-3.Cl
C1CN(CC=C1C2=CC=CC=C2)CCC#CC3=CC=CC=C3,-2.4516636494104094,C(#Cc1ccccc1)CCN1CC=C(c2ccccc2)CC1
C1CN(CCC1O)CCCCCCOC2=CC=CC3=C2C(=O)C=C(O3)C4=CC=CC=C4,-3.785329835010767,O=c1cc(-c2ccccc2)oc2cccc(OCCCCCCN3CCC(O)CC3)c12
CC1=CC=C(C=C1)C2CN(CCC3=C(C(=C(C=C23)O)O)Br)CC=C,-3.2317243833285163,C=CCN1CCc2c(cc(O)c(O)c2Br)C(c2ccc(C)cc2)C1
CN(CCC1=CC(=C(C=C1)Cl)Cl)CCN2CCCCCC2,-3.8294324336175984,CN(CCc1ccc(Cl)c(Cl)c1)CCN1CCCCCC1
C1CN(CC2C1N3CCN(C4=CC=CC2=C43)CC5=CC=CC=C5)CCCC(=O)C6=CC=C(C=C6)F,-1.934498451243568,O=C(CCCN1CCC2C(C1)c1cccc3c1N2CCN3Cc1ccccc1)c1ccc(F)cc1
C1CN(CCN1CCCOC2=NN(C(=O)C=C2)C3=CC(=C(C=C3)Cl)Cl)C4=COC5=C4C=C(C=C5)C(=O)N,-2.5786392099680717,NC(=O)c1ccc2occ(N3CCN(CCCOc4ccc(=O)n(-c5ccc(Cl)c(Cl)c5)n4)CC3)c2c1
C1CN(CCN1CCCCNC(=O)C2=CC3=CC=CC=C3S2)C4=C(C(=CC=C4)Cl)Cl,-3.5563025007672877,O=C(NCCCCN1CCN(c2cccc(Cl)c2Cl)CC1)c1cc2ccccc2s1
CN1CCC2=C(C(=C(C3=C2C1CC4=CC(=C(C=C43)OC)OC)OC)OC)I,-3.653212513775344,COc1cc2c(cc1OC)-c1c(OC)c(OC)c(I)c3c1C(C2)N(C)CC3
COC1=CC=CC(=C1)C(=O)CCCCN2CCN(CC2)C3=CC=CC=C3OC,-1.7481880270062005,COc1cccc(C(=O)CCCCN2CCN(c3ccccc3OC)CC2)c1
CCCN1CCC2=C3C1CC4=C(C3=CC(=C2)OCCF)C(=C(C=C4)O)O,-2.6962252941561218,CCCN1CCc2cc(OCCF)cc3c2C1Cc1ccc(O)c(O)c1-3
CN1CCN2C3CCN(CC3C4=C2C1=CC=C4)CCCC(=O)C5=CC=CC=C5,-1.6334684555795866,CN1CCN2c3c(cccc31)C1CN(CCCC(=O)c3ccccc3)CCC12
C1CC2=C(C=C(C=C2)O)OC1CNCC3=CC=CS3.C(=O)(C(=O)O)O,-0.2304489213782739,O=C(O)C(=O)O.Oc1ccc2c(c1)OC(CNCc1cccs1)CC2
COC1=CC=CC=C1N2CCN(CC2)CCCCNC(=O)C3=NC4=CC=CC=C4N5C3=CC=C5,-1.7708520116421442,COc1ccccc1N1CCN(CCCCNC(=O)c2nc3ccccc3n3cccc23)CC1
CN1CCC2=C3C1CC4=C(C=CC(=C4)O)OC3=CC=C2,-2.8573324964312685,CN1CCc2cccc3c2C1Cc1cc(O)ccc1O3
C1CN(CCC1CNCC2COC3=CC=CC=C3O2)C4=C5C(=CC=C4)OCCO5,-1.3617278360175928,c1ccc2c(c1)OCC(CNCC1CCN(c3cccc4c3OCCO4)CC1)O2
C1CNC2CC3=C(C4=C2C1=CC=C4)C(=C(C=C3)O)O.Cl,-3.0755469613925306,Cl.Oc1ccc2c(c1O)-c1cccc3c1C(C2)NCC3
CN1C2=C(C(=O)N(C1=O)C)N(C=N2)CCCCCN3CCN(CC3)C4=CC=CC=C4.Cl,-2.5514499979728757,Cl.Cn1c(=O)c2c(ncn2CCCCCN2CCN(c3ccccc3)CC2)n(C)c1=O
C1CC2=C(C=C(C=C2)O)OC1CNCCC3=CC=CC=C3.C(=O)(C(=O)O)O,-1.1335389083702174,O=C(O)C(=O)O.Oc1ccc2c(c1)OC(CNCCc1ccccc1)CC2
CCN1CCCC1CNC(=O)C2=CC(=CC3=C2OC(C3)C)S(=O)(=O)N,-1.3222192947339193,CCN1CCCC1CNC(=O)c1cc(S(N)(=O)=O)cc2c1OC(C)C2
C1CN(CCC1CN2CCC(CC2)C3=NOC4=C3C=CC(=C4)F)C(=O)C5=CC=C(C=C5)F,-1.938519725176492,O=C(c1ccc(F)cc1)N1CCC(CN2CCC(c3noc4cc(F)ccc34)CC2)CC1
C1CN(CCN1)C2=NC3=CC=CC=C3OC4=C2C=C(C=C4)Cl,-1.3010299956639813,Clc1ccc2c(c1)C(N1CCNCC1)=Nc1ccccc1O2
C1CNC(C2=CC(=C(C=C21)Cl)O)CC3=CC=CC=C3,-1.8219718176420427,Oc1cc2c(cc1Cl)CCNC2Cc1ccccc1
CCCN(CC=CI)C1CCC2=C(C1)C=C(C=C2)O,-2.423245873936808,CCCN(CC=CI)C1CCc2ccc(O)cc2C1
CN1CCCN(CC1)C2CN3C=CC=C3SC4=C2C=C(C=C4)Cl,-1.4771212547196624,CN1CCCN(C2Cn3cccc3Sc3ccc(Cl)cc32)CC1
C1CN(CC2=C1NC3=C2C=C(C=C3)F)CCCC(C4=CC=C(C=C4)F)C5=CC=C(C=C5)F.Cl,-1.2552725051033058,Cl.Fc1ccc(C(CCCN2CCc3[nH]c4ccc(F)cc4c3C2)c2ccc(F)cc2)cc1
CC(C)OC1=CC=CC=C1N2CCN(CC2)CC3=CC=CC=C3C(=O)N4CCCCC4,-1.568201724066995,CC(C)Oc1ccccc1N1CCN(Cc2ccccc2C(=O)N2CCCCC2)CC1
C1CC2C3C(C1O2)C(=O)N(S3(=O)=O)CCCCN4CCN(CC4)C5=NC=CN=C5Cl.Cl,-3.5185139398778875,Cl.O=C1C2C3CCC(O3)C2S(=O)(=O)N1CCCCN1CCN(c2nccnc2Cl)CC1
COC1=CC=CC=C1N2CCN(CC2)CCC=CC3=CC=C(C=C3)F,-0.6127838567197355,COc1ccccc1N1CCN(CCC=Cc2ccc(F)cc2)CC1
CCC[NH+]1CCC2=CC=CC3=C2C1CC4=C3C(=C(C=C4)O)O.[Cl-],0.0969100130080564,CCC[NH+]1CCc2cccc3c2C1Cc1ccc(O)c(O)c1-3.[Cl-]
COC1=CC=CC2=C1N3CCN(CC3=C2)CCCCN4CCN5C6=CC=CC=C6C=C5C4=O,-3.5477747053878224,COc1cccc2cc3n(c12)CCN(CCCCN1CCn2c(cc4ccccc42)C1=O)C3
COC1=CC=CC2=C1CCCC2CCCN3CCN(CC3)C4CCCCC4,-2.781036938621132,COc1cccc2c1CCCC2CCCN1CCN(C2CCCCC2)CC1
CCCCC1C2=CC(=C(C=C2CCN1)Cl)O,-1.8829796540372992,CCCCC1NCCc2cc(Cl)c(O)cc21
CN1C2=C(N=CC=C2)N=C1CN3CCC(CC3)C4=C(C=C(C=C4)C(F)(F)F)F,-3.2504200023088936,Cn1c(CN2CCC(c3ccc(C(F)(F)F)cc3F)CC2)nc2ncccc21
CC1CCN(CC1)CCCC(=O)C2=CC=C(C=C2)F,-2.2994201259820293,CC1CCN(CCCC(=O)c2ccc(F)cc2)CC1
CCCN(CC)C1CC2=CC(=C(C=C2C1)OC)OC,-2.5728716022004803,CCCN(CC)C1Cc2cc(OC)c(OC)cc2C1
COC1=CC=CC(=C1)C(=O)NCCN2CCN(CC2)C3=CC=CC=C3OC,-2.14921911265538,COc1cccc(C(=O)NCCN2CCN(c3ccccc3OC)CC2)c1
C1CCN(CC1)C(=O)C2=CC(=CC=C2)CN3CCN(CC3)C4=CC=CC(=C4)C(F)(F)F,-2.833784374656479,O=C(c1cccc(CN2CCN(c3cccc(C(F)(F)F)c3)CC2)c1)N1CCCCC1
CCCN(CCC)C1CCC2=C(C1)C=CC=C2OS(=O)(=O)C(F)(F)F,-1.662757831681574,CCCN(CCC)C1CCc2c(cccc2OS(=O)(=O)C(F)(F)F)C1
COC1=CC=CC(=C1OC)C(=O)NC2CC3CCC(C2)N3CC4=CC=CO4,-1.4199557484897578,COc1cccc(C(=O)NC2CC3CCC(C2)N3Cc2ccco2)c1OC
CN1C2=C(C(=O)N(C1=O)C)N(C=N2)CCCCN3CCN(CC3)C4=C(C(=CC=C4)Cl)Cl.Cl,-1.1760912590556811,Cl.Cn1c(=O)c2c(ncn2CCCCN2CCN(c3cccc(Cl)c3Cl)CC2)n(C)c1=O
CN1CCN2C3CCN(CC3C4=C2C1=CC=C4)CCCC(=O)C5=CC=C(C=C5)F,-1.977723605288848,CN1CCN2c3c(cccc31)C1CN(CCCC(=O)c3ccc(F)cc3)CCC12
CC(C)C(=O)N(CC1=CC=C(N1C)CN2CCN(CC2)C3=CC=CC=C3OC(C)C)C(C)C,-1.9084850188786493,CC(C)Oc1ccccc1N1CCN(Cc2ccc(CN(C(=O)C(C)C)C(C)C)n2C)CC1
CC(C)CNCC1CCC2=C(O1)C=C(C=C2)O,-2.2786392978907397,CC(C)CNCC1CCc2ccc(O)cc2O1
C1CC2C3=C(CC1N2CCN4CC5=CC=CC=C5C4)NC6=CC=CC=C63,-3.3010299956639813,c1ccc2c(c1)CN(CCN1C3CCC1c1c([nH]c4ccccc14)C3)C2
CCCCN1CCC(CC1)COC(=O)C2=CC(=C(C3=C2OCCO3)N)F,-2.7888751157754172,CCCCN1CCC(COC(=O)c2cc(F)c(N)c3c2OCCO3)CC1
C=CCN1CCC2C1CC3=C(C2)C(=CC=C3)O,-1.6720978579357175,C=CCN1CCC2Cc3c(O)cccc3CC21
CN1C=NN=C1C2=CC3=C(C=C2)N(C=C3C4CCN(CC4)CCN5CCNC5=O)C6=CC=C(C=C6)F,-2.633468455579586,Cn1cnnc1-c1ccc2c(c1)c(C1CCN(CCN3CCNC3=O)CC1)cn2-c1ccc(F)cc1
CN1CCN(CC1)C2CN3C=CC=C3SC4=C2C=C(C=C4)Cl,-1.6972293427597176,CN1CCN(C2Cn3cccc3Sc3ccc(Cl)cc32)CC1
CC1=CC(=O)OC2=C1C=CC(=C2)OCCCCN3CCC(CC3)C4=NOC5=C4C=CC(=C5)F,-0.6901960800285137,Cc1cc(=O)oc2cc(OCCCCN3CCC(c4noc5cc(F)ccc45)CC3)ccc12
C1CN(CCN1CC2CC3=C(C=CO3)C(=O)C2)C4=NC=CC=N4,-3.8600000239347736,O=C1CC(CN2CCN(c3ncccn3)CC2)Cc2occc21
CCN1CCC2=C3C1CC4=C(C3=CC(=C2)OCCCF)C(=C(C=C4)O)O,-2.9047425864344385,CCN1CCc2cc(OCCCF)cc3c2C1Cc1ccc(O)c(O)c1-3
C1CN(CC=C1C2=CC3=C(C=C2)C=C(C=C3)F)CCC4C5=C(CCO4)C=C(C=C5)C(=O)N,-2.6910814921229687,NC(=O)c1ccc2c(c1)CCOC2CCN1CC=C(c2ccc3cc(F)ccc3c2)CC1
C1CC2=C(C=C(C=C2)O)OC1CNCC3=CC=C(C=C3)F.C(=O)(C(=O)O)O,-1.5422027824340283,O=C(O)C(=O)O.Oc1ccc2c(c1)OC(CNCc1ccc(F)cc1)CC2
C1CC(C(=O)C2=CC=CC=C2C1)CCN3CCC(CC3)C(=O)C4=CC=C(C=C4)F,-1.6699673699085043,O=C(c1ccc(F)cc1)C1CCN(CCC2CCCc3ccccc3C2=O)CC1
C1CN(CCC1(CNCC2=CC=CC(=N2)C3=CC=CO3)F)C(=O)C4=CC(=C(C=C4)Cl)Cl,-3.0799983980783527,O=C(c1ccc(Cl)c(Cl)c1)N1CCC(F)(CNCc2cccc(-c3ccco3)n2)CC1
C1CC2CC3=C(C(C1)N2CCCCC(=O)C4=CC=CC=C4)C5=C(N3)C=CC(=C5)F,-1.8573324964312683,O=C(CCCCN1C2CCCC1c1c([nH]c3ccc(F)cc13)C2)c1ccccc1
CN1CCC2=CC(=C(C3=C2C(=CN3C4=CC=C(C=C4)F)C1)OC)OC,-2.568201724066995,COc1cc2c3c(cn(-c4ccc(F)cc4)c3c1OC)CN(C)CC2
C1CN(CC=C1C2=CC=CC=C2)CCCCCCC3=CNC4=CC=CC=C43,-0.6334684555795865,C1=C(c2ccccc2)CCN(CCCCCCc2c[nH]c3ccccc23)C1
C=CCN1CCC2C1CCC3=C2C=CC=C3O,-2.413299764081252,C=CCN1CCC2c3cccc(O)c3CCC21
C1CN(CCC1C2=NOC3=C2C=CC(=C3)F)CCCCOC4=CC=C(C=C4)C5=NC6=CC=CC=C6O5,-3.342027688087472,Fc1ccc2c(C3CCN(CCCCOc4ccc(-c5nc6ccccc6o5)cc4)CC3)noc2c1
CCN1CCCC1CNC(=O)C2=C(C=CC(=C2I)S(=O)(=O)N)OC,-0.17609125905568124,CCN1CCCC1CNC(=O)c1c(OC)ccc(S(N)(=O)=O)c1I
CCN(CC)CCCCCCOC1=CC2=C(C=C1)OC(=CC2=O)C3=CC=CC=C3,-3.5563025007672877,CCN(CC)CCCCCCOc1ccc2oc(-c3ccccc3)cc(=O)c2c1
C1CN(CCN1CCCCN2C=CC3=C(C2=O)C=C(C=C3)O)C4=C5C=CSC5=CC=C4,-0.07918124604762483,O=c1c2cc(O)ccc2ccn1CCCCN1CCN(c2cccc3sccc23)CC1
CCCC1=CC=CC(=C1)C2CCCN(C2)CCC,-2.593286067020457,CCCc1cccc(C2CCCN(CCC)C2)c1
COC1=C(C=C(C2=CC=CC=C21)Br)C(=O)NC3CCN(CC3)C4CCCCC4,-1.9731278535996983,COc1c(C(=O)NC2CCN(C3CCCCC3)CC2)cc(Br)c2ccccc12
C1CC2C1C3C=CC2C4C3C(=O)N(C4=O)CCCCN5CCN(CC5)C6=CN=CC(=N6)Cl,-2.6159500516564007,O=C1C2C3C=CC(C4CCC34)C2C(=O)N1CCCCN1CCN(c2cncc(Cl)n2)CC1
C1CN(CCN1CCCCOC2=CC3=C(C=CC=N3)C=C2)C4=C(C(=CC=C4)Cl)Cl,-1.7993405494535817,Clc1cccc(N2CCN(CCCCOc3ccc4cccnc4c3)CC2)c1Cl
C1CN(CCN1CCCN2C3=CC=CC=C3SC4=C2C=C(C=C4)C(F)(F)F)CCO,0.3010299956639812,OCCN1CCN(CCCN2c3ccccc3Sc3ccc(C(F)(F)F)cc32)CC1
CC(C)OC1=CC=CC=C1N2CCN(CC2)CC3=CC=CC(=C3)C(=O)N4CCCCC4,-0.3424226808222063,CC(C)Oc1ccccc1N1CCN(Cc2cccc(C(=O)N3CCCCC3)c2)CC1
CCCN(CCN1CCN(CC1)C2=CC=C(C=C2)C3=CC=CC=C3OC)C4CCC5=C(C4)SC(=N5)N,-2.437750562820388,CCCN(CCN1CCN(c2ccc(-c3ccccc3OC)cc2)CC1)C1CCc2nc(N)sc2C1
CCCN1CCCC(C1)C2=CC(=CC=C2)OS(=O)(=O)C(F)(F)F,-2.6106601630898796,CCCN1CCCC(c2cccc(OS(=O)(=O)C(F)(F)F)c2)C1
C1CC2=CC(=C(C=C2C3C1NCC4=CSC=C34)O)O.Br,-3.012837224705172,Br.Oc1cc2c(cc1O)C1c3cscc3CNC1CC2
C1CN(CCN1CCCOC2=CC=CC3=C2N=CC=C3)C4=C5C=CSC5=CC=C4,-0.6020599913279624,c1cnc2c(OCCCN3CCN(c4cccc5sccc45)CC3)cccc2c1
CCCN(CCN1CCN(CC1)C2=CC=C(C=C2)C3=CC(=CC=C3)O)C4CCC5=C(C4)SC(=N5)N,-3.178113252314632,CCCN(CCN1CCN(c2ccc(-c3cccc(O)c3)cc2)CC1)C1CCc2nc(N)sc2C1
CN1C2=C(C(=O)N(C1=O)C)N3C=C(C(=NC3=N2)NCCN4CCN(CC4)C5=CC(=CC=C5)Cl)Br,-2.2174839442139063,Cn1c(=O)c2c(nc3nc(NCCN4CCN(c5cccc(Cl)c5)CC4)c(Br)cn32)n(C)c1=O
C1CN(CCN1CCCOC2=CC=C(C=C2)C3=NC4=CC=CC=C4O3)C5=NSC6=CC=CC=C65,-2.944013578266629,c1ccc2oc(-c3ccc(OCCCN4CCN(c5nsc6ccccc56)CC4)cc3)nc2c1
CC(C)OC1=CC=CC=C1N2CCN(CC2)CC3=CC(=CC=C3)S(=O)(=O)N4CCCCC4,-0.04139268515822507,CC(C)Oc1ccccc1N1CCN(Cc2cccc(S(=O)(=O)N3CCCCC3)c2)CC1
CCCCNCCOC1=C2CC(=O)NC2=C(C=C1)Cl,-0.8876173003357362,CCCCNCCOc1ccc(Cl)c2c1CC(=O)N2
COC1=CC=CC2=C1CCCC2CN3CCN(CC3)C4CCCCC4,-3.629409599102719,COc1cccc2c1CCCC2CN1CCN(C2CCCCC2)CC1
C1COC2=C(C=C(C=C2C1=O)F)OCCNCCCCC3=CC=C(C=C3)O,-1.3673559210260189,O=C1CCOc2c(OCCNCCCCc3ccc(O)cc3)cc(F)cc21
CN(CC1CCN(CC1)C2=NC=CC=N2)CC3COC4=CC=CC=C4O3,-2.4149733479708178,CN(CC1CCN(c2ncccn2)CC1)CC1COc2ccccc2O1
CN1CCN(CC1)CCCN2C3=CC=CC=C3SC4=C2C=C(C=C4)Cl,-0.6861892342440237,CN1CCN(CCCN2c3ccccc3Sc3ccc(Cl)cc32)CC1
C1CN(CCN1CC2=CC=CC(=C2)C3=CC=CC=C3)C4=CC=CC5=C4OC(=O)N5,-0.19005141775920603,O=c1[nH]c2cccc(N3CCN(Cc4cccc(-c5ccccc5)c4)CC3)c2o1
C1CN(CCC1C(=O)C2=CC=C(C=C2)F)CCN3C4=C(C=C(C=C4)CCCCN5CCN(CC5)C6=CC=CC(=C6)C(F)(F)F)SC3=O,-1.4771212547196624,O=C(c1ccc(F)cc1)C1CCN(CCn2c(=O)sc3cc(CCCCN4CCN(c5cccc(C(F)(F)F)c5)CC4)ccc32)CC1
CCCCCCCCCN1CCCC1CNC(=O)C2=C(C=CC(=C2)S(=O)(=O)N)OC,-1.9637878273455556,CCCCCCCCCN1CCCC1CNC(=O)c1cc(S(N)(=O)=O)ccc1OC
CC1=CC(=O)OC2=C1C=CC(=C2)OCCCCN3CCN(CC3)C4=C(C(=CC=C4)Cl)Cl,-3.2715395855938034,Cc1cc(=O)oc2cc(OCCCCN3CCN(c4cccc(Cl)c4Cl)CC3)ccc12
CCCN(CCN1CCN(CC1)C(=O)C2=CC3=C(C=C2)NC=C3)C4CCC5=C(C4)SC(=N5)N,-3.0944711286416453,CCCN(CCN1CCN(C(=O)c2ccc3[nH]ccc3c2)CC1)C1CCc2nc(N)sc2C1
CN1CCN(CC1)C2=CN3C=CC=C3SC4=CC=CC=C42,-1.2355284469075491,CN1CCN(C2=Cn3cccc3Sc3ccccc32)CC1
CN1CCN(CC1)C2=CN3C(=CC=C3SC4=CC=CC=C42)C=O,-3.128722284338427,CN1CCN(C2=Cn3c(C=O)ccc3Sc3ccccc32)CC1
CCCN(CCN1CCN(CC1)C2=C(C=CC3=C2C=CN3)Cl)C4CCC5=C(C4)SC(=N5)N.C(=O)(C(F)(F)F)O,-1.8721562727482928,CCCN(CCN1CCN(c2c(Cl)ccc3[nH]ccc23)CC1)C1CCc2nc(N)sc2C1.O=C(O)C(F)(F)F
COC1=CC=CC=C1N2CCN(CC2)CCN(C3=CC=CC=N3)C(=O)C4CCCCC4,-2.5400039448500267,COc1ccccc1N1CCN(CCN(C(=O)C2CCCCC2)c2ccccn2)CC1
C1CC2C3=C(CC1N2CC=CC4=CC=CC=C4)NC5=CC=CC=C53,-3.3909351071033798,C(=Cc1ccccc1)CN1C2CCC1c1c([nH]c3ccccc13)C2
CN1C=NC(=N1)C2=CC3=C(C=C2)N(C=C3C4CCN(CC4)CCN5CCNC5=O)C6=CC=C(C=C6)F,-2.8195439355418688,Cn1cnc(-c2ccc3c(c2)c(C2CCN(CCN4CCNC4=O)CC2)cn3-c2ccc(F)cc2)n1
C1CC(=O)NC2=C1C(=CC=C2)OCCCN3CCN(CC3)C4=C5C=CSC5=CC=C4,-0.5185139398778874,O=C1CCc2c(cccc2OCCCN2CCN(c3cccc4sccc34)CC2)N1
CCCN1CCCC(C1)C2=CC=CC(=C2)C#N,-3.0569048513364727,CCCN1CCCC(c2cccc(C#N)c2)C1
COC1=CC=CC=C1N2CCN(CC2)CCN3C(=C4CCCN4C3=O)O,-2.5575072019056577,COc1ccccc1N1CCN(CCn2c(O)c3n(c2=O)CCC3)CC1
CCCN1CCC2=CC=CC3=C2C1CC4=CC=CC=C43,-0.380211241711606,CCCN1CCc2cccc3c2C1Cc1ccccc1-3
CC(C)OC1=CC=CC=C1N2CCN(CC2)CC3=CC=CC(=C3)C(=O)NC4CCCCC4,-1.6720978579357175,CC(C)Oc1ccccc1N1CCN(Cc2cccc(C(=O)NC3CCCCC3)c2)CC1
C=CCN1CCC2=CC=CC3=C2C1CC4=C3C(=C(C=C4)O)O,0.6197887582883941,C=CCN1CCc2cccc3c2C1Cc1ccc(O)c(O)c1-3
C1CCN(CC1)CCCCCCOC2=CC3=C(C=C2)OC(=CC3=O)C4=CC=NC=C4,-3.255272505103306,O=c1cc(-c2ccncc2)oc2ccc(OCCCCCCN3CCCCC3)cc12
C1CN(CC=C1C2=CC=CC=C2)CCCCC3=CNC4=CC=CC=C43,-0.8058405488146727,C1=C(c2ccccc2)CCN(CCCCc2c[nH]c3ccccc23)C1
C1CN(CCN1CC=CCNC(=O)C2=CC=CC=C2)C3=C(C(=CC=C3)Cl)Cl,-1.6998377258672457,O=C(NCC=CCN1CCN(c2cccc(Cl)c2Cl)CC1)c1ccccc1
CN1CCC2=C(C=C(C=C2)O)C3C1CCC4=CC=CC=C34,-3.89614025144202,CN1CCc2ccc(O)cc2C2c3ccccc3CCC21
CN1CCN(CC1)C2=CC3=CC=CC=C3CN4C2=CC=C4,-2.7619278384205295,CN1CCN(C2=Cc3ccccc3Cn3cccc32)CC1
CC1=CC=C(C=C1)C2C(OC3=CC=CC=C3O2)CNCCOC4=C(C=CC=C4OC)OC,-1.9369156809452543,COc1cccc(OC)c1OCCNCC1Oc2ccccc2OC1c1ccc(C)cc1
COC1=CC=CC=C1N2CCN(CC2)CC3=CC=C(N3)C4=CC=CC=C4,0.11918640771920865,COc1ccccc1N1CCN(Cc2ccc(-c3ccccc3)[nH]2)CC1
CCCN(CCC)C1CCC2=C(C1C)C=CC3=C2OC=C3,-1.662757831681574,CCCN(CCC)C1CCc2c(ccc3ccoc23)C1C
CC1=CC=CC=C1N2CCN(CC2)CC3=CC=C(C=C3)C(C4=CC=CC=C4)O.C(CC(=O)O)C(=O)O,-1.7242758696007892,Cc1ccccc1N1CCN(Cc2ccc(C(O)c3ccccc3)cc2)CC1.O=C(O)CCC(=O)O
C1CCN(CC1)C(=O)C2=CC(=CC=C2)CN3CCC(C3)C4=CC=C(C=C4)Cl,-2.523746466811565,O=C(c1cccc(CN2CCC(c3ccc(Cl)cc3)C2)c1)N1CCCCC1
C1CC(CCC1N2CCN(CC2)C3=CC=CC(=C3)C(F)(F)F)N4C(=O)C5CC=CCC5C4=O,-3.6702458530741233,O=C1C2CC=CCC2C(=O)N1C1CCC(N2CCN(c3cccc(C(F)(F)F)c3)CC2)CC1
CC1=C(C(=O)N2CCCCC2=N1)CCN3CCC(CC3)C4=NOC5=C4C=CC(=C5)F,-0.5378190950732742,Cc1nc2n(c(=O)c1CCN1CCC(c3noc4cc(F)ccc34)CC1)CCCC2
CN1C=CC2=C(C1=O)C=CC(=C2)OCCCN3CCN(CC3)C4=C5C=CSC5=CC=C4,-0.2787536009528289,Cn1ccc2cc(OCCCN3CCN(c4cccc5sccc45)CC3)ccc2c1=O
COC1=CC=CC2=C1CC3CCN(C3C2)CC=C,-2.632457292184724,C=CCN1CCC2Cc3c(cccc3OC)CC21
CN1CCC2=CC(=C(C=C2C1C3=CC=CC=C3)O)Cl,-2.702430536445525,CN1CCc2cc(Cl)c(O)cc2C1c1ccccc1
C1CN(CCC1(C2=CC=C(C=C2)Cl)O)CCCCCCOC3=CC4=C(C=C3)OC(=CC4=O)C5=CC=CC=C5,-2.9956351945975497,O=c1cc(-c2ccccc2)oc2ccc(OCCCCCCN3CCC(O)(c4ccc(Cl)cc4)CC3)cc12
CC1CCN(CC1)CCCCCCOC2=CC3=C(C=C2)OC(=CC3=O)C4=CC=CC=C4,-2.7558748556724915,CC1CCN(CCCCCCOc2ccc3oc(-c4ccccc4)cc(=O)c3c2)CC1
CC1=CC(=CC=C1)N2CCN(CC2)CCCCNC(=O)C3=CC4=CC=CC=C4O3,-2.126293790693266,Cc1cccc(N2CCN(CCCCNC(=O)c3cc4ccccc4o3)CC2)c1
C1CN(CCC12C(=O)N(CN2C3=CC=CC=C3)CC4=CC=C(C=C4)F)CCCC(=O)C5=CC=C(C=C5)F,1.1611509092627446,O=C(CCCN1CCC2(CC1)C(=O)N(Cc1ccc(F)cc1)CN2c1ccccc1)c1ccc(F)cc1
C1CC2=CC=CC=C2OC1CNCC3=CC=C(C=C3)F.C(=O)(C(=O)O)O,-1.8674674878590518,Fc1ccc(CNCC2CCc3ccccc3O2)cc1.O=C(O)C(=O)O
CCN1CCCC1CNC(=O)C2=CC(=CC3=C2OCC3)Br,-0.5905074620085833,CCN1CCCC1CNC(=O)c1cc(Br)cc2c1OCC2
COC1=C(C=C2CN(CCC2=C1)CCCCNC(=O)C3=C(C4=CC=CC=C4C(=C3)Br)OC)OC,-2.869818207979328,COc1cc2c(cc1OC)CN(CCCCNC(=O)c1cc(Br)c3ccccc3c1OC)CC2
C1=CC(=CC=C1CNCCOC2=C3C(=CNC3=C(C=C2)Cl)Cl)Cl,-1.7283537820212285,Clc1ccc(CNCCOc2ccc(Cl)c3[nH]cc(Cl)c23)cc1
CCCN1CCCC(C1)C2=CC(=CC=C2)Br,-2.7267272090265724,CCCN1CCCC(c2cccc(Br)c2)C1
COC1=CC=CC=C1N2CCN(CC2)CCCCN3C(=O)C4(CCC5=CC=CC=C54)NC3=O,-2.0170333392987803,COc1ccccc1N1CCN(CCCCN2C(=O)NC3(CCc4ccccc43)C2=O)CC1
CCC1=CC=CC=C1N2CCN(CC2)CC3=CC=C(N3C)CN4CCCCC4=O,-0.8260748027008264,CCc1ccccc1N1CCN(Cc2ccc(CN3CCCCC3=O)n2C)CC1
CN1CCN(CC1)C2=CN3C=CC=C3SC4=C2C=CS4,-0.9242792860618816,CN1CCN(C2=Cn3cccc3Sc3sccc32)CC1
CN(C)C1=CC=C(C=C1)CCCCNCCOC2=C3C(=CC(=C2)F)C(=O)CCO3,-1.5390760987927767,CN(C)c1ccc(CCCCNCCOc2cc(F)cc3c2OCCC3=O)cc1
C1CN(CCN1CCCCN2C(=O)C3C4C=CC(C3S2(=O)=O)C5C4C=C5)C6=NC=CC=N6,-2.133538908370217,O=C1C2C3C=CC(C4C=CC43)C2S(=O)(=O)N1CCCCN1CCN(c2ncccn2)CC1
C1CCN2C(=C(N(C2=O)CCCCN3CCN(CC3)C4=CC(=CC=C4)Cl)O)C1,-2.110589710299249,O=c1n(CCCCN2CCN(c3cccc(Cl)c3)CC2)c(O)c2n1CCCC2
COC1=CC=CC=C1N2CCN(CC2)CCCC3CCCC4=C3C=CC=C4OC,-0.8450980400142568,COc1ccccc1N1CCN(CCCC2CCCc3c(OC)cccc32)CC1
C1CC(=O)NC2=C1C=CC(=C2)OCCOCCN3CCN(CC3)C4=C5C=CSC5=CC=C4,-0.3424226808222063,O=C1CCc2ccc(OCCOCCN3CCN(c4cccc5sccc45)CC3)cc2N1
CN1CCN(CC1)C2=NC3=CC=CC=C3NC4=C2C=NC=C4,-2.645422269349092,CN1CCN(C2=Nc3ccccc3Nc3ccncc32)CC1
CCCN(CCN1CCN(CC1)C2=NC=CC3=CC=CC=C32)C4CCC5=C(C4)SC(=N5)N,-2.4297522800024085,CCCN(CCN1CCN(c2nccc3ccccc23)CC1)C1CCc2nc(N)sc2C1
CCCN(CCCCCCCCCCCCCCN(CCC)C1CCC2=C(C1)C=CC=C2O)C3CCC4=C(C3)C=CC=C4O,-1.740362689494244,CCCN(CCCCCCCCCCCCCCN(CCC)C1CCc2c(O)cccc2C1)C1CCc2c(O)cccc2C1
CC1=CC(=O)OC2=C1C=CC(=C2)OCCCCN3CCN(CC3)C4=CC=CC(=C4)C(F)(F)F,-2.1541195255158465,Cc1cc(=O)oc2cc(OCCCCN3CCN(c4cccc(C(F)(F)F)c4)CC3)ccc12
CCCN1CCOC2C1CCC3=C2C=C(C=C3)O.Cl,0.2218487496163564,CCCN1CCOC2c3cc(O)ccc3CCC21.Cl
C1CCC(C1)CC2CC3=C(C=CC(=C3O)O)C(O2)CN,-2.8898617212581885,NCC1OC(CC2CCCC2)Cc2c1ccc(O)c2O
COC1=CC=CC2=C1C(CCO2)CN3CCC4(CC3)C(=O)NCN4C5=CC=CC=C5,-1.4623979978989559,COc1cccc2c1C(CN1CCC3(CC1)C(=O)NCN3c1ccccc1)CCO2
C1CN(CC2=C1NC3=C2C=C(C=C3)F)CCCCC4=CC=NC=C4.Cl,-2.155336037465062,Cl.Fc1ccc2[nH]c3c(c2c1)CN(CCCCc1ccncc1)CC3
CCCN(CCN1CCN(CC1)C2=CC=CC=C2)C3CCC4=CC5=C(C=C4C3)NC=N5,-3.1072099696478683,CCCN(CCN1CCN(c2ccccc2)CC1)C1CCc2cc3nc[nH]c3cc2C1
C=CCN1CCC2=CC=CC3=C2C1CC4=C3C(=C(C=C4)O)O,-1.1072099696478683,C=CCN1CCc2cccc3c2C1Cc1ccc(O)c(O)c1-3
CCCN(CC=C)C1CCC2=C(C1)C3=C(C=C2)NC=C3C=O,-1.7708520116421442,C=CCN(CCC)C1CCc2ccc3[nH]cc(C=O)c3c2C1
CC1=CC(=O)OC2=C1C=CC(=C2)OCCCCN3CCN(CC3)C4=CC(=CC=C4)OC,-2.193958978019187,COc1cccc(N2CCN(CCCCOc3ccc4c(C)cc(=O)oc4c3)CC2)c1
CCCN(CC1CC1)C2CCC3=C(C2)C4=C(C=C3)NC=C4C=O,-2.357934847000454,CCCN(CC1CC1)C1CCc2ccc3[nH]cc(C=O)c3c2C1
C1CC2=CC=CC=C2C(=O)C1CN3CCC(CC3)CC4=CC=CC=C4,-3.0386201619497033,O=C1c2ccccc2CCC1CN1CCC(Cc2ccccc2)CC1
C1=NC2=C(N1C3C(C(C(O3)COP(=O)(O)OP(=O)(O)OP(=O)(O)[O-])O)O)N=C(NC2=O)N,-3.322219294733919,Nc1nc2c(ncn2C2OC(COP(=O)(O)OP(=O)(O)OP(=O)([O-])O)C(O)C2O)c(=O)[nH]1
C1CN(CC2=C1NC3=C2C=C(C=C3)F)CCC4=NC5=CC=CC=C5C=C4.Cl,-2.2671717284030137,Cl.Fc1ccc2[nH]c3c(c2c1)CN(CCc1ccc2ccccc2n1)CC3
C1CN(CCC1C(=O)C2=CC=C(C=C2)F)CC3CC4=C(C=CO4)C(=O)C3,-1.9800033715837464,O=C1CC(CN2CCC(C(=O)c3ccc(F)cc3)CC2)Cc2occc21
CC1=CC(=CC=C1)N2CCN(CC2)CCCCCCN3CCN(CC3)C4=CC=CC(=N4)C,-1.5185139398778875,Cc1cccc(N2CCN(CCCCCCN3CCN(c4cccc(C)n4)CC3)CC2)c1
C1CN(CCC1C2=NOC3=C2C=CC(=C3)F)CCCOC4=NN(C(=O)C5=CC=CC=C54)C6=CC(=C(C=C6)Cl)Cl,-1.6419695977020594,O=c1c2ccccc2c(OCCCN2CCC(c3noc4cc(F)ccc34)CC2)nn1-c1ccc(Cl)c(Cl)c1
CCCN(CCC)C1CCC2=CC(=C3C(=C2C1)C(=CN3)C#N)F,-1.8573324964312683,CCCN(CCC)C1CCc2cc(F)c3[nH]cc(C#N)c3c2C1
C1C2=C(C=CC(=C2NC1=O)Cl)OCCNC3=CC4=CC=CC=C4C=C3,-1.02816441942447,O=C1Cc2c(OCCNc3ccc4ccccc4c3)ccc(Cl)c2N1
CCCN(CCN1CCN(CC1)C2=CC=C(C=C2)C3=CN=CC=C3)C4CCC5=C(C4)C=C(C=C5)O,-1.7715874808812553,CCCN(CCN1CCN(c2ccc(-c3cccnc3)cc2)CC1)C1CCc2ccc(O)cc2C1
CCN1N=CC(=N1)C2=CC3=C(C=C2)N(C=C3C4CCN(CC4)CCN5CCNC5=O)C6=CC=C(C=C6)F,-1.934498451243568,CCn1ncc(-c2ccc3c(c2)c(C2CCN(CCN4CCNC4=O)CC2)cn3-c2ccc(F)cc2)n1
C1C(OC(C2=C1C(=C(C=C2)Br)O)CN)C3=CC=CC=C3.Cl,-3.292256071356476,Cl.NCC1OC(c2ccccc2)Cc2c1ccc(Br)c2O
CCCN(CCN1CCN(CC1)C2=CC=C(C=C2)C3=CC=CC=C3)C4CCC5=C(C4)SC(=N5)N,-2.4216039268698317,CCCN(CCN1CCN(c2ccc(-c3ccccc3)cc2)CC1)C1CCc2nc(N)sc2C1
C1CN(CC2=C1NC3=C2C=C(C=C3)Cl)CCC4=CC=CC=N4.Cl,-2.012837224705172,Cl.Clc1ccc2[nH]c3c(c2c1)CN(CCc1ccccn1)CC3
CCCN1CCC2=C3C1CC4=C(C3=CC(=C2)OC)C(=C(C=C4)O)O,-0.11394335230683678,CCCN1CCc2cc(OC)cc3c2C1Cc1ccc(O)c(O)c1-3
C1CCC(CC1)CNCC2CCC3=C(O2)C=C(C=C3)O,-0.6074550232146685,Oc1ccc2c(c1)OC(CNCC1CCCCC1)CC2
C1CC2=CC=CC=C2C3(C1)C(=O)N(C(=O)N3)CCCCN4CCN(CC4)C5=CC(=CC=C5)Cl,-3.0413926851582254,O=C1NC2(CCCc3ccccc32)C(=O)N1CCCCN1CCN(c2cccc(Cl)c2)CC1
C1CC2CC3=C(C(C1)N2CCCCC4=CC=CC=C4)C5=C(N3)C=CC(=C5)F,-3.2723058444020863,Fc1ccc2[nH]c3c(c2c1)C1CCCC(C3)N1CCCCc1ccccc1
CN1CCC2=CC(=CC3=C2C1CC4=C3C(=C(C=C4)O)O)C5=CC=C(C=C5)O.Cl,-0.617000341120899,CN1CCc2cc(-c3ccc(O)cc3)cc3c2C1Cc1ccc(O)c(O)c1-3.Cl
C1CC(CN(C1)CC2CC2)C3=CC=CC(=C3)C#N,-3.4913616938342726,N#Cc1cccc(C2CCCN(CC3CC3)C2)c1
C1CN2CC3=C(CC2C4=CC5=C(C=C41)OCO5)C=CC=C3O,-1.4995496259051493,Oc1cccc2c1CN1CCc3cc4c(cc3C1C2)OCO4
CCCC1=CC=CC=C1N2CCN(CC2)CC3=CC=CC(=C3)C(=O)N4CCCCC4,-1.57978359661681,CCCc1ccccc1N1CCN(Cc2cccc(C(=O)N3CCCCC3)c2)CC1
C1CN(CCC1C2=NOC3=C2C=CC(=C3)F)CC4CC5=C(C=CS5)C(=O)C4.Cl,-1.7399676967595097,Cl.O=C1CC(CN2CCC(c3noc4cc(F)ccc34)CC2)Cc2sccc21
CC(C)OC1=CC=CC=C1N2CCN(CC2)CC3=CC=CC(=C3)CC4C(=O)NC(=O)N4,-2.4471580313422194,CC(C)Oc1ccccc1N1CCN(Cc2cccc(CC3NC(=O)NC3=O)c2)CC1
CC1=C(C(=O)N(C1=O)CCCCN2CCN(CC2)C3=CC=CC(=C3)C(F)(F)F)C,-3.6404814369704215,CC1=C(C)C(=O)N(CCCCN2CCN(c3cccc(C(F)(F)F)c3)CC2)C1=O
COC1=CC=C(C=C1)C2=CC3=C(N2)C(=O)N(C(=O)N3)CCCN4CCN(CC4)C5=CC=CC=C5OC,-0.3242824552976926,COc1ccc(-c2cc3[nH]c(=O)n(CCCN4CCN(c5ccccc5OC)CC4)c(=O)c3[nH]2)cc1
C1CCC(C1)CC2=CC3=C(S2)C4C(CCC5=CC(=C(C=C45)O)O)NC3,-2.7481880270062,Oc1cc2c(cc1O)C1c3sc(CC4CCCC4)cc3CNC1CC2
C1=CC=C2C(=C1)C=CC=C2NC(=O)C3=CC=CC=C3C(=O)O,-0.6812412373755872,O=C(O)c1ccccc1C(=O)Nc1cccc2ccccc12
CC1=CC=CC(=C1)C2=CSC3=C2C(=O)N(C(=O)N3)CCN4CCN(CC4)C5=CC=CC=C5OC,-1.230448921378274,COc1ccccc1N1CCN(CCn2c(=O)[nH]c3scc(-c4cccc(C)c4)c3c2=O)CC1
C1CN(CC=C1C2=CC=CC=N2)CCCCC3=CC=NC=C3,-2.5078558716958312,C1=C(c2ccccn2)CCN(CCCCc2ccncc2)C1
CC(C)C1=CC=CC=C1N2CCN(CC2)CC3=CC=C(N3C)CN4CCCC4=O,-0.6627578316815741,CC(C)c1ccccc1N1CCN(Cc2ccc(CN3CCCC3=O)n2C)CC1
CCCN1CCC2C1CCC3=CC=CC=C23,-2.7387805584843687,CCCN1CCC2c3ccccc3CCC21
C1CN(CCN1CCCC(=O)C2=CC=C(C=C2)F)CC3CC4=C(C=CC(=C4)F)C(=O)C3,-1.8910354153153108,O=C(CCCN1CCN(CC2CC(=O)c3ccc(F)cc3C2)CC1)c1ccc(F)cc1
C1=CC=C(C=C1)CNCCOC2=CC=C(C=C2)O,-2.05307844348342,Oc1ccc(OCCNCc2ccccc2)cc1
CN1C2=C(C=NC=C2)N=C1CN3CCC(CC3)C4=CC=C(C=C4)C(F)(F)F,-2.8267225201689916,Cn1c(CN2CCC(c3ccc(C(F)(F)F)cc3)CC2)nc2cnccc21
CC(C)OC1=CC=CC=C1N2CCN(CC2)CC3=CC=CC(=C3)C(=O)N4CCC4,-1.1139433523068367,CC(C)Oc1ccccc1N1CCN(Cc2cccc(C(=O)N3CCC3)c2)CC1
CN1CCC2=C3C1CC4=C(C3=CC(=C2)SCC(C(=O)O)N)C(=C(C=C4)O)O,-1.740362689494244,CN1CCc2cc(SCC(N)C(=O)O)cc3c2C1Cc1ccc(O)c(O)c1-3
COC1=C(C=C(C2=CC=CC=C21)Br)C(=O)NC3CCN(CC3)CC4=CC=CC=C4,-0.7403626894942439,COc1c(C(=O)NC2CCN(Cc3ccccc3)CC2)cc(Br)c2ccccc12
COC1=CC=CC=C1N2CCN(CC2)CCN3C(=O)CC(=C(C4=CC=CC=C4)C5=CC=CC=C5)C3=O,-2.2227164711475837,COc1ccccc1N1CCN(CCN2C(=O)CC(=C(c3ccccc3)c3ccccc3)C2=O)CC1
CCCN(CCN1CCN(CC1)CC2=CNC3=C2C(=CC=C3)OC)C4CCC5=C(C4)SC(=N5)N.C(=O)(C(F)(F)F)O,-3.2748503200166645,CCCN(CCN1CCN(Cc2c[nH]c3cccc(OC)c23)CC1)C1CCc2nc(N)sc2C1.O=C(O)C(F)(F)F
CC(=O)N1CCC2=C(C1)C=C(C=C2)OCCCN3CCN(CC3)C4=C5C=CSC5=CC=C4,0.0969100130080564,CC(=O)N1CCc2ccc(OCCCN3CCN(c4cccc5sccc45)CC3)cc2C1
C1CN(CCN1CCNC(=O)C2=CC=C(C=C2)F)C3=CC=CC=C3,-1.9637878273455556,O=C(NCCN1CCN(c2ccccc2)CC1)c1ccc(F)cc1
C1CN(CCN1CC2=CC=CC=C2)C3=CC=CC=C3,-1.8457180179666584,c1ccc(CN2CCN(c3ccccc3)CC2)cc1
CCCN1CCCC(C1)C2=CC(=C(C=C2)O)O,-1.041392685158225,CCCN1CCCC(c2ccc(O)c(O)c2)C1
C1=CSC(=C1)CNCCOC2=C3C(=CNC3=C(C=C2)Cl)Cl,-1.4005379893919458,Clc1ccc(OCCNCc2cccs2)c2c(Cl)c[nH]c12
CN1C=NC(=N1)C2=CC3=C(C=C2)N(C=C3C4CCN(CC4)CCN5CCOC5=O)C6=CC=C(C=C6)F,-3.361727836017593,Cn1cnc(-c2ccc3c(c2)c(C2CCN(CCN4CCOC4=O)CC2)cn3-c2ccc(F)cc2)n1
CCN1CCCC1CNC(=O)C2=C(C(=CC(=C2O)Br)OC)OC,-0.8142475957319202,CCN1CCCC1CNC(=O)c1c(O)c(Br)cc(OC)c1OC
CCCN1CCCC(C1)C2=CC=CC(=C2)C(=O)C,-3.815577748324267,CCCN1CCCC(c2cccc(C(C)=O)c2)C1
CCCN(CCC)C1CCC2=C(C1)C3=C(C=C2)N(C=C3C=O)C,-2.7075701760979363,CCCN(CCC)C1CCc2ccc3c(c(C=O)cn3C)c2C1
C1CC2=C(C=C(C=C2)O)OC1CNCCCOC3=CC4=C(C=C3)OC=N4,-0.7558748556724915,Oc1ccc2c(c1)OC(CNCCCOc1ccc3ocnc3c1)CC2
CC1=CC=CC=C1N2CCN(CC2)CC3=CC(=CC=C3)C(C(C)C)O,-1.9542425094393248,Cc1ccccc1N1CCN(Cc2cccc(C(O)C(C)C)c2)CC1
COC1=CC=CC=C1N2CCN(CC2)CCCOC3=CC=C(C=C3)C4=NC5=CC=CC=C5N4,-1.2081725266671215,COc1ccccc1N1CCN(CCCOc2ccc(-c3nc4ccccc4[nH]3)cc2)CC1
COC1=CC=CC(=C1)C2CCC(CC2)N3CCN(CC3)C4=CC=CC=N4,-3.3404441148401185,COc1cccc(C2CCC(N3CCN(c4ccccn4)CC3)CC2)c1
C1CN(CCC1O)CCCCOC2=CC=CC3=C2C(=O)C=C(O3)C4=CC=CC=C4,-3.977723605288848,O=c1cc(-c2ccccc2)oc2cccc(OCCCCN3CCC(O)CC3)c12
C1CCC(CC1)CNCC2CCC3=C(O2)C=C(C=C3)O.C(=O)(C(=O)O)O,-0.6074550232146685,O=C(O)C(=O)O.Oc1ccc2c(c1)OC(CNCC1CCCCC1)CC2
COC1=C(C2=C3C(CC4=CC=CC=C4C2)N(CCC3=C1)CC5=CC=CC=C5)OC,-3.690196080028514,COc1cc2c3c(c1OC)Cc1ccccc1CC3N(Cc1ccccc1)CC2
C1CC2=C(C=C(C=C2)O)OC1CNCC3=CC=CO3,-1.3334472744967505,Oc1ccc2c(c1)OC(CNCc1ccco1)CC2
C1CN(CCC1C2=CN(C3=C2C=C(C=C3)Cl)C4=CC=C(C=C4)F)CCN5CCNC5=O,0.3467874862246563,O=C1NCCN1CCN1CCC(c2cn(-c3ccc(F)cc3)c3ccc(Cl)cc23)CC1
CN(C)CCCCCCOC1=CC2=C(C=C1)OC(=CC2=O)C3=CC=CC=C3,-3.7481880270062,CN(C)CCCCCCOc1ccc2oc(-c3ccccc3)cc(=O)c2c1
[H+].CN1CCN2C(C1)C3=CC=CC=C3CC4=CC=CC=C42.[Cl-],-2.960946195733832,CN1CCN2c3ccccc3Cc3ccccc3C2C1.[Cl-].[H+]
COC1=CC(=C(C=C1C(=O)NC2CCN(C2)CC3=CC=CC=C3)Cl)NC(=O)C4CC4,-2.342422680822206,COc1cc(NC(=O)C2CC2)c(Cl)cc1C(=O)NC1CCN(Cc2ccccc2)C1
C1CN(CCC1CN2CCC(CC2)C3=NOC4=C3C=CC(=C4)F)S(=O)(=O)C5=CC6=CC=CC=C6C=C5,-3.140665139976736,O=S(=O)(c1ccc2ccccc2c1)N1CCC(CN2CCC(c3noc4cc(F)ccc34)CC2)CC1
CN1C2=C(C(=O)N(C1=O)C)N3C=C(C(=NC3=N2)NCCCN4CCN(CC4)C5=CC=CC=C5OC)Br,-2.5118833609788744,COc1ccccc1N1CCN(CCCNc2nc3nc4c(c(=O)n(C)c(=O)n4C)n3cc2Br)CC1
CC(C)OC1=C(C=CC(=C1)F)N2CCN(CC2)CC3=CC=CC(=C3)C(=O)N4CCCCC4,-1.2787536009528289,CC(C)Oc1cc(F)ccc1N1CCN(Cc2cccc(C(=O)N3CCCCC3)c2)CC1
C[N+](C)(C)CCCN1C2=CC=CC=C2SC3=C1C=C(C=C3)Cl,-3.72916478969277,C[N+](C)(C)CCCN1c2ccccc2Sc2ccc(Cl)cc21
C1CN(CCC1C2=CN(C3=C2C=C(C=C3)C4=NC=CC=N4)C5=CC=C(C=C5)F)CCN6CCNC6=O,-2.361727836017593,O=C1NCCN1CCN1CCC(c2cn(-c3ccc(F)cc3)c3ccc(-c4ncccn4)cc23)CC1
C=CCNC1CC2=C3C(=CC=C2)NC(=O)N3C1,-2.5599066250361124,C=CCNC1Cc2cccc3[nH]c(=O)n(c23)C1
C1CN(CCN1CCCOC2=CC3=C(C=CC=N3)C=C2)C4=C5C=CSC5=CC=C4,-0.380211241711606,c1cnc2cc(OCCCN3CCN(c4cccc5sccc45)CC3)ccc2c1
COC1=CC=CC=C1N2CCN(CC2)CCNCC3=COC(=N3)C4=CC5=CC=CC=C5O4,-2.714329759745233,COc1ccccc1N1CCN(CCNCc2coc(-c3cc4ccccc4o3)n2)CC1
C1CN2CC3=C(CC2CN1CCCC(=O)C4=CC=C(C=C4)F)C5=CC=CC=C5N3,-1.1199154102579911,O=C(CCCN1CCN2Cc3[nH]c4ccccc4c3CC2C1)c1ccc(F)cc1
CC(C)C1=CC(=O)OC2=C1C=CC(=C2)OCCCCN3CCC(CC3)C4=NOC5=C4C=CC(=C5)F,-3.37112330058195,CC(C)c1cc(=O)oc2cc(OCCCCN3CCC(c4noc5cc(F)ccc45)CC3)ccc12
CCC1=CC(=O)OC2=C1C=CC(=C2)OCCCCN3CCC(CC3)C4=NOC5=C4C=CC(=C5)F,-3.285242162425415,CCc1cc(=O)oc2cc(OCCCCN3CCC(c4noc5cc(F)ccc45)CC3)ccc12
C1COC2=C1C=C(C=C2)CCCCNCCOC3=C4C(=CC(=C3)F)C(=O)CCO4,-1.6954816764901974,O=C1CCOc2c(OCCNCCCCc3ccc4c(c3)CCO4)cc(F)cc21
C1CN(CCN1CCCCN2C(=O)CC(=C3C4=CC=CC=C4C5=CC=CC=C53)C2=O)C6=CC=CC=C6,-2.598790506763115,O=C1CC(=C2c3ccccc3-c3ccccc32)C(=O)N1CCCCN1CCN(c2ccccc2)CC1
C1CC2C3=CC=CC=C3C(CN2C1)C4=CC=CC=C4Cl.Br,-2.6180480967120925,Br.Clc1ccccc1C1CN2CCCC2c2ccccc21
C1CN(CCC1O)CCCCCCOC2=CC=CC3=C2OC(=CC3=O)C4=CC=CC=C4,-2.9731278535996988,O=c1cc(-c2ccccc2)oc2c(OCCCCCCN3CCC(O)CC3)cccc12
C1CN(CCN1CCCN2C(=O)CC(=C(C3=CC=CC=C3)C4=CC=CC=C4)C2=O)C5=CC(=CC=C5)Cl,-2.9036325160842376,O=C1CC(=C(c2ccccc2)c2ccccc2)C(=O)N1CCCN1CCN(c2cccc(Cl)c2)CC1
CCCN(CCCCN1CCN(CC1)C(=O)C2=CC3=CC=CC=C3N2)C4CCC5=C(C4)SC(=N5)N,-2.725094521081469,CCCN(CCCCN1CCN(C(=O)c2cc3ccccc3[nH]2)CC1)C1CCc2nc(N)sc2C1
COC1=CC=CC=C1N2CCN(CC2)CCCCC3CCCN3C(=O)C4CCCCC4,-3.5556988947189017,COc1ccccc1N1CCN(CCCCC2CCCN2C(=O)C2CCCCC2)CC1
CCCN(CCN1CCN(CC1)C(=O)C2=CC3=CC=CC=C3N2)C4CCC5=C(C4)C=CC=C5O,-1.7092699609758308,CCCN(CCN1CCN(C(=O)c2cc3ccccc3[nH]2)CC1)C1CCc2c(O)cccc2C1
CCCN(CCC)C1CC2=C3C(=CC=C2)N(C(=O)N3C1)C,-2.9656719712201065,CCCN(CCC)C1Cc2cccc3c2n(c(=O)n3C)C1
C1COC2=CC=CC(=C2OC1)N3CCN(CC3)C4CC5=CC=CC=C5C4,-2.28999006605432,c1ccc2c(c1)CC(N1CCN(c3cccc4c3OCCCO4)CC1)C2
CC12CC3=CC=CC4=C3C5=C(C4)C=CC(=C51)CCN2C,-1.919078092376074,CN1CCc2ccc3c4c2C1(C)Cc1cccc(c1-4)C3
CCN1CCCC1CNC(=O)C2=C(C=CC(=C2)S(=O)(=O)N)OC,-3.3010299956639813,CCN1CCCC1CNC(=O)c1cc(S(N)(=O)=O)ccc1OC
CCCN1CC2=CC=CC=C2C3C1CCC4=CC(=C(C=C34)O)O,-1.1222158782728269,CCCN1Cc2ccccc2C2c3cc(O)c(O)cc3CCC21
CN1CCC2=C3C1CC4=C5C3=C(C=C2)C(C5=CC=C4)N,-3.3521825181113627,CN1CCc2ccc3c4c2C1Cc1cccc(c1-4)C3N
C1CN(CCN1CC2=CC=CC=C2)C3=C4C=CNC4=C(C=C3)Br,-1.290034611362518,Brc1ccc(N2CCN(Cc3ccccc3)CC2)c2cc[nH]c12
CN1CCC2=C(C=CC3=C2C1CC4=C(O3)C=CC(=C4)OC)Br,-2.9300010010090762,COc1ccc2c(c1)CC1c3c(ccc(Br)c3CCN1C)O2
CC(C)N(CC1=CC=C(N1C)CN2CCN(CC2)C3=CC=CC=C3OC)C(=O)C4CCCCC4.C(CC(=O)O)C(=O)O,-2.0,COc1ccccc1N1CCN(Cc2ccc(CN(C(=O)C3CCCCC3)C(C)C)n2C)CC1.O=C(O)CCC(=O)O
CC(C)(C)NC(=O)C(CN1CCN(CC1)C2=CC=CC=C2OC)C3=CC=CC=C3,-2.24551266781415,COc1ccccc1N1CCN(CC(C(=O)NC(C)(C)C)c2ccccc2)CC1
COC1=CC=CC=C1N2CCN(CC2)CCCN3C(=O)C4(CCCC5=CC=CC=C54)NC3=O,-2.9845273133437926,COc1ccccc1N1CCN(CCCN2C(=O)NC3(CCCc4ccccc43)C2=O)CC1
COC1=CC2=C(C=C1)C(CCO2)CN3CCC4(CC3)C(=O)NCN4C5=CC=CC=C5,-2.437750562820388,COc1ccc2c(c1)OCCC2CN1CCC2(CC1)C(=O)NCN2c1ccccc1
CN(C1CCCCC1N2CCCC2)C(=O)CC3=CC(=C(C=C3N)Cl)Cl,-3.1872386198314784,CN(C(=O)Cc1cc(Cl)c(Cl)cc1N)C1CCCCC1N1CCCC1
CN1CCOC2=C1C=C(C=C2C(=O)NCC3CCCN3CC4=CC=CC=C4)SC,-2.431363764158988,CSc1cc(C(=O)NCC2CCCN2Cc2ccccc2)c2c(c1)N(C)CCO2
CCCC1=CC=CC=C1N2CCN(CC2)CC3=CC=C(N3C)CN4CCCC4=O,-1.110589710299249,CCCc1ccccc1N1CCN(Cc2ccc(CN3CCCC3=O)n2C)CC1
CN1C2=C(C(=O)N(C1=O)C)N(C=N2)CCCCN3CCN(CC3)C4=CC(=C(C=C4)Cl)Cl.Cl,-1.863322860120456,Cl.Cn1c(=O)c2c(ncn2CCCCN2CCN(c3ccc(Cl)c(Cl)c3)CC2)n(C)c1=O
C1CC2=C(CC1N(CCCN)CCC3=CC=CC=C3)C=CC=C2O,-0.43136376415898736,NCCCN(CCc1ccccc1)C1CCc2c(O)cccc2C1
CCN1CCCC1CNC(=O)C2=C3C(=CC=C2)CCO3,-2.130333768495006,CCN1CCCC1CNC(=O)c1cccc2c1OCC2
C1C(C2=C(CN1CCC3=CC=CC=N3)C4=CC=CC=C4N2)C5=CC=CC=C5.Cl,-2.7781512503836434,Cl.c1ccc(C2CN(CCc3ccccn3)Cc3c2[nH]c2ccccc32)cc1
CC(C)OC1=CC=CC=C1N2CCN(CC2)CC3=CC=C(N3C)CN4CCCCC4=O,0.0969100130080564,CC(C)Oc1ccccc1N1CCN(Cc2ccc(CN3CCCCC3=O)n2C)CC1
CN1CCC2=C3C1CC4=C5C3=C(C=C2)C(C5=CC=C4)N,-2.4149733479708178,CN1CCc2ccc3c4c2C1Cc1cccc(c1-4)C3N
C1CC2=C(C3=C(C=C2)NC(=N3)C(F)(F)F)OC1CNCC4=CC=CC=C4,-1.549003262025788,FC(F)(F)c1nc2c3c(ccc2[nH]1)CCC(CNCc1ccccc1)O3
C1CN(CCC1O)CCCCCOC2=CC=CC3=C2C(=O)C=C(O3)C4=CC=CC=C4,-3.707570176097936,O=c1cc(-c2ccccc2)oc2cccc(OCCCCCN3CCC(O)CC3)c12
CC1=CC(=O)OC2=C1C=CC(=C2)OCCCN3CCN(CC3)C4=CC=CC=N4,-1.9092350033683076,Cc1cc(=O)oc2cc(OCCCN3CCN(c4ccccn4)CC3)ccc12
C1CN(CCC1C2=NOC3=C2C=CC(=C3)F)CCCOC4=CC5=C(C=C4)C(=O)C(=CO5)CO,-1.0791812460476249,O=c1c(CO)coc2cc(OCCCN3CCC(c4noc5cc(F)ccc45)CC3)ccc12
C1CC2=CC(=C(C=C2CC1[NH3+])O)O,-1.7708520116421442,[NH3+]C1CCc2cc(O)c(O)cc2C1
COC1=CC=CC=C1N2CCN(CC2)CCNC(=O)C3=CC=CS3,-1.230448921378274,COc1ccccc1N1CCN(CCNC(=O)c2cccs2)CC1
C1CC2C3=C(CC1N2CCCCC4=CC5=CC=CC=C5S4)NC6=CC=CC=C63,-2.6190933306267428,c1ccc2sc(CCCCN3C4CCC3c3c([nH]c5ccccc35)C4)cc2c1
C1CC2(C3=CC=CC=C31)C(=O)N(C(=O)N2)CCCCN4CCN(CC4)C5=CC=CC(=C5)C(F)(F)F,-2.6148972160331345,O=C1NC2(CCc3ccccc32)C(=O)N1CCCCN1CCN(c2cccc(C(F)(F)F)c2)CC1
C1CC2=C(C1)C(=O)OC3=C2C=CC(=C3)OCCCCN4CCC(CC4)C5=NOC6=C5C=CC(=C6)F,-1.3873898263387294,O=c1oc2cc(OCCCCN3CCC(c4noc5cc(F)ccc45)CC3)ccc2c2c1CCC2
CC(C)OC1=CC=CC=C1N2CCN(CC2)CC3=CC=C(N3C)CN4CCCC4=O,-0.5185139398778874,CC(C)Oc1ccccc1N1CCN(Cc2ccc(CN3CCCC3=O)n2C)CC1
CCCCN1CCCC1CC2=CC(=C(C=C2)O)O,-0.5025636691073634,CCCCN1CCCC1Cc1ccc(O)c(O)c1
C1CC2C3=C(CC1N2CCCOC4=CC=C(C=C4)F)NC5=CC=CC=C53,-3.322219294733919,Fc1ccc(OCCCN2C3CCC2c2c([nH]c4ccccc24)C3)cc1
CC1=C(SC(=N1)C)C2=NN=C(N2C)SCCCN3CC4CC4(C3)C5=CC=C(C=C5)C(F)(F)F,0.18996921359416044,Cc1nc(C)c(-c2nnc(SCCCN3CC4CC4(c4ccc(C(F)(F)F)cc4)C3)n2C)s1
CCCN1CCC(C1)C2=CC(=CC=C2)O,-1.8325089127062364,CCCN1CCC(c2cccc(O)c2)C1
CC(C)OC1=CC=CC=C1N2CCN(CC2)CC3=CC(=CC=C3)CNC(=O)C.C(CC(=O)O)C(=O)O,-1.4471580313422192,CC(=O)NCc1cccc(CN2CCN(c3ccccc3OC(C)C)CC2)c1.O=C(O)CCC(=O)O
C1CC2C3=CC=CC=C3C(CN2C1)C4=CC=CC=C4,-2.942008053022313,c1ccc(C2CN3CCCC3c3ccccc32)cc1
COC1=CC=CC2=C1CCC3C2CCN3CC=C,-1.3979400086720375,C=CCN1CCC2c3cccc(OC)c3CCC21
CN(C)C1=CC=CC(=N1)CNCC2(CCN(CC2)C(=O)C3=CC(=C(C=C3)Cl)Cl)F,-2.5199985291188467,CN(C)c1cccc(CNCC2(F)CCN(C(=O)c3ccc(Cl)c(Cl)c3)CC2)n1
CC(C)C1=CC=CC=C1N2CCN(CC2)CC3=CC=C(N3C)CN4CCCCCCC4=O,-0.5185139398778874,CC(C)c1ccccc1N1CCN(Cc2ccc(CN3CCCCCCC3=O)n2C)CC1
CN1N=C(N=N1)C2=CC3=C(C=C2)N(C=C3C4CCN(CC4)CCN5CCNC5=O)C6=CC=C(C=C6)F,-2.146128035678238,Cn1nnc(-c2ccc3c(c2)c(C2CCN(CCN4CCNC4=O)CC2)cn3-c2ccc(F)cc2)n1
COC1=C(C=C(C2=CC=CC=C21)Br)C(=O)NCC3CCCN3C4CCCC4,-1.7708520116421442,COc1c(C(=O)NCC2CCCN2C2CCCC2)cc(Br)c2ccccc12
C1=CC=C(C=C1)CNCCOC2=CC=CC3=C2NC(=O)N3,-0.3873898263387294,O=c1[nH]c2cccc(OCCNCc3ccccc3)c2[nH]1
C1CN(CCN1CCCOC2=CC3=C(C=C2)C(=O)NC=C3)C4=C5C=CSC5=CC=C4,-0.6812412373755872,O=c1[nH]ccc2cc(OCCCN3CCN(c4cccc5sccc45)CC3)ccc12
C1CC(=O)NC2=C(C=CC(=C21)O)OCCCN3CCN(CC3)C4=C5C=CSC5=CC=C4,0.0969100130080564,O=C1CCc2c(O)ccc(OCCCN3CCN(c4cccc5sccc45)CC3)c2N1
C1CCN(CC1)CCCCCCOC2=CC3=C(C=C2)OC(=CC3=O)C4=CC=CC=C4Cl,-3.342422680822206,O=c1cc(-c2ccccc2Cl)oc2ccc(OCCCCCCN3CCCCC3)cc12
CC(CN1C2=CC=CC=C2SC3=C1C=C(C=C3)OC)CN(C)C,-1.1760912590556811,COc1ccc2c(c1)N(CC(C)CN(C)C)c1ccccc1S2
C1CN(CC=C1C2=CNC3=C2C=CC(=C3)C(F)(F)F)CCC4C5=C(CCO4)C=C(C=C5)C(=O)N,-0.9344984512435676,NC(=O)c1ccc2c(c1)CCOC2CCN1CC=C(c2c[nH]c3cc(C(F)(F)F)ccc23)CC1
C1CC2=C(C=C(C=C2)O)OC1CN3CCC4=CC=CC=C4C3,-1.8750612633917,Oc1ccc2c(c1)OC(CN1CCc3ccccc3C1)CC2
CC1=CC=C(C=C1)S(=O)(=O)N2CCN(CC2)CCCCOC3=CC4=C(C=C3)C(=CC(=O)O4)C,-3.2012878541017584,Cc1ccc(S(=O)(=O)N2CCN(CCCCOc3ccc4c(C)cc(=O)oc4c3)CC2)cc1
CC1(C2=C3C4=C(CCN(C4CC5=C3C1=CC=C5)C)C=C2)O,-2.255272505103306,CN1CCc2ccc3c4c2C1Cc1cccc(c1-4)C3(C)O
CCCN(CCC1=CSC(=N1)N)C2CC3=CC(=C(C=C3C2)OC)OC,-2.423245873936808,CCCN(CCc1csc(N)n1)C1Cc2cc(OC)c(OC)cc2C1
C1CN(CCC1(CNCC2=CC=CC(=N2)C3=NC=CS3)F)C(=O)C4=CC(=C(C=C4)Cl)Cl,-3.5299997998772934,O=C(c1ccc(Cl)c(Cl)c1)N1CCC(F)(CNCc2cccc(-c3nccs3)n2)CC1
CCCN1CCC2=C3C1CC4=C(C3=CC(=C2)F)C(=CC=C4)OC=O,-1.5910646070264989,CCCN1CCc2cc(F)cc3c2C1Cc1cccc(OC=O)c1-3
CCCN(CCN1CCN(CC1)C2=CC=NC=C2)C3CCC4=C(C3)C=C(C=C4)O,-1.8344207036815323,CCCN(CCN1CCN(c2ccncc2)CC1)C1CCc2ccc(O)cc2C1
CCCNCC1C2=C(CC(O1)C3CCCCC3)C(=C(C=C2)C)O,-3.4199557484897585,CCCNCC1OC(C2CCCCC2)Cc2c1ccc(C)c2O
C1CCN2C(C1)C(=O)N(C2=O)CCCCN3CCN(CC3)C4=CC=CC(=C4)C(F)(F)F,-1.9571281976768133,O=C1C2CCCCN2C(=O)N1CCCCN1CCN(c2cccc(C(F)(F)F)c2)CC1
COC1=CC=CC=C1N2CCN(CC2)CCNC(=S)C3CCCCC3,-0.8061799739838872,COc1ccccc1N1CCN(CCNC(=S)C2CCCCC2)CC1
C1CCC2(C1)CC(=O)N(C(=O)C2)CCCCN3CCN(CC3)C4=NSC5=CC=CC=C54,-0.3222192947339193,O=C1CC2(CCCC2)CC(=O)N1CCCCN1CCN(c2nsc3ccccc23)CC1
C1CN(CCC1CN2CCC(CC2)C3=NOC4=C3C=CC(=C4)F)S(=O)(=O)C5=CC=C(C=C5)[N+](=O)[O-],-0.9395192526186184,O=[N+]([O-])c1ccc(S(=O)(=O)N2CCC(CN3CCC(c4noc5cc(F)ccc45)CC3)CC2)cc1
CN1C(=CC=C1CN2CCCC2=O)CN3CCN(CC3)C4=CC=CC=C4OC,-1.7399676967595097,COc1ccccc1N1CCN(Cc2ccc(CN3CCCC3=O)n2C)CC1
CCCCCNCC1CCC2=C(O1)C=C(C=C2)O,-1.3541084391474008,CCCCCNCC1CCc2ccc(O)cc2O1
CN1CCC2=CC(=C(C=C2C3C1CCC4=CC=CC=C34)OC)O,-3.8061799739838866,COc1cc2c(cc1O)CCN(C)C1CCc3ccccc3C21
C1CC(N(C1)CCCCCCN2CCCC2CC3=CC(=C(C=C3)O)O)CC4=CC(=C(C=C4)O)O,-0.7911992464988753,Oc1ccc(CC2CCCN2CCCCCCN2CCCC2Cc2ccc(O)c(O)c2)cc1O
C1CN(CC1C2=CC=CC=C2)CCCCN3C(=O)C4=CC=CC=C4S3(=O)=O,-2.2900346113625183,O=C1c2ccccc2S(=O)(=O)N1CCCCN1CCC(c2ccccc2)C1
C1CN(CCN1CCCCN2C(=O)C3CC=CCC3C2=O)C4=CC=CC(=C4)C(F)(F)F,-3.4345689040341987,O=C1C2CC=CCC2C(=O)N1CCCCN1CCN(c2cccc(C(F)(F)F)c2)CC1
CC1=CC2=C3C(CC4=C(C3=C1)C(=C(C=C4)O)O)N(CC2)C.Cl,-1.3159703454569178,Cc1cc2c3c(c1)-c1c(ccc(O)c1O)CC3N(C)CC2.Cl
C1CC2C3=C(CC1N2CC4=CC=CC=C4)NC5=CC=CC=C53,-3.562292864456474,c1ccc(CN2C3CCC2c2c([nH]c4ccccc24)C3)cc1
C1CN(CCC1CN2CCC(CC2)C3=NOC4=C3C=CC(=C4)F)S(=O)(=O)C5=CC=C(C=C5)F,-2.3240765797394864,O=S(=O)(c1ccc(F)cc1)N1CCC(CN2CCC(c3noc4cc(F)ccc34)CC2)CC1
COC1=CC(=C(C=C1C(=O)NC2CCN(C2)CC3=CC=CC=C3)Cl)NC(=O)C4=CC=CC=C4,-2.7993405494535817,COc1cc(NC(=O)c2ccccc2)c(Cl)cc1C(=O)NC1CCN(Cc2ccccc2)C1
C1CN(CCN1CCCCN2CCN3C4=CC=CC=C4C=C3C2=O)C5=CC=CC(=C5)C#N,-2.530199698203082,N#Cc1cccc(N2CCN(CCCCN3CCn4c(cc5ccccc54)C3=O)CC2)c1
COC1=C(C=C(C2=CC=CC=C21)Br)C(=O)NC3CCN(C3)CC4=CC=CC=C4,-0.9867717342662448,COc1c(C(=O)NC2CCN(Cc3ccccc3)C2)cc(Br)c2ccccc12
CCCN(CCC)C1CC2=C3C(=CC=C2)NCC(=O)N3C1,-1.9030899869919435,CCCN(CCC)C1Cc2cccc3c2N(C1)C(=O)CN3
CN1C2=C(C(=O)N(C1=O)C)N3C=C(C(=NC3=N2)NCCCN4CCN(CC4)C5=CC(=CC=C5)Cl)Br,-2.421603926869832,Cn1c(=O)c2c(nc3nc(NCCCN4CCN(c5cccc(Cl)c5)CC4)c(Br)cn32)n(C)c1=O
CCCN(CC1=CC=C(N1C)CN2CCN(CC2)C3=CC=CC=C3OC)S(=O)(=O)C4=CC=CC=C4,-1.0,CCCN(Cc1ccc(CN2CCN(c3ccccc3OC)CC2)n1C)S(=O)(=O)c1ccccc1
CC(=O)NC1=C2C(=C(C=C1)OCCCN3CCN(CC3)C4=C5C=CSC5=CC=C4)CCC(=O)N2,-0.3617278360175928,CC(=O)Nc1ccc(OCCCN2CCN(c3cccc4sccc34)CC2)c2c1NC(=O)CC2
CC1(COC2=C1C=CC=C2OCCNCC3=CC=CC(=C3)C4=CCCC4)C,0.09001630506015597,CC1(C)COc2c(OCCNCc3cccc(C4=CCCC4)c3)cccc21
CCCN(CCN1CCN(CC1)C(=O)C2=CC3=CC=CC=C3N2)C4CCC5=C(C4)SC(=N5)N,-2.9304395947667,CCCN(CCN1CCN(C(=O)c2cc3ccccc3[nH]2)CC1)C1CCc2nc(N)sc2C1
COC1=C(C(=CC=C1)OC)OCCNCC2COC3=CC=CC=C3O2,-2.0891983668051495,COc1cccc(OC)c1OCCNCC1COc2ccccc2O1
CCCN(CCC)C1CCC2=C(C1)C3=C(C=C2)NC=C3C=O,-2.6263403673750423,CCCN(CCC)C1CCc2ccc3[nH]cc(C=O)c3c2C1
CC1CN(CCN1CCC2C3=C(CCO2)C=C(C=C3)C(=O)N)C4=CC=CC5=C4C=CC(=C5)F,-0.6720978579357175,CC1CN(c2cccc3cc(F)ccc23)CCN1CCC1OCCc2cc(C(N)=O)ccc21
COC1=CC=C(C=C1)C2CCC(CC2)N3CCN(CC3)C4=CC=CC=N4,-2.897352134344313,COc1ccc(C2CCC(N3CCN(c4ccccn4)CC3)CC2)cc1
CN1CCC2=C3C1CC4=C(C3=CC(=C2)SCCN)C(=C(C=C4)O)O.Cl.Cl,-0.9822712330395684,CN1CCc2cc(SCCN)cc3c2C1Cc1ccc(O)c(O)c1-3.Cl.Cl
CN1C=CC(=N1)C2=CC3=C(C=C2)N(C=C3C4CCN(CC4)CCN5CCNC5=O)C6=CC=C(C=C6)F,-2.6901960800285143,Cn1ccc(-c2ccc3c(c2)c(C2CCN(CCN4CCNC4=O)CC2)cn3-c2ccc(F)cc2)n1
C1CN(CCC1C2=NOC3=C2C=CC(=C3)F)CCCOC4=CC=C(C=C4)C5=NC6=CC=CC=C6O5,-1.3434085938038574,Fc1ccc2c(C3CCN(CCCOc4ccc(-c5nc6ccccc6o5)cc4)CC3)noc2c1
CCOC1=CC=CC=C1N2CCN(CC2)CC3=CC=CC(=C3)C(=O)N4CCCCCC4,-1.7558748556724917,CCOc1ccccc1N1CCN(Cc2cccc(C(=O)N3CCCCCC3)c2)CC1
CC1=C(OC=N1)C2=NN=C(N2C)SCCCN3CC4CC4(C3)C5=CC=C(C=C5)C(F)(F)F,0.04997609347667352,Cc1ncoc1-c1nnc(SCCCN2CC3CC3(c3ccc(C(F)(F)F)cc3)C2)n1C
CC1(C2=C(C=CC(=C2)CCN3CCN(CC3)C4=NSC5=CC=CC=C54)NC1=O)C,-0.4913616938342727,CC1(C)C(=O)Nc2ccc(CCN3CCN(c4nsc5ccccc45)CC3)cc21
CCCN(CCC)C1CC2=C3C(=CC=C2)NC(=O)CN3C1.Cl,-1.4771212547196624,CCCN(CCC)C1Cc2cccc3c2N(CC(=O)N3)C1.Cl
CC1=C2CNCC3C2=C(CC4=C3C=CC(=C4O)O)C=C1,-1.4393326938302626,Cc1ccc2c3c1CNCC3c1ccc(O)c(O)c1C2
CC(C)OC1=CC=CC=C1N2CCN(CC2)CC3=CC=CC(=N3)CN4CCCCC4=O.Cl,-3.382917135087532,CC(C)Oc1ccccc1N1CCN(Cc2cccc(CN3CCCCC3=O)n2)CC1.Cl
CC1=CC(=O)OC2=C1C=CC(=C2)OCCCCN3CCC(CC3)C4=NC5=CC=CC=C5S4,-2.3836358683618797,Cc1cc(=O)oc2cc(OCCCCN3CCC(c4nc5ccccc5s4)CC3)ccc12
CCCN(CCC)C1CCC2=CC(=C3C(=C2C1)C(=CN3)C=O)F,-1.6812412373755872,CCCN(CCC)C1CCc2cc(F)c3[nH]cc(C=O)c3c2C1
C1CN(CC2=C1C3=CC=CC=C3N2CCCN4CCN(CC4)C5=CC(=CC=C5)Cl)CCC6=CC=CC=N6,-2.3283796034387376,Clc1cccc(N2CCN(CCCn3c4c(c5ccccc53)CCN(CCc3ccccn3)C4)CC2)c1
COCCN1CCC2C1CCC3=C2C(=CC=C3)Br,-2.4014005407815437,COCCN1CCC2c3c(Br)cccc3CCC21
CCCCS(=O)(=O)N(C)CC1=CC=C(N1C)CN2CCN(CC2)C3=CC=CC=C3OC(C)C.C(CC(=O)O)C(=O)O,-2.0,CCCCS(=O)(=O)N(C)Cc1ccc(CN2CCN(c3ccccc3OC(C)C)CC2)n1C.O=C(O)CCC(=O)O
C1CCN2C(C1)C(=O)N(C2=O)CCCCN3CCN(CC3)C4=CC(=CC=C4)Cl,-2.110589710299249,O=C1C2CCCCN2C(=O)N1CCCCN1CCN(c2cccc(Cl)c2)CC1
C1CN(CC2=C1N(C3=C2C=C(C=C3)F)C4=CC=C(C=C4)F)CCC5=CC=NC=C5.Cl,-1.0791812460476249,Cl.Fc1ccc(-n2c3c(c4cc(F)ccc42)CN(CCc2ccncc2)CC3)cc1
C1CCC(CC1)NC(=O)N2CCN(CC2)CCCC(=O)C3=CC=C(C=C3)F,-2.6998377258672464,O=C(CCCN1CCN(C(=O)NC2CCCCC2)CC1)c1ccc(F)cc1
C1CN(CCC1O)CCCCCCCCOC2=CC3=C(C=C2)C(=O)C=C(O3)C4=CC=CC=C4,-3.4471580313422194,O=c1cc(-c2ccccc2)oc2cc(OCCCCCCCCN3CCC(O)CC3)ccc12
CCN1CCCC1CNC(=O)C2=C(C=CC(=C2O)Br)OC,0.2596373105057561,CCN1CCCC1CNC(=O)c1c(OC)ccc(Br)c1O
C1=CC=C(C=C1)CNCCOC2=CC=CC3=C2N=C(N3)C(F)(F)F,-0.01703333929878037,FC(F)(F)c1nc2c(OCCNCc3ccccc3)cccc2[nH]1
C1CN(CC2=C1NC3=C2C=C(C=C3)Cl)CCCC4=CN=CC=C4,-2.1003705451175634,Clc1ccc2[nH]c3c(c2c1)CN(CCCc1cccnc1)CC3
CCCN1CCC2=C3C1CC4=C(C3=CC(=C2)OCCCF)C(=CC=C4)O,-2.389644431079479,CCCN1CCc2cc(OCCCF)cc3c2C1Cc1cccc(O)c1-3
CCCN1CCCC(C1)C2=CC=CC=C2OS(=O)(=O)C(F)(F)F,-1.9637878273455556,CCCN1CCCC(c2ccccc2OS(=O)(=O)C(F)(F)F)C1
CCC1=CC=CC2=C1C3=C4C(C2)N(CCC4=CC=C3)C,-1.8976270912904412,CCc1cccc2c1-c1cccc3c1C(C2)N(C)CC3
CCCCN1CCCC1CNC(=O)C2=CC(=CC3=C2OC(C3)C)S(=O)(=O)N,-1.977723605288848,CCCCN1CCCC1CNC(=O)c1cc(S(N)(=O)=O)cc2c1OC(C)C2
CN1C2=C(C(=O)N(C1=O)C)N3C=C(N(C3=N2)CCCN4CCN(CC4)C5=CC=CC=C5OC)C6=CC=CC=C6,-2.155336037465062,COc1ccccc1N1CCN(CCCn2c(-c3ccccc3)cn3c4c(=O)n(C)c(=O)n(C)c4nc23)CC1
COC1=C(C(=CC(=C1)I)C(=O)NC2CC3CCCC(C2)N3CC4=CC=CC=C4)OC,1.3010299956639813,COc1cc(I)cc(C(=O)NC2CC3CCCC(C2)N3Cc2ccccc2)c1OC
CC1CN(CCN1CCCCOC2=CC3=C(CCC(=O)N3)C=C2)C4=C5C=CSC5=CC=C4,-0.0,CC1CN(c2cccc3sccc23)CCN1CCCCOc1ccc2c(c1)NC(=O)CC2
C1CC2C3=C(C=CC(=C3)F)C(CN2C1)C4=CC=C(C=C4)F.Br,-2.3820170425748683,Br.Fc1ccc(C2CN3CCCC3c3cc(F)ccc32)cc1
CCCN(CCC)C1CCC2=C(C1)C=CC(=C2N)F,-1.934498451243568,CCCN(CCC)C1CCc2c(ccc(F)c2N)C1
COC1=CC=CC=C1N2CCN(CC2)CCCN3C(=O)CC(=C(C4=CC=CC=C4)C5=CC=CC=C5)C3=O,-2.1931245983544616,COc1ccccc1N1CCN(CCCN2C(=O)CC(=C(c3ccccc3)c3ccccc3)C2=O)CC1
C1CN(CCC1N2C3=C(C=C(C=C3)Cl)NC2=O)CCCN4C5=CC=CC=C5NC4=O,0.2596373105057561,O=c1[nH]c2ccccc2n1CCCN1CCC(n2c(=O)[nH]c3cc(Cl)ccc32)CC1
COC1=CC=CC=C1N2CCN(CC2)CCCCSC3=NC4=CC=CC=C4S3,-1.7656685547590143,COc1ccccc1N1CCN(CCCCSc2nc3ccccc3s2)CC1
COC1=CC=CC2=C1CN3CCC4=CC(=C(C=C4C3C2)OC)OC,-2.577537754493837,COc1cc2c(cc1OC)C1Cc3cccc(OC)c3CN1CC2
C1CC2=C(N(C(=O)N2C1)CCCCN3CCN(CC3)C4=CC=CC=C4)O,-2.6190933306267428,O=c1n(CCCCN2CCN(c3ccccc3)CC2)c(O)c2n1CCC2
C1CC2=C(C=C(C=C2)O)OC1CNCC3=CC=CC4=CC=CC=C43.C(=O)(C(=O)O)O,-0.3891660843645325,O=C(O)C(=O)O.Oc1ccc2c(c1)OC(CNCc1cccc3ccccc13)CC2
CC(C)OC1=CC=CC=C1N2CCN(CC2)CC3=CC=C(C=C3)CN4CCCCC4=O,-1.3617278360175928,CC(C)Oc1ccccc1N1CCN(Cc2ccc(CN3CCCCC3=O)cc2)CC1
C1CNC(CC1CCCCCCOC2=CC3=C(C=C2)OC(=CC3=O)C4=CC=CC=C4)CCO,-3.431363764158988,O=c1cc(-c2ccccc2)oc2ccc(OCCCCCCC3CCNC(CCO)C3)cc12
C1CN(CCN1CCO)C2CN3C=CC=C3SC4=C2C=C(C=C4)F,-1.3424226808222062,OCCN1CCN(C2Cn3cccc3Sc3ccc(F)cc32)CC1
COC1=CC=C(C=C1)CCCCNCCOC2=CC=CC3=C2OCCC3,0.2361977759254073,COc1ccc(CCCCNCCOc2cccc3c2OCCC3)cc1
CCCCN1CCCC1CNC(=O)C2=CC(=CC3=C2OC(C3)C)S(=O)(=O)N,-1.3617278360175928,CCCCN1CCCC1CNC(=O)c1cc(S(N)(=O)=O)cc2c1OC(C)C2
C1CN(CCC1O)CCCCCCCOC2=CC3=C(C=C2)OC(=CC3=O)C4=CC=CC=C4,-3.812913356642856,O=c1cc(-c2ccccc2)oc2ccc(OCCCCCCCN3CCC(O)CC3)cc12
CC1CN(CCN1CCC2C3CC=C(C=C3CO2)C(=O)N)C4=CC=CC5=C4C=CC(=C5)C#N,-2.5390760987927767,CC1CN(c2cccc3cc(C#N)ccc23)CCN1CCC1OCC2=CC(C(N)=O)=CCC21
CCCC1=CC2=C(S1)CNC3C2C4=CC(=C(C=C4CC3)O)O,-3.146128035678238,CCCc1cc2c(s1)CNC1CCc3cc(O)c(O)cc3C21
C1CN(CCC1C(=O)C2=CC=C(C=C2)F)CC3CC4=CC=CC=C4C(=O)C3,-1.319938439980309,O=C1CC(CN2CCC(C(=O)c3ccc(F)cc3)CC2)Cc2ccccc21
COC1=CC(=C(C=C1C(=O)NC2CCN(C2)CC3=CC=CC=C3)Cl)NC(=O)C4CC4,-2.2787536009528293,COc1cc(NC(=O)C2CC2)c(Cl)cc1C(=O)NC1CCN(Cc2ccccc2)C1
C1CN(CCC12C(=O)NCN2C3=CC=CC=C3)CCCC(C4=CC=C(C=C4)F)C5=CC=C(C=C5)F,-0.17609125905568124,O=C1NCN(c2ccccc2)C12CCN(CCCC(c1ccc(F)cc1)c1ccc(F)cc1)CC2
CN1CCC2=CC(=C(C=C2C(C1)CC#C)O)Cl,-2.7965743332104296,C#CCC1CN(C)CCc2cc(Cl)c(O)cc21
C1CN(CC=C1C2=CC=CC=C2)CCC#CC3=CN=CC=C3,-1.568201724066995,C(#Cc1cccnc1)CCN1CC=C(c2ccccc2)CC1
CC(C)OC1=CC=CC=C1N2CCN(CC2)CC3=CC=CC(=C3)C(=O)N4CCCCC4=O,-1.5910646070264989,CC(C)Oc1ccccc1N1CCN(Cc2cccc(C(=O)N3CCCCC3=O)c2)CC1
C1CC2C(=O)N(CC(=O)N2C1)CN3CCN(CC3)C4=CC=CC5=CC=CC=C54,-2.2833012287035497,O=C1C2CCCN2C(=O)CN1CN1CCN(c2cccc3ccccc23)CC1
COC1CCOC2=C(C=C(C=C12)F)OCCNCCCCC3=CC=C(C=C3)OC,-0.9576072870600952,COc1ccc(CCCCNCCOc2cc(F)cc3c2OCCC3OC)cc1
C1C(OC(C2=C1C(=C(C=C2)O)O)CN)CC3=CC=CC=C3,-3.1673173347481764,NCC1OC(Cc2ccccc2)Cc2c1ccc(O)c2O
CCCCN(CCCC)C(=O)C1=CC(=CC=C1)CN2CCN(CC2)C3=CC=CC=C3OC(C)C,-1.2041199826559248,CCCCN(CCCC)C(=O)c1cccc(CN2CCN(c3ccccc3OC(C)C)CC2)c1
CCCN(CCC)C1CC2=C(C1)C=C(C=C2)O,-1.7242758696007892,CCCN(CCC)C1Cc2ccc(O)cc2C1
CCCN(CCC)C1CCC2=C(C1)CCCC2=NO,-3.34908316877959,CCCN(CCC)C1CCC2=C(CCCC2=NO)C1
C1CN(CC=C1C2=CC=CC=C2)CCCCC3=C4C5=C(C=CC=C5NC4=O)C=C3,-2.019988159591285,O=C1Nc2cccc3ccc(CCCCN4CC=C(c5ccccc5)CC4)c1c23
CC(C)C1=CC=CC=C1N2CCNCC2,-2.0453229787866576,CC(C)c1ccccc1N1CCNCC1
COC1=C(C=CC(=C1)Cl)C(=O)NC2CC3CCC(C2)N3CC4=CC=CO4,-2.2412973871099933,COc1cc(Cl)ccc1C(=O)NC1CC2CCC(C1)N2Cc1ccco1
CCN1CCCC1CNC(=O)C2=C(C=CC(=C2)S(=O)(=O)N)OC,-1.3222192947339193,CCN1CCCC1CNC(=O)c1cc(S(N)(=O)=O)ccc1OC
CN1CCN(CC1)C2CN3C(=CC=C3SC4=C2C=C(C=C4)Cl)COC,-3.1553360374650623,COCc1ccc2n1CC(N1CCN(C)CC1)c1cc(Cl)ccc1S2
C1C2C3=C(CC4=C2C(=CC=C4)CN1)C(=C(C=C3)O)O,-1.5397032389478256,Oc1ccc2c(c1O)Cc1cccc3c1C2CNC3
CN1C(=CC=C1CN2CCCC2=O)CN3CCN(CC3)C4=CC=CC=C4C#N,-3.0,Cn1c(CN2CCN(c3ccccc3C#N)CC2)ccc1CN1CCCC1=O
CCCN(CCN1CCN(CC1)C(=O)C2=CC=C(C=C2)C3=CC=CC=C3)C4CCC5=C(C4)SC(=N5)N,-3.2216749970707688,CCCN(CCN1CCN(C(=O)c2ccc(-c3ccccc3)cc2)CC1)C1CCc2nc(N)sc2C1
C1CN(CCN1CCC2CC3=C2C=CC=C3Cl)C4=C5C(=CC=C4)OCCO5,-1.7800291273373383,Clc1cccc2c1CC2CCN1CCN(c2cccc3c2OCCO3)CC1
CCN1CCCC1CNC(=O)C2=C(C=CC(=C2OC)OC)O,0.12493873660829992,CCN1CCCC1CNC(=O)c1c(O)ccc(OC)c1OC
C1CN(CCC1C(=O)C2=CC=C(C=C2)F)CCC3=CC(=CC=C3)I,-1.7143297597452332,O=C(c1ccc(F)cc1)C1CCN(CCc2cccc(I)c2)CC1
C1CCC2(C1)CC(=O)N(C(=O)C2)CCCCN3CCN(CC3)C4=NC=CC=N4,-2.5646660642520893,O=C1CC2(CCCC2)CC(=O)N1CCCCN1CCN(c2ncccn2)CC1
C1CN(CCN1CCCNC(=O)C2=C3C(=CC=C2)CC4=CC=CC=C43)C5=C(C(=CC=C5)Cl)Cl,-2.5751878449276613,O=C(NCCCN1CCN(c2cccc(Cl)c2Cl)CC1)c1cccc2c1-c1ccccc1C2
CC1=CC(=CC=C1)N2CCN(CC2)CCCCCCN3CCN(CC3)C4=CC=CC=N4,-1.6434526764861874,Cc1cccc(N2CCN(CCCCCCN3CCN(c4ccccn4)CC3)CC2)c1
C1CC2=C(C=C(C=C2)O)OC1CNCCCOC3=CC=CC(=C3)N.Cl,-0.9242792860618816,Cl.Nc1cccc(OCCCNCC2CCc3ccc(O)cc3O2)c1
CC1=CC=C(C=C1)C2C(OC3=CC=CC=C3O2)CNCCOC4=C(C=CC=C4OC)OC,-2.9176630243273753,COc1cccc(OC)c1OCCNCC1Oc2ccccc2OC1c1ccc(C)cc1
CN1CCN2C(C1)C3=CC=CC=C3CC4=C2N=CC=C4,-3.4346543175270132,CN1CCN2c3ncccc3Cc3ccccc3C2C1
CCN1CCC2=CC(=CC3=C2C1CC4=CC=CC=C4O3)OC,-3.9299999805071786,CCN1CCc2cc(OC)cc3c2C1Cc1ccccc1O3
COC1=CC=CC(=C1)N2CCN(CC2)CCCCCCN3CCN(CC3)C4=CC(=CC=C4)Cl,-0.6020599913279624,COc1cccc(N2CCN(CCCCCCN3CCN(c4cccc(Cl)c4)CC3)CC2)c1
