,UniProt ID,InChI Key,canonical_smiles,Isomeric_smiles,Parameter,Value,Unit,Database Source,Database Target ID,Database Ligand ID,Reference
0,O43613,SKPVBSAZFYVNSU-QFIPXVFZSA-N,CC(C)(C)C(C(=O)N1CCC2=CC(=C(C=C2C1)OC)OC)NCC3=CC=CC=C3,CC(C)(C)[C@H](C(=O)N1CCC2=CC(=C(C=C2C1)OC)OC)NCC3=CC=CC=C3,IC50,>10000,nM,BindingDB,,50136707,19199652
1,O43613,RBXLLLSMEMUIRH-UHFFFAOYSA-N,COC1=C(C(=CC=C1)OC)C2CCCC(=O)N2C3=CC=CC=C3,COC1=C(C(=CC=C1)OC)C2CCCC(=O)N2C3=CC=CC=C3,IC50,>10000,nM,ChEMBL,CHEMBL5113,CHEMBL3113542,24447850
2,O43613,LQVJQRXTDMNQRS-RHSMWYFYSA-N,CC1CCC(CN1C(=O)C2=C(N=C(C=C2)OCF)N3N=CC=N3)OC4=NC=CC(=C4C)C#N,C[C@@H]1CC[C@H](CN1C(=O)C2=C(N=C(C=C2)OCF)N3N=CC=N3)OC4=NC=CC(=C4C)C#N,IC50,>10000,nM,BindingDB,,205225,
3,O43613,KCWNVAAECBJOCC-UHFFFAOYSA-N,CC(C)(C)C(C(=O)N1CCC2=CC(=C(C=C2C1)OC)OC)NCCC3=CC=CC=C3,CC(C)(C)C(C(=O)N1CCC2=CC(=C(C=C2C1)OC)OC)NCCC3=CC=CC=C3,IC50,>10000,nM,BindingDB,,50136692,19199652
4,O43613,DAMQOVYIJJKZLF-UHFFFAOYSA-N,COC1=C(C(=CC=C1)OC)C2CCCC(=O)N2CC3=CN4C=CC=CC4=N3,COC1=C(C(=CC=C1)OC)C2CCCC(=O)N2CC3=CN4C=CC=CC4=N3,IC50,17670,nM,ChEMBL,CHEMBL5113,CHEMBL3901353,None
5,O43613,GJGVJHSDPXITJE-JYRVWZFOSA-N,CC1=CC=C(S1)C=C2C(=O)C3=CC=CC=C3S2,CC1=CC=C(S1)/C=C\2/C(=O)C3=CC=CC=C3S2,IC50,23071,nM,ChEMBL,CHEMBL5113,CHEMBL1330781,PubChem BioAssay data set
6,O43613,BGSMGRPUSYWWHJ-UHFFFAOYSA-N,CC1=CC=C(N1C2=C(SC=C2)C3=CC4=NC(=CC(=O)N4N3)C)C,CC1=CC=C(N1C2=C(SC=C2)C3=CC4=NC(=CC(=O)N4N3)C)C,IC50,32576,nM,BindingDB,,79879,
7,O43613,OLDJYSWECNTPCR-UHFFFAOYSA-N,CCC1=CC=C(C=C1)S(=O)(=O)N(CC(=O)N(CC)CC)C2=CC=C(C=C2)C,CCC1=CC=C(C=C1)S(=O)(=O)N(CC(=O)N(CC)CC)C2=CC=C(C=C2)C,IC50,>10000,nM,BindingDB,,50293203,18845436
8,O43613,DRSDLTFJRNRLDX-UHFFFAOYSA-N,COC1=C(C=C2CN(CCC2=C1)C(=O)C(CC3=CC=CC=C3)C4=CC=CC=C4)OC,COC1=C(C=C2CN(CCC2=C1)C(=O)C(CC3=CC=CC=C3)C4=CC=CC=C4)OC,IC50,>10000,nM,BindingDB,,50136702,14643355
9,O43613,XLJMQSLOEBFAKA-UHFFFAOYSA-N,C1=CC=C(C=C1)C2=C(C(=O)NC3=C2C=C(C=C3)Cl)[N+](=O)[O-],C1=CC=C(C=C1)C2=C(C(=O)NC3=C2C=C(C=C3)Cl)[N+](=O)[O-],IC50,>49761,nM,ChEMBL,CHEMBL5113,CHEMBL1511752,PubChem BioAssay data set
10,O43613,LSTQAQPPJDRVTL-HUUCEWRRSA-N,CCOC(=O)C1=CN=C(S1)C2CCC(N(C2)C(=O)C3=CC=CC=C3N4N=CC=N4)C,CCOC(=O)C1=CN=C(S1)[C@@H]2CC[C@H](N(C2)C(=O)C3=CC=CC=C3N4N=CC=N4)C,IC50,>10000,nM,BindingDB,,101645,
11,O43613,XNMNTOFNEHOCDS-UHFFFAOYSA-N,C=CCNC1=NC(=NC(=N1)N2C=CN=C2)N(C3=CC=CC=C3)C4=CC=CC=C4,C=CCNC1=NC(=NC(=N1)N2C=CN=C2)N(C3=CC=CC=C3)C4=CC=CC=C4,IC50,>49751,nM,ChEMBL,CHEMBL5113,CHEMBL1493493,PubChem BioAssay data set
12,O43613,UHTPDTVWEFXSFX-UHFFFAOYSA-N,CN(C)S(=O)(=O)C1=CC=C(C=C1)C2=CSC(=N2)N=NCC3=CC=CO3,CN(C)S(=O)(=O)C1=CC=C(C=C1)C2=CSC(=N2)N=NCC3=CC=CO3,IC50,>49756,nM,BindingDB,,79579,
13,O43613,FAWYIQXHIRKEBJ-QFIPXVFZSA-N,COC1=CC=C(C=C1)CNC(=O)COC(=O)C(CC2=CNC3=CC=CC=C32)NC(=O)C4=CC=CS4,COC1=CC=C(C=C1)CNC(=O)COC(=O)[C@H](CC2=CNC3=CC=CC=C32)NC(=O)C4=CC=CS4,IC50,26893,nM,BindingDB,,79860,
14,O43613,ZWZJQNSDEXBTRV-UHFFFAOYSA-N,CN(C)C1=CC=C(C=C1)C2=NN=C(O2)C3=CC=CS3,CN(C)C1=CC=C(C=C1)C2=NN=C(O2)C3=CC=CS3,IC50,>49735,nM,BindingDB,,49735,
15,O43613,YTOHYVGABBLAOV-UHFFFAOYSA-N,CCN(CC)C(=O)CN(C1=CC=C(C=C1)C)S(=O)(=O)C2=CC(=CC=C2)Cl,CCN(CC)C(=O)CN(C1=CC=C(C=C1)C)S(=O)(=O)C2=CC(=CC=C2)Cl,IC50,>10000,nM,ChEMBL,CHEMBL5113,CHEMBL497565,18845436
16,O43613,JKJNKMQWSCQAFH-HUUCEWRRSA-N,CC1CCC(CN1C(=O)C2=CC=CC=C2N3N=CC=N3)C4=CN=C(S4)C(C)(C)O,C[C@@H]1CC[C@H](CN1C(=O)C2=CC=CC=C2N3N=CC=N3)C4=CN=C(S4)C(C)(C)O,IC50,>10000,nM,BindingDB,,101834,
17,O43613,BKDJKRNDJKWZFN-UHFFFAOYSA-N,CC(C)(C)C(C(=O)N1CCC2=CC(=C(C=C2C1)OC)OC)NCCCC3=CC=CC=C3,CC(C)(C)C(C(=O)N1CCC2=CC(=C(C=C2C1)OC)OC)NCCCC3=CC=CC=C3,IC50,>10000,nM,ChEMBL,CHEMBL5113,CHEMBL342363,14643355
18,O43613,OFXZJOZJRALMEK-UHFFFAOYSA-N,CCN(CC)C(=O)CN(C1=CC=C(C=C1)C)S(=O)(=O)C2=CC=C(C=C2)C(C)(C)C,CCN(CC)C(=O)CN(C1=CC=C(C=C1)C)S(=O)(=O)C2=CC=C(C=C2)C(C)(C)C,IC50,>10000,nM,BindingDB,,50292965,19199652
19,O43613,VZABYWQCSHQAKX-UHFFFAOYSA-N,CC1=CN=CC(=C1)C2=CN=C(C(=N2)C(=O)NCC3=NC(=C(C=C3)OC)OC)C4=CC=CC=C4,CC1=CN=CC(=C1)C2=CN=C(C(=N2)C(=O)NCC3=NC(=C(C=C3)OC)OC)C4=CC=CC=C4,IC50,>20000,nM,ChEMBL,CHEMBL5113,CHEMBL3338849,25248679
20,O43613,GJFQXGOCDZYROX-DNVCBOLYSA-N,CCC1=CC=CC=C1C(=O)N2CC(CCC2C)OC3=NC=CC(=C3C)C#N,CCC1=CC=CC=C1C(=O)N2C[C@@H](CC[C@H]2C)OC3=NC=CC(=C3C)C#N,IC50,>10000,nM,BindingDB,,205155,
21,O43613,FYKDJUVDQWCBJR-KRWDZBQOSA-N,CC1=CC(=C(C=C1)N2N=CC=N2)C(=O)N3CCCC3C4=NC(=NO4)C5=CN(N=C5)C,CC1=CC(=C(C=C1)N2N=CC=N2)C(=O)N3CCC[C@H]3C4=NC(=NO4)C5=CN(N=C5)C,IC50,>1420,nM,BindingDB,,257590,
22,O43613,MOGPCFGJLJCFNU-UHFFFAOYSA-N,CC1=CC(=C(C=C1)O)NC(=O)C2=NOC(=C2)C3=CC=CC=C3Cl,CC1=CC(=C(C=C1)O)NC(=O)C2=NOC(=C2)C3=CC=CC=C3Cl,IC50,>49771,nM,ChEMBL,CHEMBL5113,CHEMBL1378896,PubChem BioAssay data set
23,O43613,LDTIYHLHBPAKHZ-NVXWUHKLSA-N,CC1CCC(CN1C(=O)C2=CC=CC=C2N3N=CC=N3)OC4=NC=CC(=C4C#N)C#N,C[C@@H]1CC[C@H](CN1C(=O)C2=CC=CC=C2N3N=CC=N3)OC4=NC=CC(=C4C#N)C#N,IC50,>10000,nM,BindingDB,,205259,
24,O43613,GSFVSUDIBTYRBH-UHFFFAOYSA-N,CN(C)CCOC1=CC=C(C=C1)C2=C(SC3=C2C=C(C=C3)OC)C4=CC(=CC=C4)OC,CN(C)CCOC1=CC=C(C=C1)C2=C(SC3=C2C=C(C=C3)OC)C4=CC(=CC=C4)OC,IC50,15785,nM,BindingDB,,75438,
25,O43613,SSNHBJGTVJIWTN-DEOSSOPVSA-N,COC1=C(C=C2CN(CCC2=C1)C(=O)C(CC3=CC=CC=C3)NCC4=CC=CC=C4)OC,COC1=C(C=C2CN(CCC2=C1)C(=O)[C@H](CC3=CC=CC=C3)NCC4=CC=CC=C4)OC,IC50,>10000,nM,ChEMBL,CHEMBL5113,CHEMBL343141,14643355
26,O43613,SQUFXKFOKZCMSQ-IBGZPJMESA-N,CC1=C(C=CC=C1Cl)C2=NN=C(O2)C3CCCN3C(=O)C4=C(ON=C4C5=CC=CC=C5Cl)C,CC1=C(C=CC=C1Cl)C2=NN=C(O2)[C@@H]3CCCN3C(=O)C4=C(ON=C4C5=CC=CC=C5Cl)C,IC50,11100,nM,BindingDB,,258097,
27,O43613,JCDJUPCHHNRGJF-UKRRQHHQSA-N,CC1CCC(CN1C(=O)C2=CC=CC=C2OC(F)F)OC3=NC=CC(=C3)C#N,C[C@@H]1CC[C@H](CN1C(=O)C2=CC=CC=C2OC(F)F)OC3=NC=CC(=C3)C#N,IC50,>10000,nM,ChEMBL,CHEMBL5113,CHEMBL3426154,25981685
28,O43613,XYNNXNVPFFLPEB-UHFFFAOYSA-N,CCN(CC)C(=O)CN(C1=CC=C(C=C1)C)S(=O)(=O)C2=CC(=C(C=C2)OC)OC,CCN(CC)C(=O)CN(C1=CC=C(C=C1)C)S(=O)(=O)C2=CC(=C(C=C2)OC)OC,IC50,>10000,nM,ChEMBL,CHEMBL5113,CHEMBL510425,18845436
29,O43613,XDHSYBVDZZESJO-UHFFFAOYSA-N,C1=CC2=C(C(=C1)NC(=S)NC(=O)C3=CC=CS3)N=CC=C2,C1=CC2=C(C(=C1)NC(=S)NC(=O)C3=CC=CS3)N=CC=C2,IC50,>3.31,nM,BindingDB,,43882,
30,O43613,OQYWTLSOGJZWJK-CZUORRHYSA-N,CC1CCC(CN1C(=O)C2=CC(=NC=C2C3=CN=CS3)F)OC4=NC=CC(=C4C)C#N,C[C@@H]1CC[C@H](CN1C(=O)C2=CC(=NC=C2C3=CN=CS3)F)OC4=NC=CC(=C4C)C#N,IC50,>10000,nM,BindingDB,,205115,
31,O43613,LQOBCPWHDVTSJV-UHFFFAOYSA-N,CCOC(=O)C1=C(N=C2N1C=CC3=CC=CC=C32)C,CCOC(=O)C1=C(N=C2N1C=CC3=CC=CC=C32)C,IC50,32910,nM,BindingDB,,79811,
32,O43613,LPKAMAOOCWQPKY-UHFFFAOYSA-N,CCN(CC)C(=O)CN(C1=C(C=CC(=C1)N(C)C)OC)S(=O)(=O)C2=CC(=C(C=C2)OC)OC,CCN(CC)C(=O)CN(C1=C(C=CC(=C1)N(C)C)OC)S(=O)(=O)C2=CC(=C(C=C2)OC)OC,IC50,>10000,nM,ChEMBL,CHEMBL5113,CHEMBL495963,18845436
33,O43613,CTTLAVJVGNLJIX-SFHVURJKSA-N,CC1=CC(=C(C=C1)N2N=CC=N2)C(=O)N3CCCC3C4=NC(=NO4)C5=CN=CC=C5,CC1=CC(=C(C=C1)N2N=CC=N2)C(=O)N3CCC[C@H]3C4=NC(=NO4)C5=CN=CC=C5,IC50,>5040,nM,BindingDB,,257534,
36,O43613,NDXOATUNXVCPTB-UHFFFAOYSA-N,CC1=CC=C(C=C1)C2=NN3C(=C2)N=C(C=C3N4CCC5(CC4)OCCO5)C6=CC=CC=C6,CC1=CC=C(C=C1)C2=NN3C(=C2)N=C(C=C3N4CCC5(CC4)OCCO5)C6=CC=CC=C6,IC50,17438,nM,BindingDB,,74710,
37,O43613,NHRNVKYKZDAAPC-UHFFFAOYSA-N,CN(C)C1=CC=C(C=C1)C2=C(C3=C(S2)C=CC(=C3)OC)C#CCO,CN(C)C1=CC=C(C=C1)C2=C(C3=C(S2)C=CC(=C3)OC)C#CCO,IC50,10322,nM,ChEMBL,CHEMBL5113,CHEMBL1553774,PubChem BioAssay data set
38,O43613,CASRTAOYDNMUOI-AATRIKPKSA-N,CC1=C(C=NN1C)C=CC(=O)C2=CC=CS2,CC1=C(C=NN1C)/C=C/C(=O)C2=CC=CS2,IC50,>49801,nM,BindingDB,,79823,
40,O43613,BUSFYSZBJQDBAF-UHFFFAOYSA-N,CN(C)C(CC1=CC=CC=C1)C(=O)N2CCC3=CC(=C(C=C3C2)OC)OC,CN(C)C(CC1=CC=CC=C1)C(=O)N2CCC3=CC(=C(C=C3C2)OC)OC,IC50,>10000,nM,BindingDB,,50136712,14643355
41,O43613,WHZWFYAFOHLVJV-UHFFFAOYSA-N,CC1=CN=CC(=C1)C2=NC3=C(C(=C2)C(=O)NCC4=NC(=C(C=C4)OC)OC)C(=NO3)C5=CC=CC=C5,CC1=CN=CC(=C1)C2=NC3=C(C(=C2)C(=O)NCC4=NC(=C(C=C4)OC)OC)C(=NO3)C5=CC=CC=C5,IC50,>10000,nM,BindingDB,,50028046,25248679
42,O43613,RZIALXYIRNOGAQ-UHFFFAOYSA-N,CC1=C(C(=NN1C)C)N=CC2=C(C=CC3=CC=CC=C32)O,CC1=C(C(=NN1C)C)N=CC2=C(C=CC3=CC=CC=C32)O,IC50,31191,nM,BindingDB,,79815,
44,O43613,SWNBSXQBPQACGE-OAQYLSRUSA-N,CC(C)(C)C(C(=O)N1CCC2=CC(=C(C=C2C1)OC)OC)NCC3=CC=CC=N3,CC(C)(C)[C@@H](C(=O)N1CCC2=CC(=C(C=C2C1)OC)OC)NCC3=CC=CC=N3,IC50,>10000,nM,ChEMBL,CHEMBL5113,CHEMBL337159,19199652
45,O43613,ZZPYRWQPKUSUJH-UHFFFAOYSA-N,COC1=CC2=CC=CC=C2C=C1C(=O)NC3=CC=C(C=C3)N4CCOCC4,COC1=CC2=CC=CC=C2C=C1C(=O)NC3=CC=C(C=C3)N4CCOCC4,IC50,>49786,nM,BindingDB,,79934,
46,O43613,NZIZHJZCAHXLKW-OAQYLSRUSA-N,CC(C)(C)C(C(=O)N1CCC2=CC(=C(C=C2C1)OC)OC)NCC3=CN=CC=C3,CC(C)(C)[C@@H](C(=O)N1CCC2=CC(=C(C=C2C1)OC)OC)NCC3=CN=CC=C3,IC50,>10000,nM,ChEMBL,CHEMBL5113,CHEMBL139634,19199652
47,O43613,QIAYNTZWXBSCFT-XMSQKQJNSA-N,CC1CCC(CN1C(=O)C2=CC=CC=C2OC3=CC=CC=C3)OC4=NC=CC(=C4C)C#N,C[C@@H]1CC[C@H](CN1C(=O)C2=CC=CC=C2OC3=CC=CC=C3)OC4=NC=CC(=C4C)C#N,IC50,>10000,nM,BindingDB,,205121,
49,O43613,KCSQDLWGFXTURN-UHFFFAOYSA-N,C1=CN(C(=C1)C#N)C2=NC=CC(=N2)C3=CC=CS3,C1=CN(C(=C1)C#N)C2=NC=CC(=N2)C3=CC=CS3,IC50,20302,nM,ChEMBL,CHEMBL5113,CHEMBL1526729,PubChem BioAssay data set
50,O43613,YHNMXXKQLSIUHU-UHFFFAOYSA-N,CSC1=CC=CC(=C1)NC(=O)C2CCCN(C2)S(=O)(=O)C3=CC=C(C=C3)F,CSC1=CC=CC(=C1)NC(=O)C2CCCN(C2)S(=O)(=O)C3=CC=C(C=C3)F,IC50,10386,nM,BindingDB,,79809,
51,O43613,PHAJRNLHWLJQLC-UHFFFAOYSA-N,C1=CC=C(C=C1)OCCSC2=NC3=CC=CC=C3N2CCC(=O)O,C1=CC=C(C=C1)OCCSC2=NC3=CC=CC=C3N2CCC(=O)O,IC50,22965,nM,ChEMBL,CHEMBL5113,CHEMBL1702133,PubChem BioAssay data set
52,O43613,YYMYXFQABPEWJD-CZUORRHYSA-N,CC1CCC(CN1C(=O)C2=C(N=C(C=C2)OC)SC)OC3=NC=CC(=C3C)C#N,C[C@@H]1CC[C@H](CN1C(=O)C2=C(N=C(C=C2)OC)SC)OC3=NC=CC(=C3C)C#N,IC50,>10000,nM,BindingDB,,205221,
53,O43613,HRECINZTPLTEQH-UHFFFAOYSA-N,CN1C2=CC=CC=C2C3(C1=O)N=C4C=CC=CC4=N3,CN1C2=CC=CC=C2C3(C1=O)N=C4C=CC=CC4=N3,IC50,13788,nM,BindingDB,,79797,
54,O43613,OSWKJZVTRUEBIY-CHWSQXEVSA-N,CC1CCC(CN1C(=O)C2=CSC=C2N3N=CC=N3)C4=CSC(=N4)C(C)(C)O,C[C@@H]1CC[C@H](CN1C(=O)C2=CSC=C2N3N=CC=N3)C4=CSC(=N4)C(C)(C)O,IC50,>10000,nM,BindingDB,,50108615,26045032
55,O43613,RBVRQCULUMILKV-ZCYQVOJMSA-N,CC1=CC=CC=C1S(=O)(=O)N2C(CC=C(C2C3=CC(=CC=C3)Cl)C(=O)O)C4=CC=C(C=C4)OC,CC1=CC=CC=C1S(=O)(=O)N2[C@@H](CC=C([C@@H]2C3=CC(=CC=C3)Cl)C(=O)O)C4=CC=C(C=C4)OC,IC50,14630,nM,BindingDB,,79947,
56,O43613,JBVMLMHPHCOLAG-UHFFFAOYSA-N,C1=CC=C(C=C1)C2=NC3=CC=CC=C3C(=N2)SCC#N,C1=CC=C(C=C1)C2=NC3=CC=CC=C3C(=N2)SCC#N,IC50,>49776,nM,BindingDB,,79906,
57,O43613,GGAPVSCGYJFFOX-OWMDVXATSA-N,CCN1C(=O)C2C(C1=O)C3(CCCCN3C2C4=CC(=C(C=C4)SCC)OC)C(=O)OC.C(=O)(C(F)(F)F)O,CCN1C(=O)[C@H]2[C@@H](C1=O)[C@@]3(CCCCN3[C@@H]2C4=CC(=C(C=C4)SCC)OC)C(=O)OC.C(=O)(C(F)(F)F)O,IC50,12421,nM,ChEMBL,CHEMBL5113,CHEMBL1979083,PubChem BioAssay data set
58,O43613,RTEVSGHQXDGFOD-UHFFFAOYSA-N,CCN(CC)C(=O)CN(C1=CC=C(C=C1)C)S(=O)(=O)C2=CC=C(C=C2)Br,CCN(CC)C(=O)CN(C1=CC=C(C=C1)C)S(=O)(=O)C2=CC=C(C=C2)Br,IC50,>10000,nM,ChEMBL,CHEMBL5113,CHEMBL497402,18845436
59,O43613,COFVZFLCAOUMJT-OAQYLSRUSA-N,CC(C)(C)C(C(=O)N1CCC2=CC(=C(C=C2C1)OC)OC)NCC3=CC=NC=C3,CC(C)(C)[C@@H](C(=O)N1CCC2=CC(=C(C=C2C1)OC)OC)NCC3=CC=NC=C3,IC50,>10000,nM,ChEMBL,CHEMBL5113,CHEMBL142009,19199652
60,O43613,XGESSNQODJMQDL-UHFFFAOYSA-N,CCN(CC)C(=O)CN(C1=CC=C(C=C1)C)S(=O)(=O)C2=CC=C(C=C2)F,CCN(CC)C(=O)CN(C1=CC=C(C=C1)C)S(=O)(=O)C2=CC=C(C=C2)F,IC50,>10000,nM,ChEMBL,CHEMBL5113,CHEMBL497403,18845436
62,O43613,DNZABSXHTDRSQA-BKMJKUGQSA-N,COC(=O)C1=C(CC2CCC1N2C(=O)NCCOC3=CC=CC=C3Cl)C4=CC=CC=C4OCC5=CC=CC=C5,COC(=O)C1=C(C[C@@H]2CC[C@H]1N2C(=O)NCCOC3=CC=CC=C3Cl)C4=CC=CC=C4OCC5=CC=CC=C5,IC50,>16571,nM,ChEMBL,CHEMBL5113,CHEMBL1555841,PubChem BioAssay data set
63,O43613,HTWFLPBAXWPSKY-UHFFFAOYSA-N,CC1=C(C(=NO1)C)COC2=CC=C(C=C2)C(=O)OCC(=O)N3CC(=O)NC4=CC=CC=C43,CC1=C(C(=NO1)C)COC2=CC=C(C=C2)C(=O)OCC(=O)N3CC(=O)NC4=CC=CC=C43,IC50,14918,nM,BindingDB,,79831,
64,O43613,WGXNPTNIXGROQI-RCCKNPSSSA-N,CC1=CC=C(C=C1)C(=O)NC(=CC2=CC=C(O2)C3=CC(=CC=C3)[N+](=O)[O-])C(=O)NC(C)(C)C,CC1=CC=C(C=C1)C(=O)N/C(=C/C2=CC=C(O2)C3=CC(=CC=C3)[N+](=O)[O-])/C(=O)NC(C)(C)C,IC50,>5530,nM,BindingDB,,45541,
65,O43613,VQDRHZVLRCGSFX-UHFFFAOYSA-N,CCOC(=O)C1=CC2=C(C=C1)NC(=C2C)C,CCOC(=O)C1=CC2=C(C=C1)NC(=C2C)C,IC50,20190,nM,BindingDB,,79820,
66,O43613,UGVJHWHYSYFWHY-UHFFFAOYSA-N,CC1=CC=CC(=C1)C2=NN3C(=C2)N=C(C=C3N4CCC5(CC4)OCCO5)C6=CC=CC=C6,CC1=CC=CC(=C1)C2=NN3C(=C2)N=C(C=C3N4CCC5(CC4)OCCO5)C6=CC=CC=C6,IC50,12597,nM,ChEMBL,CHEMBL5113,CHEMBL1477093,PubChem BioAssay data set
67,O43613,RBWBPJCJKURJSA-UHFFFAOYSA-N,C1=CC=C(C=C1)C2=NC3=CC=CC=C3C(=C2)C(=O)NC4=CC(=CC=C4)S(=O)(=O)NCC5=CC=CO5,C1=CC=C(C=C1)C2=NC3=CC=CC=C3C(=C2)C(=O)NC4=CC(=CC=C4)S(=O)(=O)NCC5=CC=CO5,IC50,>5527,nM,BindingDB,,79864,
68,O43613,FOCAKYCVXWBREO-UHFFFAOYSA-N,CC1=CC(=CC=C1)OCCSC2=NC3=CC=CC=C3N2CCC(=O)O,CC1=CC(=CC=C1)OCCSC2=NC3=CC=CC=C3N2CCC(=O)O,IC50,19615,nM,BindingDB,,79904,
69,O43613,QGSISOQHGKBIQO-UHFFFAOYSA-N,COC1=CC(=CC=C1)OP(=O)(NC2=CC=CC=C2)OC3=CC=CC(=C3)OC,COC1=CC(=CC=C1)OP(=O)(NC2=CC=CC=C2)OC3=CC=CC(=C3)OC,IC50,14473,nM,BindingDB,,79902,
70,O43613,YDAUPXMZSDTYOR-UNOMPAQXSA-N,C1COCCN1S(=O)(=O)C2=C(C=C(C(=C2)C(=O)NCCN3C(=O)C(=CC4=CC=CC=C4)SC3=O)Cl)Cl,C1COCCN1S(=O)(=O)C2=C(C=C(C(=C2)C(=O)NCCN3C(=O)/C(=C/C4=CC=CC=C4)/SC3=O)Cl)Cl,IC50,20252,nM,ChEMBL,CHEMBL5113,CHEMBL1461147,PubChem BioAssay data set
71,O43613,SCAUOYDVVUBTHZ-RNDKRWLGSA-N,CC1CN(C(=O)C2=C(C(=CC=C2)NC(=O)NC3=CC=C(C=C3)F)OC1CN(C)CC4=CC=C(C=C4)OC5=CC=CC=C5)C(C)CO,C[C@@H]1CN(C(=O)C2=C(C(=CC=C2)NC(=O)NC3=CC=C(C=C3)F)O[C@@H]1CN(C)CC4=CC=C(C=C4)OC5=CC=CC=C5)[C@@H](C)CO,IC50,>66232,nM,ChEMBL,CHEMBL5113,CHEMBL1727586,PubChem BioAssay data set
72,O43613,NIBMIPNISQEZQX-IBGZPJMESA-N,CC1=CC(=C(C=C1)N2N=CC=N2)C(=O)N3CCCC3C4=NC(=NO4)C5=C(C=NC=C5C)C,CC1=CC(=C(C=C1)N2N=CC=N2)C(=O)N3CCC[C@H]3C4=NC(=NO4)C5=C(C=NC=C5C)C,IC50,>5640,nM,BindingDB,,257567,
73,O43613,RGSXJCBSMXDJGZ-UHFFFAOYSA-N,COC1=CC=C(C=C1)C2=NN3C(=C2)N=C(C=C3N4CCC5(CC4)OCCO5)C6=CC=CC=C6,COC1=CC=C(C=C1)C2=NN3C(=C2)N=C(C=C3N4CCC5(CC4)OCCO5)C6=CC=CC=C6,IC50,23563,nM,ChEMBL,CHEMBL5113,CHEMBL1327720,PubChem BioAssay data set
74,O43613,LSYOVSRREGYGSH-VWLOTQADSA-N,COC1=C(C=C2CN(CCC2=C1)C(=O)C(C3=CC=CC=C3)NCC4=CC=CC=C4)OC,COC1=C(C=C2CN(CCC2=C1)C(=O)[C@H](C3=CC=CC=C3)NCC4=CC=CC=C4)OC,IC50,>10000,nM,BindingDB,,50136716,14643355
75,O43613,AIXCMUNOUXBXJD-UHFFFAOYSA-N,CCN(CC)C(=O)CN(C1=CC=C(C=C1)C)S(=O)(=O)C2=CC=C(C=C2)OC,CCN(CC)C(=O)CN(C1=CC=C(C=C1)C)S(=O)(=O)C2=CC=C(C=C2)OC,IC50,>10000,nM,ChEMBL,CHEMBL5113,CHEMBL524440,18845436
76,O43613,POZPNDPDKFMYES-UHFFFAOYSA-N,CC1=CC(=NO1)NC(=O)CCC(=O)N(CC2=CC=CS2)C(C3=CC=CC=C3)C(=O)NC4CCCC4,CC1=CC(=NO1)NC(=O)CCC(=O)N(CC2=CC=CS2)C(C3=CC=CC=C3)C(=O)NC4CCCC4,IC50,12653,nM,ChEMBL,CHEMBL5113,CHEMBL1313229,PubChem BioAssay data set
77,O43613,GMSMBWMTBLESFN-UHFFFAOYSA-N,CC1=CC(=C(C=C1)C)NP(=O)(OC2=CC=CC=C2)OC3=CC=CC=C3,CC1=CC(=C(C=C1)C)NP(=O)(OC2=CC=CC=C2)OC3=CC=CC=C3,IC50,26347,nM,BindingDB,,79922,
79,O43613,DDCHFPJCANMSIK-QFIPXVFZSA-N,COC(=O)C(CC1=CNC2=CC=CC=C21)NC(=O)CCCC3=CNC4=CC=CC=C43,COC(=O)[C@H](CC1=CNC2=CC=CC=C21)NC(=O)CCCC3=CNC4=CC=CC=C43,IC50,15331,nM,ChEMBL,CHEMBL5113,CHEMBL1485217,PubChem BioAssay data set
80,O43613,DOEGNOLRBNQMMM-ZDUSSCGKSA-N,C1CC(N(C1)C(=O)C2=CC=CS2)C3=NC(=NO3)C4=CC=CC=C4,C1C[C@H](N(C1)C(=O)C2=CC=CS2)C3=NC(=NO3)C4=CC=CC=C4,IC50,>8500,nM,BindingDB,,258089,
81,O43613,MVYAHKHKRGDCQD-LUAWRHEFSA-N,CCN1C(=C(SC1=C2C(=O)N(C(=S)S2)CC)C)C,CCN\1C(=C(S/C1=C\2/C(=O)N(C(=S)S2)CC)C)C,IC50,14695,nM,ChEMBL,CHEMBL5113,CHEMBL1577537,PubChem BioAssay data set
84,O43613,COYLEYRJZHTLTR-UHFFFAOYSA-N,CC1=NC2=C(C(=NN2C(=C1C3=CC=CC=C3)N)C)C4=CC=CC=C4,CC1=NC2=C(C(=NN2C(=C1C3=CC=CC=C3)N)C)C4=CC=CC=C4,IC50,13296,nM,BindingDB,,79818,
85,O43613,VKVKLBBLGMJVQO-LICLKQGHSA-N,C1=CC=C(C=C1)C2=NNC(=C2)C3=NNC(=S)N3N=CC4=CC=CS4,C1=CC=C(C=C1)C2=NNC(=C2)C3=NNC(=S)N3/N=C/C4=CC=CS4,IC50,>49712,nM,ChEMBL,CHEMBL5113,CHEMBL1966472,PubChem BioAssay data set
86,O43613,KNCFZJBYLYBNFY-UHFFFAOYSA-N,CC1=CC(=NC(=N1)N=C(N)NC2=CC(=C(C=C2)F)[N+](=O)[O-])C,CC1=CC(=NC(=N1)/N=C(\N)/NC2=CC(=C(C=C2)F)[N+](=O)[O-])C,IC50,10081,nM,ChEMBL,CHEMBL5113,CHEMBL1367399,PubChem BioAssay data set
88,O43613,FQAOKDLJUOIMDU-UHFFFAOYSA-N,COCCCNC(=O)CCC(=O)NNC1=NC2=CC=CC=C2C3=NC(=NN31)C4=CC=CC=C4,COCCCNC(=O)CCC(=O)NNC1=NC2=CC=CC=C2C3=NC(=NN31)C4=CC=CC=C4,IC50,11653,nM,BindingDB,,79853,
91,O43613,MPRLBEIUDYJANI-UHFFFAOYSA-N,COC1=C(C=C2CN(CCC2=C1)C(=O)C(CC3=CC=CC=C3)NC(=O)C4=CC=CC=C4)OC,COC1=C(C=C2CN(CCC2=C1)C(=O)C(CC3=CC=CC=C3)NC(=O)C4=CC=CC=C4)OC,IC50,>10000,nM,BindingDB,,50136705,19199652
93,O43613,AIXNJBWVNGPEMF-UHFFFAOYSA-N,CN(CC1=CC=C(C=C1)F)C(=O)CC2=NC(=C3N2C=CC=C3)S(=O)(=O)CC4=CC=CC=C4,CN(CC1=CC=C(C=C1)F)C(=O)CC2=NC(=C3N2C=CC=C3)S(=O)(=O)CC4=CC=CC=C4,IC50,>10000,nM,ChEMBL,CHEMBL5113,CHEMBL2413372,23891187
94,O43613,LINUTILUQQLJPE-UHFFFAOYSA-N,CC(C)(C)C(C(=O)N1CCC2=CC(=C(C=C2C1)OC)OC)NCC3CCCCC3,CC(C)(C)C(C(=O)N1CCC2=CC(=C(C=C2C1)OC)OC)NCC3CCCCC3,IC50,>10000,nM,BindingDB,,50136700,14643355
95,O43613,MFXDQNYSVOUGOX-CABCVRRESA-N,CC1CCC(CN1C(=O)C2=CC=CC=C2N3N=CC=N3)C4=NC=C(S4)C(C)(C)O,C[C@@H]1CC[C@@H](CN1C(=O)C2=CC=CC=C2N3N=CC=N3)C4=NC=C(S4)C(C)(C)O,IC50,>10000,nM,BindingDB,,101646,
96,O43613,WCLOWKRTLPNLSV-UHFFFAOYSA-N,C1=CC=C(C=C1)C2=NNC(=C2)C3=NNC(=S)N3N=CC4=C5C=CC=CC5=CC6=CC=CC=C64,C1=CC=C(C=C1)C2=NNC(=C2)C3=NNC(=S)N3N=CC4=C5C=CC=CC5=CC6=CC=CC=C64,IC50,23706,nM,BindingDB,,50443,
97,O43613,QMUHEOGCJOCLKU-UHFFFAOYSA-N,CC(C)(C)C(C(=O)N1CCC2=CC(=C(C=C2C1)OC)OC)NC3=CC=CC=C3,CC(C)(C)C(C(=O)N1CCC2=CC(=C(C=C2C1)OC)OC)NC3=CC=CC=C3,IC50,>10000,nM,BindingDB,,50136704,14643355
98,O43613,KHLQGTBTBLCMGX-UHFFFAOYSA-N,CCN1C(=NN=C1SCC(=O)C2=CC3=CC=CC=C3C=C2)C4=CC=CS4,CCN1C(=NN=C1SCC(=O)C2=CC3=CC=CC=C3C=C2)C4=CC=CS4,IC50,17624,nM,ChEMBL,CHEMBL5113,CHEMBL1468272,PubChem BioAssay data set
99,O43613,QOVRVPPOUBJAPI-UHFFFAOYSA-N,CC1=CN=CC(=C1)C2=NC(=C(S2)C(=O)NCC3=NC(=C(C=C3)OC)OC)C4=CC(=CC=C4)F,CC1=CN=CC(=C1)C2=NC(=C(S2)C(=O)NCC3=NC(=C(C=C3)OC)OC)C4=CC(=CC=C4)F,IC50,>10000,nM,ChEMBL,CHEMBL5113,CHEMBL3338854,25248679
100,O43613,YGPCRRKKELXRHI-LJQANCHMSA-N,CC(C)(C)C(C(=O)N1CCC2=CC(=C(C=C2C1)OC)OC)NCC3=NC=CS3,CC(C)(C)[C@@H](C(=O)N1CCC2=CC(=C(C=C2C1)OC)OC)NCC3=NC=CS3,IC50,>10000,nM,ChEMBL,CHEMBL5113,CHEMBL444602,19199652
101,O43613,AWEIXZLKENNCKP-UHFFFAOYSA-N,CC1=NC(=CS1)CN2C(CCCC2=O)C3=C(C=CC=C3OC)OC,CC1=NC(=CS1)CN2C(CCCC2=O)C3=C(C=CC=C3OC)OC,IC50,>12600,nM,BindingDB,,202924,
102,O43613,LTRWOPHBDJBIBD-UHFFFAOYSA-N,C1=CC=C(C=C1)C2=NN=C(O2)NC(=O)C3=CC(=NC4=CC=CC=C43)C5=CC=CS5,C1=CC=C(C=C1)C2=NN=C(O2)NC(=O)C3=CC(=NC4=CC=CC=C43)C5=CC=CS5,IC50,30442,nM,ChEMBL,CHEMBL5113,CHEMBL1348119,PubChem BioAssay data set
103,O43613,LHSUROLMIRFSKT-UHFFFAOYSA-N,C=CCN1C2=C(C=C(C=C2)C#CC3=CC=CC=N3)C(=O)C4=CC=CC=C41,C=CCN1C2=C(C=C(C=C2)C#CC3=CC=CC=N3)C(=O)C4=CC=CC=C41,IC50,>3.31,nM,BindingDB,,76778,
105,O43613,UOCIZKQLKVHWLY-UHFFFAOYSA-N,CCN(CC)C(=O)CN(C1=CC(=C(C=C1)Cl)N(C)C)S(=O)(=O)C2=CC(=C(C=C2)OC)OC,CCN(CC)C(=O)CN(C1=CC(=C(C=C1)Cl)N(C)C)S(=O)(=O)C2=CC(=C(C=C2)OC)OC,IC50,>10000,nM,BindingDB,,50293221,18845436
106,O43613,QYPCXWREUOEAKB-GDBMZVCRSA-N,CC1CCC(CN1C(=O)C2=C(N=C(C=C2)OC)N3N=CC=N3)OC4=NC=CC(=C4OC)C#N,C[C@@H]1CC[C@H](CN1C(=O)C2=C(N=C(C=C2)OC)N3N=CC=N3)OC4=NC=CC(=C4OC)C#N,IC50,>10000,nM,BindingDB,,206333,
109,O43613,JDIGQIZGSQAEHX-UHFFFAOYSA-N,CCOC1=CC=CC=C1N2CCN(CC2)C(=O)C3=CC=C(C=C3)S(=O)(=O)NC4=CC=CC=C4,CCOC1=CC=CC=C1N2CCN(CC2)C(=O)C3=CC=C(C=C3)S(=O)(=O)NC4=CC=CC=C4,IC50,15093,nM,ChEMBL,CHEMBL5113,CHEMBL1434457,PubChem BioAssay data set
110,O43613,WCLOWKRTLPNLSV-JVWAILMASA-N,C1=CC=C(C=C1)C2=NNC(=C2)C3=NNC(=S)N3N=CC4=C5C=CC=CC5=CC6=CC=CC=C64,C1=CC=C(C=C1)C2=NNC(=C2)C3=NNC(=S)N3/N=C/C4=C5C=CC=CC5=CC6=CC=CC=C64,IC50,23706,nM,ChEMBL,CHEMBL5113,CHEMBL1978193,PubChem BioAssay data set
111,O43613,KZINBRKBWMRIRW-UHFFFAOYSA-N,CC1=CN=CC(=C1)C2=NN=C(C(=C2)C(=O)NCC3=NC(=C(C=C3)OC)OC)C4=CC=CC=C4,CC1=CN=CC(=C1)C2=NN=C(C(=C2)C(=O)NCC3=NC(=C(C=C3)OC)OC)C4=CC=CC=C4,IC50,>10000,nM,ChEMBL,CHEMBL5113,CHEMBL3338851,25248679
112,O43613,KUJAJRBKFGZHRW-UHFFFAOYSA-N,C1=CC=C2C(=C1)C(=CC(=N2)C3=CC=C(C=C3)F)C(=O)NC4=CC(=CC=C4)S(=O)(=O)NCC5=CC=CO5,C1=CC=C2C(=C1)C(=CC(=N2)C3=CC=C(C=C3)F)C(=O)NC4=CC(=CC=C4)S(=O)(=O)NCC5=CC=CO5,IC50,17176,nM,BindingDB,,79865,
113,O43613,FFEJFANQEWTRBW-UHFFFAOYSA-N,C1=CC=NC(=C1)C2=NC(=C(C(=C2)C3=CC=CS3)C#N)N,C1=CC=NC(=C1)C2=NC(=C(C(=C2)C3=CC=CS3)C#N)N,IC50,>5531,nM,ChEMBL,CHEMBL5113,CHEMBL1549099,PubChem BioAssay data set
114,O43613,IIXDBWWKCZDDKW-UHFFFAOYSA-N,COC1=C(C(=CC=C1)OC)C2CCC(=O)N2CC3=CC=C(C=C3)F,COC1=C(C(=CC=C1)OC)C2CCC(=O)N2CC3=CC=C(C=C3)F,IC50,>10360,nM,BindingDB,,203036,
117,O43613,QUECDYISVISNQP-UHFFFAOYSA-N,COC1=C(C=C2C(N(CCC2=C1)CC(=O)NCC3=CC=CC=C3)CC4=CC(=C(C=C4)F)F)OC,COC1=C(C=C2C(N(CCC2=C1)CC(=O)NCC3=CC=CC=C3)CC4=CC(=C(C=C4)F)F)OC,IC50,>10000,nM,BindingDB,,50292940,19199652
118,O43613,ASBJUFFUXNNWAT-UHFFFAOYSA-N,C1=CC(=CC(=C1)[N+](=O)[O-])C2=NC(=C(N2)C3=CC=CS3)C4=CC=CS4,C1=CC(=CC(=C1)[N+](=O)[O-])C2=NC(=C(N2)C3=CC=CS3)C4=CC=CS4,IC50,>5528,nM,ChEMBL,CHEMBL5113,CHEMBL1571807,PubChem BioAssay data set
119,O43613,KGZHVZIZJVEIKU-UHFFFAOYSA-N,CC1=CC(=NC(=N1)N=C(N)NC2=CC=C(C=C2)SC(F)F)C,CC1=CC(=NC(=N1)N=C(N)NC2=CC=C(C=C2)SC(F)F)C,IC50,14686,nM,BindingDB,,79888,
122,O43613,XGFZZURANXHOPT-UHFFFAOYSA-N,CC(=O)NC(C(Cl)(Cl)Cl)NC(=S)NC1=CC=C(C=C1)N=NC2=CC=CC=C2,CC(=O)NC(C(Cl)(Cl)Cl)NC(=S)NC1=CC=C(C=C1)N=NC2=CC=CC=C2,IC50,42308,nM,ChEMBL,CHEMBL5113,CHEMBL1604928,PubChem BioAssay data set
123,O43613,HDQTZRAZBKTWTQ-XNJGSVPQSA-N,CC1CCC(CN1C(=O)C2=CC=CC=C2N3N=CC=N3)C4=NC(=CS4)C(C(F)F)O,C[C@@H]1CC[C@H](CN1C(=O)C2=CC=CC=C2N3N=CC=N3)C4=NC(=CS4)[C@@H](C(F)F)O,IC50,>10000,nM,BindingDB,,101859,
124,O43613,PBDFCTXWCIUFCB-FQEVSTJZSA-N,CC1=NC(=C(S1)C(=O)N2CCC(CC2CNC(=O)C3=CC=CC4=C3N=CC=C4)(F)F)C5=CC=CC=C5,CC1=NC(=C(S1)C(=O)N2CCC(C[C@H]2CNC(=O)C3=CC=CC4=C3N=CC=C4)(F)F)C5=CC=CC=C5,IC50,>2000,nM,BindingDB,,50384433,22617492
125,O43613,QAGFDTOVQKCZRK-UHFFFAOYSA-N,C1=CC=C2C(=C1)C=CC=C2C3=NN=C(O3)SCC#CCOC(=O)C4=C5C=CNC5=CC=C4,C1=CC=C2C(=C1)C=CC=C2C3=NN=C(O3)SCC#CCOC(=O)C4=C5C=CNC5=CC=C4,IC50,14009,nM,ChEMBL,CHEMBL5113,CHEMBL1270809,PubChem BioAssay data set
126,O43613,XKYBPHWVOXMRHI-UHFFFAOYSA-N,CC1=C(C(=NO1)C)S(=O)(=O)NC2=C3C(=C(C=C2)O)C(=O)C=C(O3)C4=CC=CC=C4Cl,CC1=C(C(=NO1)C)S(=O)(=O)NC2=C3C(=C(C=C2)O)C(=O)C=C(O3)C4=CC=CC=C4Cl,IC50,23619,nM,BindingDB,,79899,
128,O43613,ITVQLBQPSFRCEZ-UHFFFAOYSA-N,CC(C)(C)C(C(=O)N1CCC2=CC(=C(C=C2C1)OC)OC)NC(=O)C3=CC=CC=C3,CC(C)(C)C(C(=O)N1CCC2=CC(=C(C=C2C1)OC)OC)NC(=O)C3=CC=CC=C3,IC50,>10000,nM,ChEMBL,CHEMBL5113,CHEMBL138717,14643355
131,O43613,OEWBVHQZAIHBFE-UHFFFAOYSA-N,COC1=CC=CC=C1C(=O)NC2=NC(=CS2)C3=CC=C(C=C3)S(=O)(=O)N4CCOCC4,COC1=CC=CC=C1C(=O)NC2=NC(=CS2)C3=CC=C(C=C3)S(=O)(=O)N4CCOCC4,IC50,17457,nM,ChEMBL,CHEMBL5113,CHEMBL1565349,PubChem BioAssay data set
133,O43613,PIHCOUNEIQIOLH-INIZCTEOSA-N,COC1=CC=CC=C1NC(=O)C2CCCN2S(=O)(=O)C3=CC=C(C=C3)Cl,COC1=CC=CC=C1NC(=O)[C@@H]2CCCN2S(=O)(=O)C3=CC=C(C=C3)Cl,IC50,13224,nM,ChEMBL,CHEMBL5113,CHEMBL1721971,PubChem BioAssay data set
134,O43613,HBHHOFOOVLKNGC-UHFFFAOYSA-N,C1CN(CCN1C2=CC=CC=C2)C3=NC=NC4=C3OC5=CC=CC=C54,C1CN(CCN1C2=CC=CC=C2)C3=NC=NC4=C3OC5=CC=CC=C54,IC50,12410,nM,BindingDB,,37227,
135,O43613,PUOFENAWFXNNIH-UHFFFAOYSA-N,C1CCC2=C(C1)C3=C(S2)N=C(N(C3=O)N)C4=CC=CS4,C1CCC2=C(C1)C3=C(S2)N=C(N(C3=O)N)C4=CC=CS4,IC50,18135,nM,ChEMBL,CHEMBL5113,CHEMBL1507474,PubChem BioAssay data set
136,O43613,VHKSBRCYWXHCJN-UHFFFAOYSA-N,CC1=CN=CC(=C1)C2=NC=C(C(=N2)C(=O)NCC3=NC(=C(C=C3)OC)OC)C4=CC=CC=C4,CC1=CN=CC(=C1)C2=NC=C(C(=N2)C(=O)NCC3=NC(=C(C=C3)OC)OC)C4=CC=CC=C4,IC50,>10000,nM,ChEMBL,CHEMBL5113,CHEMBL3338850,25248679
139,O43613,PXKKBCJSETYFNQ-UHFFFAOYSA-N,C1=CC=C(C=C1)C2=CSC(=N2)NC(=S)NC(=O)C3=CC=CO3,C1=CC=C(C=C1)C2=CSC(=N2)NC(=S)NC(=O)C3=CC=CO3,IC50,>49744,nM,ChEMBL,CHEMBL5113,CHEMBL1556270,PubChem BioAssay data set
140,O43613,ZPGIAYXQLTVUBN-UHFFFAOYSA-N,COC1=CC=CC=C1C2=NN=C(N2CC=C)SCC3=CSC(=N3)C4=CC=C(C=C4)Cl,COC1=CC=CC=C1C2=NN=C(N2CC=C)SCC3=CSC(=N3)C4=CC=C(C=C4)Cl,IC50,11235,nM,ChEMBL,CHEMBL5113,CHEMBL1493746,PubChem BioAssay data set
141,O43613,LEFMWIRVZAQPMC-UHFFFAOYSA-N,CC1=NC2=C(C=NN2C3=C1CCC3)C4=CC=C(C=C4)Cl,CC1=NC2=C(C=NN2C3=C1CCC3)C4=CC=C(C=C4)Cl,IC50,14998,nM,BindingDB,,79878,
142,O43613,BHSJTVPIBONPNY-UHFFFAOYSA-N,COC1=C(C=C2C(N(CCC2=C1)CC(=O)NC3CCC4=CC=CC=C34)CC5=CC(=C(C=C5)F)F)OC,COC1=C(C=C2C(N(CCC2=C1)CC(=O)NC3CCC4=CC=CC=C34)CC5=CC(=C(C=C5)F)F)OC,IC50,>10000,nM,BindingDB,,50292946,19199652
143,O43613,WPGDMZIDTJHBQV-RHSMWYFYSA-N,CC1CCC(CN1C(=O)C2=CC=CC=C2CC(F)(F)F)OC3=NC=CC(=C3)C#N,C[C@@H]1CC[C@H](CN1C(=O)C2=CC=CC=C2CC(F)(F)F)OC3=NC=CC(=C3)C#N,IC50,>10000,nM,ChEMBL,CHEMBL5113,CHEMBL3426155,25981685
145,O43613,PNTDGVUDXHQARS-ZIAGYGMSSA-N,CC1CCC(CN1C(=O)C2=CSC=C2C3=NC=CC=N3)C4=CSC(=N4)C(C)(C)O,C[C@@H]1CC[C@H](CN1C(=O)C2=CSC=C2C3=NC=CC=N3)C4=CSC(=N4)C(C)(C)O,IC50,>10000,nM,BindingDB,,101919,
147,O43613,SKPVBSAZFYVNSU-UHFFFAOYSA-N,CC(C)(C)C(C(=O)N1CCC2=CC(=C(C=C2C1)OC)OC)NCC3=CC=CC=C3,CC(C)(C)C(C(=O)N1CCC2=CC(=C(C=C2C1)OC)OC)NCC3=CC=CC=C3,IC50,>10000,nM,BindingDB,,50136708,14643355
149,O43613,WWWXWTYOYIATCP-GDBMZVCRSA-N,CC1CCC(CN1C(=O)C2=CC=CC=C2CS(=O)(=O)C)C3=NC(=C(S3)C)C(C)(C)O,C[C@@H]1CC[C@H](CN1C(=O)C2=CC=CC=C2CS(=O)(=O)C)C3=NC(=C(S3)C)C(C)(C)O,IC50,>10000,nM,BindingDB,,101900,
150,O43613,JJNLXONZPYBNTJ-UHFFFAOYSA-N,C1CC(CN(C1)CC2=NC3=C(C=C2)C=C(C=C3)F)(CC4=CC(=CC=C4)Cl)CO,C1CC(CN(C1)CC2=NC3=C(C=C2)C=C(C=C3)F)(CC4=CC(=CC=C4)Cl)CO,IC50,>5528,nM,BindingDB,,74922,
151,O43613,CQBGYUBELURGQT-HZPDHXFCSA-N,CC1CCC(CN1C(=O)C2=CC=CC=C2C3=NC=CC=N3)C4=CSC(=N4)C(C)(C)O,C[C@@H]1CC[C@H](CN1C(=O)C2=CC=CC=C2C3=NC=CC=N3)C4=CSC(=N4)C(C)(C)O,IC50,>10000,nM,BindingDB,,101920,
152,O43613,GPGBBGOQIYPTGZ-FQEVSTJZSA-N,CC1=CC(=C(C=C1)N2N=CC=N2)C(=O)N3CCCC3C4=NC(=NN4)C5=CC=C(C=C5)OC,CC1=CC(=C(C=C1)N2N=CC=N2)C(=O)N3CCC[C@H]3C4=NC(=NN4)C5=CC=C(C=C5)OC,IC50,>6560,nM,BindingDB,,258045,
153,O43613,PHDLLTVRFGQCDQ-UHFFFAOYSA-N,CC(C)N1C(=O)NNC1=S,CC(C)N1C(=O)NNC1=S,IC50,34414,nM,BindingDB,,55921,
154,O43613,HAELHCQHHHCRMH-NMPBDGROSA-N,C1C=CCC(C(=O)NC(COC(=O)C1CC2=CC=C(C=C2)F)C3=CC=CC=C3)CC(=O)N(CCO)CC4=CC=CC=C4,C1/C=C\C[C@@H](C(=O)N[C@H](COC(=O)[C@H]1CC2=CC=C(C=C2)F)C3=CC=CC=C3)CC(=O)N(CCO)CC4=CC=CC=C4,IC50,13810,nM,BindingDB,,79962,
155,O43613,CFHPKABDGSBHEI-UHFFFAOYSA-N,CCOC1=CC=CC=C1C2CCC(=O)N2CC3=CC=C(C=C3)F,CCOC1=CC=CC=C1C2CCC(=O)N2CC3=CC=C(C=C3)F,IC50,>12700,nM,ChEMBL,CHEMBL5113,CHEMBL3930770,None
156,O43613,JPMSNHIXZAXXEC-UHFFFAOYSA-N,CC1=CC=C(C=C1)N(C)S(=O)(=O)C2=CC=CC(=C2)C(=O)NCC(C3=CC=CS3)N4CCOCC4,CC1=CC=C(C=C1)N(C)S(=O)(=O)C2=CC=CC(=C2)C(=O)NCC(C3=CC=CS3)N4CCOCC4,IC50,11966,nM,ChEMBL,CHEMBL5113,CHEMBL1704083,PubChem BioAssay data set
157,O43613,PYHYFXUZMSOPCS-RDTXWAMCSA-N,CC1CCC(CN1C(=O)C2=C(N=C(C=C2)OC)C3CC3)OC4=NC=CC(=C4C)C#N,C[C@@H]1CC[C@H](CN1C(=O)C2=C(N=C(C=C2)OC)C3CC3)OC4=NC=CC(=C4C)C#N,IC50,>10000,nM,BindingDB,,203419,
158,O43613,RCRJCGGDCWSHES-UHFFFAOYSA-N,CCN(CC)C(=O)CN(C1=CC=CC(=C1C#N)N(C)C)S(=O)(=O)C2=CC(=C(C=C2)OC)OC,CCN(CC)C(=O)CN(C1=CC=CC(=C1C#N)N(C)C)S(=O)(=O)C2=CC(=C(C=C2)OC)OC,IC50,>10000,nM,ChEMBL,CHEMBL5113,CHEMBL521540,18845436
161,O43613,ZXCOMJKMQVAETR-UHFFFAOYSA-N,CCN(CC)C(=O)CN(C1=CC=C(C=C1)C)S(=O)(=O)C2=CC=C(C=C2)OC(F)(F)F,CCN(CC)C(=O)CN(C1=CC=C(C=C1)C)S(=O)(=O)C2=CC=C(C=C2)OC(F)(F)F,IC50,>10000,nM,BindingDB,,50293209,18845436
162,O43613,KJPHTXTWFHVJIG-UHFFFAOYSA-N,CCN(CC1=CN=CC=C1)C(=O)CN(C2=CN=C(C=C2)OC)S(=O)(=O)C3=CC=CC=C3C,CCN(CC1=CN=CC=C1)C(=O)CN(C2=CN=C(C=C2)OC)S(=O)(=O)C3=CC=CC=C3C,IC50,>10000,nM,ChEMBL,CHEMBL5113,CHEMBL2385132,23601709
163,O43613,RMLJAQSENLLFPC-UHFFFAOYSA-N,C1=CC=C2C(=C1)C(=NN3C2=NC4=CC=CC=C4C3=O)NCC5=CC=CC=N5,C1=CC=C2C(=C1)C(=NN3C2=NC4=CC=CC=C4C3=O)NCC5=CC=CC=N5,IC50,16737,nM,ChEMBL,CHEMBL5113,CHEMBL1432793,PubChem BioAssay data set
164,O43613,KIHNECZDBGFQBD-UHFFFAOYSA-N,CC(C)(C)C(C(=O)N1CCC2=CC(=C(C=C2C1)OC)OC)N,CC(C)(C)C(C(=O)N1CCC2=CC(=C(C=C2C1)OC)OC)N,IC50,>10000,nM,BindingDB,,50136713,14643355
165,O43613,CDCFSINNCBTHAU-UHFFFAOYSA-N,C1=CC=C2C(=C1)C=C(O2)C(=O)OCC#CCSC3=NC4=CC=CC=C4O3,C1=CC=C2C(=C1)C=C(O2)C(=O)OCC#CCSC3=NC4=CC=CC=C4O3,IC50,42234,nM,BindingDB,,79821,
168,O43613,YYPGYZGFXSYUNH-RHSMWYFYSA-N,CC1CCC(CN1C(=O)C2=C(N=C(C=C2)OC)N(C)C)OC3=NC=CC(=C3C)C#N,C[C@@H]1CC[C@H](CN1C(=O)C2=C(N=C(C=C2)OC)N(C)C)OC3=NC=CC(=C3C)C#N,IC50,>10000,nM,BindingDB,,205224,
169,O43613,FLFFUOCCWRXKSU-UHFFFAOYSA-N,CC1=CC=C(C=C1)C(=O)OCN2C(=O)C(=C(C=N2)Cl)Cl,CC1=CC=C(C=C1)C(=O)OCN2C(=O)C(=C(C=N2)Cl)Cl,IC50,17360,nM,BindingDB,,41609,
172,O43613,DVUXIVIJYPWXJJ-CZUORRHYSA-N,CC1CCC(CN1C(=O)C2=CN(N=C2C3=NC=CS3)C)OC4=NC=CC(=C4C)C#N,C[C@@H]1CC[C@H](CN1C(=O)C2=CN(N=C2C3=NC=CS3)C)OC4=NC=CC(=C4C)C#N,IC50,>10000,nM,BindingDB,,205139,
175,O43613,APTFLOPURRQKRQ-UHFFFAOYSA-N,C1CN(CC(C12N(CCO2)S(=O)(=O)C3=CC=CC=C3)(F)F)C(=O)NC4=CC=CC=C4,C1CN(CC(C12N(CCO2)S(=O)(=O)C3=CC=CC=C3)(F)F)C(=O)NC4=CC=CC=C4,IC50,>10000,nM,BindingDB,,50355812,21924608
176,O43613,RSDCCDQDEKHOBB-UHFFFAOYSA-N,COC1=CC=CC2=C1C(=O)C3=C(O2)C=CC(=C3)C#CC4=CC=CC=N4,COC1=CC=CC2=C1C(=O)C3=C(O2)C=CC(=C3)C#CC4=CC=CC=N4,IC50,13522,nM,BindingDB,,79940,
178,O43613,OYYTYUQHNVLXFT-UHFFFAOYSA-N,COC1=CC=C(C=C1)C2=NN3C(=NN=C3S2)C4=CC=CC=C4,COC1=CC=C(C=C1)C2=NN3C(=NN=C3S2)C4=CC=CC=C4,IC50,>5528,nM,BindingDB,,79799,
179,O43613,WGJKWEIOYXFSSO-UHFFFAOYSA-N,CC1=CC=C(N1C2=NN(C3=C2C(=CC=C3)F)S(=O)(=O)C4=CC=CC5=C4N=CC=C5)C,CC1=CC=C(N1C2=NN(C3=C2C(=CC=C3)F)S(=O)(=O)C4=CC=CC5=C4N=CC=C5)C,IC50,44965,nM,BindingDB,,79897,
180,O43613,HTKDZZULNSMOEM-UHFFFAOYSA-N,CCN(CC)C(=O)CN(C1=CC=C(C=C1)C)S(=O)(=O)C2=CC=CC=C2Cl,CCN(CC)C(=O)CN(C1=CC=C(C=C1)C)S(=O)(=O)C2=CC=CC=C2Cl,IC50,>10000,nM,BindingDB,,50293211,18845436
181,O43613,GKMQMKGJDYACTM-UHFFFAOYSA-N,CC(=O)NC1=C(C=C(C=C1)NC(=O)NC2=C3C(=NC=C2)C=CC=N3)O,CC(=O)NC1=C(C=C(C=C1)NC(=O)NC2=C3C(=NC=C2)C=CC=N3)O,IC50,>30000,nM,BindingDB,,50394339,23031594
182,O43613,MPRLBEIUDYJANI-QHCPKHFHSA-N,COC1=C(C=C2CN(CCC2=C1)C(=O)C(CC3=CC=CC=C3)NC(=O)C4=CC=CC=C4)OC,COC1=C(C=C2CN(CCC2=C1)C(=O)[C@H](CC3=CC=CC=C3)NC(=O)C4=CC=CC=C4)OC,IC50,>10000,nM,ChEMBL,CHEMBL5113,CHEMBL337367,14643355
185,O43613,KBPPQZHPJZSYAJ-CZUORRHYSA-N,CC1CCC(CN1C(=O)C2=C(N=C(C=C2)Br)N3N=CC=N3)OC4=NC=CC(=C4C)C#N,C[C@@H]1CC[C@H](CN1C(=O)C2=C(N=C(C=C2)Br)N3N=CC=N3)OC4=NC=CC(=C4C)C#N,IC50,>10000,nM,BindingDB,,205226,
188,O43613,FMHNFFMYNNKLRL-UHFFFAOYSA-N,CN1C2=C(C=C(C=C2)CN3C(CCCC3=O)C4=C(C=CC=C4OC)OC)N=N1,CN1C2=C(C=C(C=C2)CN3C(CCCC3=O)C4=C(C=CC=C4OC)OC)N=N1,IC50,10090,nM,ChEMBL,CHEMBL5113,CHEMBL3925895,None
189,O43613,LXYYCFBEHHEXJY-VWLOTQADSA-N,CC1=C(C(NC(=NCC2=CC=CC=C2)N1CC3=CC=CC=C3)C4=CC(=CC=C4)F)C(=O)OC,CC1=C([C@@H](NC(=NCC2=CC=CC=C2)N1CC3=CC=CC=C3)C4=CC(=CC=C4)F)C(=O)OC,IC50,>66238,nM,ChEMBL,CHEMBL5113,CHEMBL1491374,PubChem BioAssay data set
190,O43613,ZDYVBANLKXRHDJ-UHFFFAOYSA-N,C1=CC=C2C(=C1)C(=C(N2)O)N=NC(=S)NC3=CC=C(C=C3)O,C1=CC=C2C(=C1)C(=C(N2)O)N=NC(=S)NC3=CC=C(C=C3)O,IC50,43609,nM,ChEMBL,CHEMBL5113,CHEMBL1418004,PubChem BioAssay data set
195,O43613,ZSZAGDVIYLYNLE-UHFFFAOYSA-N,CC1=CC(=C(C=C1)N2N=CC=N2)C(=O)N3CCC4CC3CN4C5=NC=C6C=C(C=CC6=N5)F,CC1=CC(=C(C=C1)N2N=CC=N2)C(=O)N3CCC4CC3CN4C5=NC=C6C=C(C=CC6=N5)F,IC50,>5700,nM,ChEMBL,CHEMBL5113,CHEMBL1091112,20207138
197,O43613,UCGRNWLTTUIXIM-ZIAGYGMSSA-N,CC1CCC(CN1C(=O)C2=CC=CC=C2C(=O)OC)C3=NC(=CS3)C(C)(C)O,C[C@@H]1CC[C@H](CN1C(=O)C2=CC=CC=C2C(=O)OC)C3=NC(=CS3)C(C)(C)O,IC50,>10000,nM,BindingDB,,101861,
198,O43613,TYMVLXMAQCKCQG-UHFFFAOYSA-N,CC(C)C(C(=O)N1CCC2=CC(=C(C=C2C1)OC)OC)NCC3=CC=CC=C3,CC(C)C(C(=O)N1CCC2=CC(=C(C=C2C1)OC)OC)NCC3=CC=CC=C3,IC50,>10000,nM,BindingDB,,50136697,14643355
201,O43613,QOBXTKFDZSBUOW-UHFFFAOYSA-N,CC1=CN=C(C=C1)NC(=O)C2=NC3=CC=CC=C3C=C2,CC1=CN=C(C=C1)NC(=O)C2=NC3=CC=CC=C3C=C2,IC50,10429,nM,ChEMBL,CHEMBL5113,CHEMBL1487872,PubChem BioAssay data set
206,O43613,PQYXSXZRAVJVHJ-KRWDZBQOSA-N,CC1=CC(=C(C=C1)N2N=CC=N2)C(=O)N3CCCC3C4=NC(=NO4)C5=C(C=CN=C5Cl)C,CC1=CC(=C(C=C1)N2N=CC=N2)C(=O)N3CCC[C@H]3C4=NC(=NO4)C5=C(C=CN=C5Cl)C,IC50,>5640,nM,BindingDB,,257566,
208,O43613,RFGLOWYLXMEGML-UHFFFAOYSA-N,CC1=CN=CC(=C1)C2=NC=C(C(=C2)C(=O)NCC3=NC(=C(C=C3)OC)OC)C4=CN=NC=C4,CC1=CN=CC(=C1)C2=NC=C(C(=C2)C(=O)NCC3=NC(=C(C=C3)OC)OC)C4=CN=NC=C4,IC50,15000,nM,ChEMBL,CHEMBL5113,CHEMBL3338859,25248679
210,O43613,LHPDDBGADQDQLZ-UHFFFAOYSA-N,C1CN(CCN1C2=CC=CC=C2)C(=O)NC3=CC(=CC=C3)NC(=O)N4CCN(CC4)C5=CC=CC=C5,C1CN(CCN1C2=CC=CC=C2)C(=O)NC3=CC(=CC=C3)NC(=O)N4CCN(CC4)C5=CC=CC=C5,IC50,10402,nM,ChEMBL,CHEMBL5113,CHEMBL1597288,PubChem BioAssay data set
212,O43613,GDNFHTMLVHWAQG-UHFFFAOYSA-N,C1=CC=C2C(=C1)C(=O)C3=C(S2)C=CC(=C3)NC(=O)C4=CC=CC=C4Cl,C1=CC=C2C(=C1)C(=O)C3=C(S2)C=CC(=C3)NC(=O)C4=CC=CC=C4Cl,IC50,>5528,nM,ChEMBL,CHEMBL5113,CHEMBL1518032,PubChem BioAssay data set
215,O43613,BPTLXAFCHBUBJE-AWEZNQCLSA-N,C1CC(N(C1)C(=O)C2=COC=C2)C3=NC(=NO3)C4=CC=CC=C4,C1C[C@H](N(C1)C(=O)C2=COC=C2)C3=NC(=NO3)C4=CC=CC=C4,IC50,>8500,nM,BindingDB,,258092,
216,O43613,OHRVXLSWHNIZRC-DNVCBOLYSA-N,CC1CCC(CN1C(=O)C2=C(C=NS2)C3=CC=CC=C3)OC4=NC=CC(=C4C)C#N,C[C@@H]1CC[C@H](CN1C(=O)C2=C(C=NS2)C3=CC=CC=C3)OC4=NC=CC(=C4C)C#N,IC50,>10000,nM,BindingDB,,205110,
218,O43613,SIKAQJWIVMKATA-UHFFFAOYSA-N,CC(C1=CC=CC=C1)NS(=O)(=O)C2=CC=C(C=C2)OCC(=O)NC3=CC(=CC=C3)[N+](=O)[O-],CC(C1=CC=CC=C1)NS(=O)(=O)C2=CC=C(C=C2)OCC(=O)NC3=CC(=CC=C3)[N+](=O)[O-],IC50,13555,nM,BindingDB,,79849,
219,O43613,FMRRVKMKGQZGRP-UHFFFAOYSA-N,CC1=NN(C2=C1C(=C(C(=N2)N)C#N)C3=CC(=C(C=C3)O)O)C4=CC=CC=C4,CC1=NN(C2=C1C(=C(C(=N2)N)C#N)C3=CC(=C(C=C3)O)O)C4=CC=CC=C4,IC50,>5528,nM,ChEMBL,CHEMBL5113,CHEMBL1438417,PubChem BioAssay data set
223,O43613,VSIULDOHFRZASL-SFHVURJKSA-N,CC1=CC(=C(C=C1)N2N=CC=N2)C(=O)N3CCC3C4=NC(=NN4)C5=CC=CC=C5,CC1=CC(=C(C=C1)N2N=CC=N2)C(=O)N3CC[C@H]3C4=NC(=NN4)C5=CC=CC=C5,IC50,13400,nM,ChEMBL,CHEMBL5113,CHEMBL3919098,None
225,O43613,AULQUOVVGUPXLG-UHFFFAOYSA-N,CCN(CC)C(=O)CN(C1=CC=C(C=C1)C)S(=O)(=O)C2=CC=CC(=C2)C,CCN(CC)C(=O)CN(C1=CC=C(C=C1)C)S(=O)(=O)C2=CC=CC(=C2)C,IC50,>10000,nM,BindingDB,,50293213,18845436
226,O43613,PRNPLJDRJSPZTB-ZIAGYGMSSA-N,CC1CCC(CN1C(=O)C2=C(SC=C2)C3=NC=CC=N3)C4=NC(=CS4)C(C)(C)O,C[C@@H]1CC[C@H](CN1C(=O)C2=C(SC=C2)C3=NC=CC=N3)C4=NC(=CS4)C(C)(C)O,IC50,>10000,nM,BindingDB,,101874,
227,O43613,UQCIGWHFYGTONM-UHFFFAOYSA-N,C1CC(C2=CC=CC=C2SC1)N3CCN(CC3)CC4=CC=CC=C4.Cl,C1CC(C2=CC=CC=C2SC1)N3CCN(CC3)CC4=CC=CC=C4.Cl,IC50,23913,nM,ChEMBL,CHEMBL5113,CHEMBL1720286,PubChem BioAssay data set
229,O43613,FVNNRRJGTQAXGH-UHFFFAOYSA-N,C1=CC=C2C(=C1)C=CC=C2S(=O)(=O)NC3=C(C=CC4=CC=CC=C43)O,C1=CC=C2C(=C1)C=CC=C2S(=O)(=O)NC3=C(C=CC4=CC=CC=C43)O,IC50,13067,nM,BindingDB,,63918,
231,O43613,STHPPVLUJOUSBI-UHFFFAOYSA-N,COC1=C(C=C2CN(CCC2=C1)C(=O)CCC3=CC=CC=C3)OC,COC1=C(C=C2CN(CCC2=C1)C(=O)CCC3=CC=CC=C3)OC,IC50,>10000,nM,BindingDB,,50136696,19199652
235,O43613,IPKDJMFWSTXQLF-UKTHLTGXSA-N,CN(C)C=C1C(=O)C2=C(O1)C3=CC=CC=C3C=C2,CN(C)/C=C/1\C(=O)C2=C(O1)C3=CC=CC=C3C=C2,IC50,33314,nM,ChEMBL,CHEMBL5113,CHEMBL1521046,PubChem BioAssay data set
237,O43613,PDXZLMVSGGBMDK-UHFFFAOYSA-N,CC1=C(C=C(C=C1)NC2=NC(=NC3=C2C=NN3C)NC)Cl,CC1=C(C=C(C=C1)NC2=NC(=NC3=C2C=NN3C)NC)Cl,IC50,14426,nM,BindingDB,,79916,
240,O43613,UPPDTCHAOARTBX-UHFFFAOYSA-N,COC1=C(C(=CC=C1)OC)C2C3=CC=CC=C3C(=O)N2CC4=CC=C(C=C4)OC(F)(F)F,COC1=C(C(=CC=C1)OC)C2C3=CC=CC=C3C(=O)N2CC4=CC=C(C=C4)OC(F)(F)F,IC50,>10000,nM,BindingDB,,50447788,24447850
243,O43613,YMYULYHWDTUSIS-UHFFFAOYSA-N,CC1=NC2=CC=CC=C2C(=C1)C(=O)NCC3=CC(=CC=C3)Cl,CC1=NC2=CC=CC=C2C(=C1)C(=O)NCC3=CC(=CC=C3)Cl,IC50,12569,nM,BindingDB,,79925,
244,O43613,DWWTVFIKEIGFEP-UHFFFAOYSA-N,C1OC2=C(O1)C=C(C=C2)CN=C(NC3=CC=C(C=C3)F)SC4=C(N(C(=C4)O)C5=CC=C(C=C5)C(=O)O)O,C1OC2=C(O1)C=C(C=C2)CN=C(NC3=CC=C(C=C3)F)SC4=C(N(C(=C4)O)C5=CC=C(C=C5)C(=O)O)O,IC50,24528,nM,BindingDB,,79883,
249,O43613,PUBOKMCVMUTDEI-UHFFFAOYSA-N,CC1=NN(C2=C1C(=C(C(=N2)N)C#N)C3CC(=O)C(=O)C=C3)C4=CC=CC=C4,CC1=NN(C2=C1C(=C(C(=N2)N)C#N)C3CC(=O)C(=O)C=C3)C4=CC=CC=C4,IC50,>5528,nM,BindingDB,,79918,
250,O43613,UMZBMLLOXJHYSO-FQEVSTJZSA-N,CC1=CC(=C(C=C1)N2N=CC=N2)C(=O)N3CCCC3C4=NN=C(O4)C5=CC=C(C=C5)OC,CC1=CC(=C(C=C1)N2N=CC=N2)C(=O)N3CCC[C@H]3C4=NN=C(O4)C5=CC=C(C=C5)OC,IC50,17000,nM,BindingDB,,257988,
257,O43613,SPBAOJXNJONGSC-UHFFFAOYSA-N,C1=CC=C(C=C1)NC2=NC3=C(C(=O)S2)SC=C3,C1=CC=C(C=C1)NC2=NC3=C(C(=O)S2)SC=C3,IC50,12896,nM,BindingDB,,79806,
258,O43613,GWCXEFGKGPBFIY-LICLKQGHSA-N,CN(C)S(=O)(=O)C1=CC=C(C=C1)C2=CSC(=N2)NN=CC3=CC=CO3,CN(C)S(=O)(=O)C1=CC=C(C=C1)C2=CSC(=N2)N/N=C/C3=CC=CO3,IC50,>49756,nM,ChEMBL,CHEMBL5113,CHEMBL1995726,PubChem BioAssay data set
259,O43613,SSZGUNLFUXQOIZ-UHFFFAOYSA-N,CCN(CC)C(=O)CN(C1=CC=C(C=C1)C)S(=O)(=O)C2=CC=CC=C2F,CCN(CC)C(=O)CN(C1=CC=C(C=C1)C)S(=O)(=O)C2=CC=CC=C2F,IC50,>10000,nM,ChEMBL,CHEMBL5113,CHEMBL468969,18845436
262,O43613,GXOHYVMGAJUGMV-UHFFFAOYSA-N,C1=CC=NC(=C1)C2=NC3=C(C=C(C=C3)Cl)C(=C2)C(=O)NCC4=CC=C(C=C4)S(=O)(=O)N,C1=CC=NC(=C1)C2=NC3=C(C=C(C=C3)Cl)C(=C2)C(=O)NCC4=CC=C(C=C4)S(=O)(=O)N,IC50,>49739,nM,BindingDB,,47322,
266,O43613,SMQQXFDYSJEWEM-UHFFFAOYSA-N,CCN(CC)C1=CC(=C(C=C1)Cl)N(CC(=O)N(CC)CC)S(=O)(=O)C2=CC(=C(C=C2)OC)OC,CCN(CC)C1=CC(=C(C=C1)Cl)N(CC(=O)N(CC)CC)S(=O)(=O)C2=CC(=C(C=C2)OC)OC,IC50,>10000,nM,ChEMBL,CHEMBL5113,CHEMBL495974,18845436
267,O43613,LKXRGCHIXZTUBX-UHFFFAOYSA-N,CCN1C(=NC2=C1C=CC(=C2)C3=NN4CC5=CC=CC=C5C4=N3)C,CCN1C(=NC2=C1C=CC(=C2)C3=NN4CC5=CC=CC=C5C4=N3)C,IC50,48103,nM,ChEMBL,CHEMBL5113,CHEMBL1524484,PubChem BioAssay data set
269,O43613,DOQBMWJFKCZNSN-CMDGGOBGSA-N,CCOC(=O)C1=C(NC(=O)NC1C)COC(=O)C=CC2=CC(=CC=C2)OC,CCOC(=O)C1=C(NC(=O)NC1C)COC(=O)/C=C/C2=CC(=CC=C2)OC,IC50,15340,nM,ChEMBL,CHEMBL5113,CHEMBL1445904,PubChem BioAssay data set
271,O43613,DWOMXKJFILUXON-UHFFFAOYSA-N,C1CC(C2=CC=CC=C2SC1)N3CCN(CC3)CC4=CC=CC=C4,C1CC(C2=CC=CC=C2SC1)N3CCN(CC3)CC4=CC=CC=C4,IC50,23913,nM,BindingDB,,79903,
272,O43613,AFLCBYWOVUOJFP-UHFFFAOYSA-N,CCOC1=CC=C(C=C1)S(=O)(=O)N2CCCC(C2)C(=O)NC3=CC(=CC(=C3)C)C,CCOC1=CC=C(C=C1)S(=O)(=O)N2CCCC(C2)C(=O)NC3=CC(=CC(=C3)C)C,IC50,>49747,nM,ChEMBL,CHEMBL5113,CHEMBL1501952,PubChem BioAssay data set
273,O43613,FUYTWFOYZZCNES-RHSMWYFYSA-N,CCOC1=C(C=CC=N1)C(=O)N2CC(CCC2C)OC3=NC=CC(=C3C)C#N,CCOC1=C(C=CC=N1)C(=O)N2C[C@@H](CC[C@H]2C)OC3=NC=CC(=C3C)C#N,IC50,>10000,nM,BindingDB,,205165,
275,O43613,RHZUDNCYNPRDGJ-UHFFFAOYSA-N,CC1=C(C2=CC=CC=C2N1)C(=O)CSC3=NC4=CC=CC=C4N3,CC1=C(C2=CC=CC=C2N1)C(=O)CSC3=NC4=CC=CC=C4N3,IC50,12463,nM,BindingDB,,79841,
278,O43613,XYTOPSWBJQGBLE-ZIAGYGMSSA-N,CC1CCC(CN1C(=O)C2=C(SC=C2)C3=NC=CC=N3)C4=CSC(=N4)C(C)(C)O,C[C@@H]1CC[C@H](CN1C(=O)C2=C(SC=C2)C3=NC=CC=N3)C4=CSC(=N4)C(C)(C)O,IC50,>10000,nM,BindingDB,,101918,
279,O43613,KCBDFPPSMORIIJ-UHFFFAOYSA-N,CCN(CC)C1=CC(=C(C=C1)NC(=O)C2=CC3=CC=CC=C3O2)C,CCN(CC)C1=CC(=C(C=C1)NC(=O)C2=CC3=CC=CC=C3O2)C,IC50,>49756,nM,ChEMBL,CHEMBL5113,CHEMBL1364699,PubChem BioAssay data set
280,O43613,IAHDLXGCEXBVEF-UHFFFAOYSA-N,COC1=CC=CC(=C1C2CCCC(=O)N2CC3=CC=C(C=C3)OC(F)(F)F)C(F)(F)F,COC1=CC=CC(=C1C2CCCC(=O)N2CC3=CC=C(C=C3)OC(F)(F)F)C(F)(F)F,IC50,>21570,nM,ChEMBL,CHEMBL5113,CHEMBL3926196,None
281,O43613,YBINXMKLOILQMU-UHFFFAOYSA-N,CC1CCC(C(C1)OC(=O)CN2C3=CC=CC=C3[N+](=C2COC4=CC=C(C=C4)OC)C)C(C)C,CC1CCC(C(C1)OC(=O)CN2C3=CC=CC=C3[N+](=C2COC4=CC=C(C=C4)OC)C)C(C)C,IC50,63052,nM,BindingDB,,68132,
282,O43613,ZRCYCSUOIULTQF-UHFFFAOYSA-N,C1C(C(=O)N(C1=O)C2=CC=C(C=C2)C(=O)O)SC(=NCC3=CC4=C(C=C3)OCO4)NC5=CC=C(C=C5)F,C1C(C(=O)N(C1=O)C2=CC=C(C=C2)C(=O)O)SC(=NCC3=CC4=C(C=C3)OCO4)NC5=CC=C(C=C5)F,IC50,24528,nM,ChEMBL,CHEMBL5113,CHEMBL1354074,PubChem BioAssay data set
283,O43613,ZTUHLUUBHVTYJD-AWEZNQCLSA-N,C1CC(N(C1)C(=O)C2=COC=C2)C3=NC(=NO3)C4=CC(=CC=C4)Cl,C1C[C@H](N(C1)C(=O)C2=COC=C2)C3=NC(=NO3)C4=CC(=CC=C4)Cl,IC50,>8500,nM,BindingDB,,258093,
286,O43613,PMZDJLWNMHHJNT-HNNXBMFYSA-N,CC1=CC=CC=C1C2=NOC(=N2)C3CCCN3C(=O)C4=COC=C4,CC1=CC=CC=C1C2=NOC(=N2)[C@@H]3CCCN3C(=O)C4=COC=C4,IC50,>8500,nM,BindingDB,,258094,
291,O43613,SOENSRIUSZUAPD-IBGZPJMESA-N,CC1=C(C=CC=C1Cl)C2=NC(=NO2)C3CCCN3C(=O)C4=C(ON=C4C5=CC=CC=C5Cl)C,CC1=C(C=CC=C1Cl)C2=NC(=NO2)[C@@H]3CCCN3C(=O)C4=C(ON=C4C5=CC=CC=C5Cl)C,IC50,>26200,nM,BindingDB,,258096,
292,O43613,WLQLQOARHVMJPU-UHFFFAOYSA-N,CC1=CC(=NC2=CC=CC=C12)SCC(=O)C3=CC4=C(C=C3)OCO4,CC1=CC(=NC2=CC=CC=C12)SCC(=O)C3=CC4=C(C=C3)OCO4,IC50,18846,nM,ChEMBL,CHEMBL5113,CHEMBL1342815,PubChem BioAssay data set
300,O43613,QRYLEGDMIGVEDT-UHFFFAOYSA-N,C1=CC=C2C(=C1)N=NN2CC(CN3C4=CC=CC=C4SC5=CC=CC=C53)O,C1=CC=C2C(=C1)N=NN2CC(CN3C4=CC=CC=C4SC5=CC=CC=C53)O,IC50,16429,nM,BindingDB,,71855,
302,O43613,NQLIVLASGOOYQX-UHFFFAOYSA-N,CC1=CC(=CC2=C1C(=O)C(=CO2)C3=NC(=CS3)C)O,CC1=CC(=CC2=C1C(=O)C(=CO2)C3=NC(=CS3)C)O,IC50,10391,nM,ChEMBL,CHEMBL5113,CHEMBL1330311,PubChem BioAssay data set
312,O43613,YLEXSMFDLLESHA-UHFFFAOYSA-N,CCOC(=O)N1CCN(CC1)C(=O)CSC2=NN=C(C=C2)C3=CC=CC=C3,CCOC(=O)N1CCN(CC1)C(=O)CSC2=NN=C(C=C2)C3=CC=CC=C3,IC50,16323,nM,BindingDB,,79875,
313,O43613,DDQFSNGVSUTALS-OXQOHEQNSA-N,CC1CCC(CN1C(=O)C2=C(N=C(C=C2)OC)C3=CC=NC=C3)OC4=NC=CC(=C4C)C#N,C[C@@H]1CC[C@H](CN1C(=O)C2=C(N=C(C=C2)OC)C3=CC=NC=C3)OC4=NC=CC(=C4C)C#N,IC50,>10000,nM,BindingDB,,205141,
316,O43613,KCNLJSPKGLSNKQ-IBGZPJMESA-N,CC1=CC(=C(C=C1)N2N=CC=N2)C(=O)N3CCCC3C4=NC(=NO4)C5=C(C=CN=C5)C,CC1=CC(=C(C=C1)N2N=CC=N2)C(=O)N3CCC[C@H]3C4=NC(=NO4)C5=C(C=CN=C5)C,IC50,>5040,nM,BindingDB,,257588,
317,O43613,UHWVSUDPAPFTIL-UHFFFAOYSA-N,C1=CC=C2C(=C1)C(=C(O2)C(=O)C3=CC=C(S3)Br)N,C1=CC=C2C(=C1)C(=C(O2)C(=O)C3=CC=C(S3)Br)N,IC50,15654,nM,BindingDB,,52210,
321,O43613,OIZZIGIDVRTSOX-UHFFFAOYSA-N,CCN(CC)C(=O)CN(C1=CC=C(C=C1)C)S(=O)(=O)C2=CC=C(C=C2)C,CCN(CC)C(=O)CN(C1=CC=C(C=C1)C)S(=O)(=O)C2=CC=C(C=C2)C,IC50,>10000,nM,ChEMBL,CHEMBL5113,CHEMBL524267,18845436
322,O43613,ZHXUEUNSASSKLN-WMZHIEFXSA-N,CC1=CC(=C(C=C1)N2N=CC=N2)C(=O)NC3CCCC3CC4=NC5=CC=CC=C5C=C4,CC1=CC(=C(C=C1)N2N=CC=N2)C(=O)N[C@@H]3CCC[C@H]3CC4=NC5=CC=CC=C5C=C4,IC50,>10000,nM,BindingDB,,256981,
325,O43613,KMHOUFSOQJOPJN-UHFFFAOYSA-N,CC1=CC(=CC=C1)NC(=O)NNC(=O)C2=CC(=NC3=CC=CC=C32)C4=CC=CC=C4Cl,CC1=CC(=CC=C1)NC(=O)NNC(=O)C2=CC(=NC3=CC=CC=C32)C4=CC=CC=C4Cl,IC50,13483,nM,ChEMBL,CHEMBL5113,CHEMBL1502107,PubChem BioAssay data set
339,O43613,RUBXMSGZDSRZLG-IUODEOHRSA-N,CC1CCC(CN1C(=O)C2=NSC=C2N3N=CC=N3)OC4=NC=CC(=C4C)C#N,C[C@@H]1CC[C@H](CN1C(=O)C2=NSC=C2N3N=CC=N3)OC4=NC=CC(=C4C)C#N,IC50,>10000,nM,BindingDB,,205150,
347,O43613,MFXDQNYSVOUGOX-HUUCEWRRSA-N,CC1CCC(CN1C(=O)C2=CC=CC=C2N3N=CC=N3)C4=NC=C(S4)C(C)(C)O,C[C@@H]1CC[C@H](CN1C(=O)C2=CC=CC=C2N3N=CC=N3)C4=NC=C(S4)C(C)(C)O,IC50,>10000,nM,BindingDB,,101835,
348,O43613,OVNXWLGFXQERGG-UHFFFAOYSA-N,CCN(CC)C(=O)CN(C1=CC=C(C=C1)C)S(=O)(=O)C2=CC=C(C=C2)C#N,CCN(CC)C(=O)CN(C1=CC=C(C=C1)C)S(=O)(=O)C2=CC=C(C=C2)C#N,IC50,>10000,nM,ChEMBL,CHEMBL5113,CHEMBL497404,18845436
354,O43613,IDGKPFDIDHMPNS-UHFFFAOYSA-N,CCN(CC)C(=O)CN(C1=CC=C(C=C1)C)S(=O)(=O)C2=CC=CC(=C2)F,CCN(CC)C(=O)CN(C1=CC=C(C=C1)C)S(=O)(=O)C2=CC=CC(=C2)F,IC50,>10000,nM,ChEMBL,CHEMBL5113,CHEMBL524806,18845436
360,O43613,MONVHZGSTTUKII-UHFFFAOYSA-N,C1=CC=C2C(=C1)C(=C(N2)O)N=NC(=O)C3=CC(=CC=C3)S(=O)(=O)NC4=CC=CC=C4Cl,C1=CC=C2C(=C1)C(=C(N2)O)N=NC(=O)C3=CC(=CC=C3)S(=O)(=O)NC4=CC=CC=C4Cl,IC50,>49756,nM,ChEMBL,CHEMBL5113,CHEMBL1536921,PubChem BioAssay data set
365,O43613,OZKRGJQUQCJBGZ-GXDHUFHOSA-N,C1=CC=C(C=C1)C(=O)NC(=CC2=CC(=CC=C2)Br)C3=NC(=S)NN3,C1=CC=C(C=C1)C(=O)N/C(=C/C2=CC(=CC=C2)Br)/C3=NC(=S)NN3,IC50,16775,nM,ChEMBL,CHEMBL5113,CHEMBL1344470,PubChem BioAssay data set
366,O43613,RGMSPAFXQHLMAA-SJLPKXTDSA-N,CC1CCC(CN1C(=O)C2=CC=CC=C2N3N=CC=N3)OC4=NC=CC(=C4)C(=O)N(C)C,C[C@@H]1CC[C@H](CN1C(=O)C2=CC=CC=C2N3N=CC=N3)OC4=NC=CC(=C4)C(=O)N(C)C,IC50,>10000,nM,BindingDB,,50084381,25981685
372,O43613,YMKNBTVIYQUEHN-CHWSQXEVSA-N,CC1CCC(CN1C(=O)C2=CSC=C2N3N=CC=N3)C4=NC(=CS4)C(C)(C)O,C[C@@H]1CC[C@H](CN1C(=O)C2=CSC=C2N3N=CC=N3)C4=NC(=CS4)C(C)(C)O,IC50,>10000,nM,BindingDB,,101864,
379,O43613,SVSITUVEUCFUJX-UHFFFAOYSA-N,CCN(CC)C(=O)CN(C1=C(C=CC(=C1)C#N)Cl)S(=O)(=O)C2=CC(=C(C=C2)OC)OC,CCN(CC)C(=O)CN(C1=C(C=CC(=C1)C#N)Cl)S(=O)(=O)C2=CC(=C(C=C2)OC)OC,IC50,>10000,nM,BindingDB,,50293217,18845436
380,O43613,XBTSSWGMHQSDTR-UHFFFAOYSA-M,CC1CCC(C(C1)OC(=O)CN2C3=CC=CC=C3[N+](=C2COC4=CC=C(C=C4)OC)C)C(C)C.[Cl-],CC1CCC(C(C1)OC(=O)CN2C3=CC=CC=C3[N+](=C2COC4=CC=C(C=C4)OC)C)C(C)C.[Cl-],IC50,63052,nM,ChEMBL,CHEMBL5113,CHEMBL1460004,PubChem BioAssay data set
382,O43613,JSJGFXRTLAIALM-UHFFFAOYSA-N,CC(=O)NC1=C(C=C(C=C1)NC(=O)NC2=C3C(=NC=C2)C=CC=N3)O.Cl,CC(=O)NC1=C(C=C(C=C1)NC(=O)NC2=C3C(=NC=C2)C=CC=N3)O.Cl,IC50,>30000,nM,ChEMBL,CHEMBL5113,CHEMBL2159604,23031594
384,O43613,URVWFIZXKWZNQS-UHFFFAOYSA-N,COC1=C(C=C(C=C1)S(=O)(=O)NC2=C(C=CC3=CC=CC=C32)O)OC,COC1=C(C=C(C=C1)S(=O)(=O)NC2=C(C=CC3=CC=CC=C32)O)OC,IC50,>16587,nM,ChEMBL,CHEMBL5113,CHEMBL1595403,PubChem BioAssay data set
388,O43613,BUEYTYZOCKWHHR-UHFFFAOYSA-N,C1=CSC(=C1)C2=NN=C(C=C2)SCC(=O)C3=CC=CS3,C1=CSC(=C1)C2=NN=C(C=C2)SCC(=O)C3=CC=CS3,IC50,>614.38,nM,BindingDB,,75994,
392,O43613,DGFZLVPWGWQYLN-UHFFFAOYSA-N,CCN(CC)C(=O)CN(C1=CC=C(C=C1)C)S(=O)(=O)C2=CC=CC=C2C,CCN(CC)C(=O)CN(C1=CC=C(C=C1)C)S(=O)(=O)C2=CC=CC=C2C,IC50,>10000,nM,BindingDB,,50293210,18845436
396,O43613,QNOGLWANWYSVHV-DNVCBOLYSA-N,CC1CCC(CN1C(=O)C2=C(N=C(C=C2)C=C)N3N=CC=N3)OC4=NC=CC(=C4C)C#N,C[C@@H]1CC[C@H](CN1C(=O)C2=C(N=C(C=C2)C=C)N3N=CC=N3)OC4=NC=CC(=C4C)C#N,IC50,>10000,nM,BindingDB,,205227,
399,O43613,RLEHACFSEIJEMF-CZUORRHYSA-N,CC1CCC(CN1C(=O)C2=C(N=C(C=C2)Cl)N3N=CC=N3)OC4=NC=CC(=C4C)C#N,C[C@@H]1CC[C@H](CN1C(=O)C2=C(N=C(C=C2)Cl)N3N=CC=N3)OC4=NC=CC(=C4C)C#N,IC50,>10000,nM,BindingDB,,205178,
405,O43613,VJLXMFAKKYDGEW-RDTXWAMCSA-N,CC1CCC(CN1C(=O)C2=C(C=C(C=C2)OC(F)F)N3N=CC=N3)OC4=NC=CC(=C4C)C#N,C[C@@H]1CC[C@H](CN1C(=O)C2=C(C=C(C=C2)OC(F)F)N3N=CC=N3)OC4=NC=CC(=C4C)C#N,IC50,>10000,nM,BindingDB,,205161,
409,O43613,XEUXQMJVQLFIES-CZUORRHYSA-N,CC1CCC(CN1C(=O)C2=CN=C(C=C2N3N=CC=N3)Cl)OC4=NC=CC(=C4C)C#N,C[C@@H]1CC[C@H](CN1C(=O)C2=CN=C(C=C2N3N=CC=N3)Cl)OC4=NC=CC(=C4C)C#N,IC50,>10000,nM,BindingDB,,205163,
410,O43613,CBMXEVMYHZMCDQ-HUUCEWRRSA-N,CC1CCC(CN1C(=O)C2=CC=CC=C2CS(=O)(=O)C)C3=CSC(=N3)C(C)(C)O,C[C@@H]1CC[C@H](CN1C(=O)C2=CC=CC=C2CS(=O)(=O)C)C3=CSC(=N3)C(C)(C)O,IC50,>10000,nM,BindingDB,,101983,
431,O43613,CXQJFDIVYJROOR-ZIAGYGMSSA-N,CC1CCC(CN1C(=O)C2=CC=CC=C2N3N=CN=N3)C4=NC(=CS4)C(C)(C)O,C[C@@H]1CC[C@H](CN1C(=O)C2=CC=CC=C2N3N=CN=N3)C4=NC(=CS4)C(C)(C)O,IC50,>10000,nM,BindingDB,,101863,
433,O43613,PDCMSNDUKGQBTI-XWQURZDVSA-N,CCN1C(=O)C2C(C1=O)C3(CCCCN3C2C4=CC(=C(C=C4)SCC)OC)C(=O)OC,CCN1C(=O)[C@H]2[C@@H](C1=O)[C@@]3(CCCCN3[C@@H]2C4=CC(=C(C=C4)SCC)OC)C(=O)OC,IC50,12421,nM,BindingDB,,79953,
449,O43613,KTNQUTTYHKEAFX-FQEVSTJZSA-N,CC1=CC(=C(C=C1)N2N=CC=N2)C(=O)N3CCCC3C4=NC(=NO4)C5=NC=C(C(=C5)C)C,CC1=CC(=C(C=C1)N2N=CC=N2)C(=O)N3CCC[C@H]3C4=NC(=NO4)C5=NC=C(C(=C5)C)C,IC50,>1630,nM,BindingDB,,257592,
