smiles,value,cano_smiles
CC1=CC(=C(C=C1)N2N=CC=N2)C(=O)N3CCCC3C4=NC(=NO4)C5=C(C=CC=C5F)C,-1.6020599913279625,Cc1ccc(-n2nccn2)c(C(=O)N2CCCC2c2nc(-c3c(C)cccc3F)no2)c1
COC1=C(C=CC=C1F)C2=NOC(=N2)C3CCCN3C(=O)C4=C(C=CC(=C4)Cl)N5N=CC=N5,-0.9542425094393248,COc1c(F)cccc1-c1noc(C2CCCN2C(=O)c2cc(Cl)ccc2-n2nccn2)n1
CC1=CC=CC(=C1)C2=C(N=CO2)C(=O)NC3=CN(N=C3)CCN4C=CC5=C4C=CC(=C5)Cl,-2.7050079593333356,Cc1cccc(-c2ocnc2C(=O)Nc2cnn(CCn3ccc4cc(Cl)ccc43)c2)c1
CNC(=O)C(C1=CC=CC=C1)N2CCN3C(=NC(=C3C2CCC4=CC(=CC=C4)C(F)(F)F)Cl)C5CC5,-0.8450980400142568,CNC(=O)C(c1ccccc1)N1CCn2c(C3CC3)nc(Cl)c2C1CCc1cccc(C(F)(F)F)c1
CCC1=NC(=C2N1CCN(C2CCC3=CC=C(C=C3)C(F)(F)F)C(C4=CC=CC=C4)C(=O)NC)OCC,-3.4387005329007363,CCOc1nc(CC)n2c1C(CCc1ccc(C(F)(F)F)cc1)N(C(C(=O)NC)c1ccccc1)CC2
CC1CCC(CN1C(=O)C2=C(C(=CC=C2)F)N3N=CC=N3)OC4=NC=CC(=C4C)C#N,-1.0791812460476249,Cc1c(C#N)ccnc1OC1CCC(C)N(C(=O)c2cccc(F)c2-n2nccn2)C1
CC1=C(C=C(C(=C1)C(=O)N2CCCC2C3=NC(=NN3)C4=C(C(=CC=C4)Cl)OC)N5N=CC=N5)C,-0.4771212547196624,COc1c(Cl)cccc1-c1n[nH]c(C2CCCN2C(=O)c2cc(C)c(C)cc2-n2nccn2)n1
CC1=CC=CC(=C1)C2=C(N=CO2)C(=O)NC3=CN(N=C3)CCNC4=NC=C(C=N4)C,-3.4166405073382813,Cc1cnc(NCCn2cc(NC(=O)c3ncoc3-c3cccc(C)c3)cn2)nc1
COC1=C(C=C(C=C1)CC2COCCN2C(=O)C3=CC=CC=C3N4N=CC=N4)C5=CC=CS5,-1.4913616938342726,COc1ccc(CC2COCCN2C(=O)c2ccccc2-n2nccn2)cc1-c1cccs1
COC1=C(C(=CC=C1)OC)C2CCC(=O)N2CC3=CC4=C(C=C3)OC5=CC=CC=C54,-1.3010299956639813,COc1cccc(OC)c1C1CCC(=O)N1Cc1ccc2oc3ccccc3c2c1
CC1=NC(=CS1)C2=CC(=CC=C2)CN3C(CCC3=O)C4=CC=CC=C4C5=CC=CC=C5,-2.6646419755561257,Cc1nc(-c2cccc(CN3C(=O)CCC3c3ccccc3-c3ccccc3)c2)cs1
CC1=C(C=CC=C1F)C2=NOC(=N2)C3CCCN3C(=O)C4=C(C=CC(=C4)C#N)N5N=CC=N5,-2.4727564493172123,Cc1c(F)cccc1-c1noc(C2CCCN2C(=O)c2cc(C#N)ccc2-n2nccn2)n1
CC1CC(N(C(=O)C1)CC2=CC=C(C=C2)OC(F)(F)F)C3=C(C=CC=C3OC)OC,-2.4727564493172123,COc1cccc(OC)c1C1CC(C)CC(=O)N1Cc1ccc(OC(F)(F)F)cc1
CC1=C(C(=CC=C1)OC)C2CC(C(=O)N2CC3=CC=C(C=C3)OC(F)(F)F)Cl,-2.1003705451175634,COc1cccc(C)c1C1CC(Cl)C(=O)N1Cc1ccc(OC(F)(F)F)cc1
COC1=C(C(=CC=C1)OC)C2CCCC(=O)N2CC3=CC=CC(=N3)C4=CC=C(C=C4)F,-2.1522883443830563,COc1cccc(OC)c1C1CCCC(=O)N1Cc1cccc(-c2ccc(F)cc2)n1
C1=CC=C2C(=C1)C=CC=C2C3=NN=C(O3)SCC#CCOC(=O)C4=C5C=CNC5=CC=C4,-3.1430148002540954,O=C(OCC#CCSc1nnc(-c2cccc3ccccc23)o1)c1cccc2[nH]ccc12
C1CC(C(C1)NC(=O)C2=CC=CC=C2N3N=CC=N3)NC4=NC5=C(S4)C=CC(=C5)F,-3.934498451243568,O=C(NC1CCCC1Nc1nc2cc(F)ccc2s1)c1ccccc1-n1nccn1
CC1=NC(=CS1)C2=CC(=CC=C2)CN3C(CCCC3=O)C4=C(C=CC5=C4OC=N5)OC,-2.008600171761917,COc1ccc2ncoc2c1C1CCCC(=O)N1Cc1cccc(-c2csc(C)n2)c1
CC1=C(C=C(C=C1)N2N=CC=N2)CC3COCCN3C(=O)C4=CC=CC=C4N5N=CC=N5,-3.214843848047698,Cc1ccc(-n2nccn2)cc1CC1COCCN1C(=O)c1ccccc1-n1nccn1
CC1CCC(CN1C(=O)C2=C(C=C(C=C2)F)N3N=CC=N3)C4=NC(=C(S4)C)C(C)(C)O,-1.3010299956639813,Cc1sc(C2CCC(C)N(C(=O)c3ccc(F)cc3-n3nccn3)C2)nc1C(C)(C)O
CC1=CC(=C(C=C1)N2N=CC=N2)C(=O)N3CCCC3C4=NC(=NO4)C5=CC(=CC=C5)Cl,-1.505149978319906,Cc1ccc(-n2nccn2)c(C(=O)N2CCCC2c2nc(-c3cccc(Cl)c3)no2)c1
C1CN(CC(C12N(CCO2)S(=O)(=O)C3=CC=CC=C3)(F)F)C(=O)NC4=CC=CC=C4,-3.0,O=C(Nc1ccccc1)N1CCC2(OCCN2S(=O)(=O)c2ccccc2)C(F)(F)C1
CC1C(N(CCO1)C(=O)C2=C(C=CC(=C2)C)N3N=CC=N3)CC4=CC(=CC=C4)N5N=CC=N5,-3.4031205211758184,Cc1ccc(-n2nccn2)c(C(=O)N2CCOC(C)C2Cc2cccc(-n3nccn3)c2)c1
CCOC1=CC(=CC(=C1C2CC(C(=O)N2CC3=CC=C(C=C3)OC(F)(F)F)Cl)F)F,-1.7993405494535817,CCOc1cc(F)cc(F)c1C1CC(Cl)C(=O)N1Cc1ccc(OC(F)(F)F)cc1
CC1=C(C=C(C=C1)C2=C(N=CO2)C(=O)NC3=CN(N=C3)CCN4C(=NC5=CC=CC=C54)C)OC,-3.57978359661681,COc1cc(-c2ocnc2C(=O)Nc2cnn(CCn3c(C)nc4ccccc43)c2)ccc1C
CC1CCCC(N1C(=O)C2=C(SC(=N2)C)C3=CC=C(C=C3)F)CNC(=O)C4=CC=CC5=C4N=CC=C5,-2.1789769472931693,Cc1nc(C(=O)N2C(C)CCCC2CNC(=O)c2cccc3cccnc23)c(-c2ccc(F)cc2)s1
CC1CCC(CN1C(=O)C2=CN=C(C=C2N3N=CC=N3)Cl)OC4=NC=CC(=C4C)C#N,-1.5440680443502757,Cc1c(C#N)ccnc1OC1CCC(C)N(C(=O)c2cnc(Cl)cc2-n2nccn2)C1
CC1CCCN(C1CNC(=O)C2=C3C=COC3=CC=C2)C(=O)C4=C(SC(=N4)C)C5=CC=CC=C5,-0.9395192526186184,Cc1nc(C(=O)N2CCCC(C)C2CNC(=O)c2cccc3occc23)c(-c2ccccc2)s1
CC1=C(C(=CC=C1)N2N=CC=N2)C(=O)N3CCCC3C4=NC(=NN4)C5=CC=CC=C5OC(F)(F)F,-1.7242758696007892,Cc1cccc(-n2nccn2)c1C(=O)N1CCCC1c1nc(-c2ccccc2OC(F)(F)F)n[nH]1
COC1=C(C(=CC=C1)OC)C2CCCC(=O)N2CC3=CC=C(C=C3)N4C=CC=N4,-2.6560982020128323,COc1cccc(OC)c1C1CCCC(=O)N1Cc1ccc(-n2cccn2)cc1
CC1=C(C=C(C(=C1)N2N=CC=N2)C(=O)N3CCCC3C4=NN=C(O4)C5=C(C(=CC=C5)Cl)C)OC,-0.9542425094393248,COc1cc(C(=O)N2CCCC2c2nnc(-c3cccc(Cl)c3C)o2)c(-n2nccn2)cc1C
CC1=NC(=CS1)C2=CC(=CC=C2)CN3C(CCCC3=O)C4=C5C(=CC=C4)OCCO5,-2.3598354823398884,Cc1nc(-c2cccc(CN3C(=O)CCCC3c3cccc4c3OCCO4)c2)cs1
CC1CC(N(C1=O)CC2=CC=CC(=C2)C3=CSC(=N3)C)C4=C(C=CC=C4OC)OC,-1.3802112417116061,COc1cccc(OC)c1C1CC(C)C(=O)N1Cc1cccc(-c2csc(C)n2)c1
CCOC1=C(C(=CC=C1)F)C2CC(C(=O)N2CC3=CC(=CC=C3)OC(F)F)C,-1.6127838567197357,CCOc1cccc(F)c1C1CC(C)C(=O)N1Cc1cccc(OC(F)F)c1
CC1=CC(=C(C=C1)N2N=CC=N2)C(=O)N3CCCOC3CC4=CN(N=C4)C5=NC=C(C=C5)F,-0.5563025007672873,Cc1ccc(-n2nccn2)c(C(=O)N2CCCOC2Cc2cnn(-c3ccc(F)cn3)c2)c1
CC1=C(C=CC=C1Cl)C2=NOC(=N2)C3CCCN3C(=O)C4=NC=CN=C4C5=CC(=CC=C5)OC,-2.257678574869185,COc1cccc(-c2nccnc2C(=O)N2CCCC2c2nc(-c3cccc(Cl)c3C)no2)c1
CC1=CC(=C(C=C1)N2N=CC=N2)C(=O)N3CCC4=C(C3CC5=CC(=C(C=C5)OC)OC)SC=C4,-2.631443769013172,COc1ccc(CC2c3sccc3CCN2C(=O)c2cc(C)ccc2-n2nccn2)cc1OC
COC1=C(C2=C(C=C1)N=CO2)C3CCCC(=O)N3CC4=NC5=CC=CC=C5C=C4,-3.256477206241677,COc1ccc2ncoc2c1C1CCCC(=O)N1Cc1ccc2ccccc2n1
COC1=C(C=C(C=C1)OCCN(CC2=CC=CS2)CC(=O)NCC3=CC=CC=C3)OC,-2.0400086360135417,COc1ccc(OCCN(CC(=O)NCc2ccccc2)Cc2cccs2)cc1OC
CC1=CC(=C(C(=C1)OC)C2CCCC(=O)N2CC3=CC=C(C=C3)OC(F)(F)F)OC,-2.0293837776852097,COc1cc(C)cc(OC)c1C1CCCC(=O)N1Cc1ccc(OC(F)(F)F)cc1
CC1CCN(CCN1C(=O)C2=C(C=CC(=C2)C)N3N=CC=N3)C4=NC5=CC=CC=C5C=N4,-1.4771212547196624,Cc1ccc(-n2nccn2)c(C(=O)N2CCN(c3ncc4ccccc4n3)CCC2C)c1
CC1=NC(=C(S1)C2=CC(=CC=C2)F)C(=O)N3CCCC3C4=NN=C(O4)C5=CC=CC=C5OC(F)(F)F,-1.6532125137753435,Cc1nc(C(=O)N2CCCC2c2nnc(-c3ccccc3OC(F)(F)F)o2)c(-c2cccc(F)c2)s1
COC1=C(C=CC=C1Cl)C2=NC(=NO2)C3CCCN3C(=O)C4=C(C=CC(=C4)Cl)N5N=CC=N5,-1.230448921378274,COc1c(Cl)cccc1-c1nc(C2CCCN2C(=O)c2cc(Cl)ccc2-n2nccn2)no1
CC1=CC=CC(=C1)C2=C(N=CO2)C(=O)NC3=CN(N=C3)CCCN4CCC5=C4C=C(C=C5)OC,-2.392696953259666,COc1ccc2c(c1)N(CCCn1cc(NC(=O)c3ncoc3-c3cccc(C)c3)cn1)CC2
CC1=CC=CC(=C1)C2=C(N=CO2)C(=O)NC3=CN(N=C3)CCC4=CN(C5=C4C=C(C=C5)OC)C,-1.3424226808222062,COc1ccc2c(c1)c(CCn1cc(NC(=O)c3ncoc3-c3cccc(C)c3)cn1)cn2C
CC1=CC(=C(C=C1)N2N=CC=N2)C(=O)N3CCCC3C4=CN=C(N4)C5=C(C(=CC=C5)Cl)C,-2.833147111912785,Cc1ccc(-n2nccn2)c(C(=O)N2CCCC2c2cnc(-c3cccc(Cl)c3C)[nH]2)c1
CC1=CC=CC(=C1)C2=C(N=CO2)C(=O)NC3=C(N(N=C3C)CCN4C=CC5=CN=C(C=C54)OC)C,-2.315970345456918,COc1cc2c(ccn2CCn2nc(C)c(NC(=O)c3ncoc3-c3cccc(C)c3)c2C)cn1
C1COCC(N1C(=O)C2=C(C(=CC=C2)C(F)(F)F)N3N=CC=N3)CC4=CC(=CC=C4)N5N=CC=N5,-2.5693739096150456,O=C(c1cccc(C(F)(F)F)c1-n1nccn1)N1CCOCC1Cc1cccc(-n2nccn2)c1
CC1CCCC(N1C(=O)C2=C(SC(=N2)C)C3=CC=C(C=C3)F)CNC4=NC5=CC=CC=C5O4,-2.096910013008056,Cc1nc(C(=O)N2C(C)CCCC2CNc2nc3ccccc3o2)c(-c2ccc(F)cc2)s1
C1CCC(=O)N(C(C1)C2=CC=CC=C2C3=CN=CC=C3)CC4=CC=CC(=C4)C5=NC=CS5,-1.968482948553935,O=C1CCCCC(c2ccccc2-c2cccnc2)N1Cc1cccc(-c2nccs2)c1
CC1=CC(=C(C=C1)C)C2=NOC(=N2)C3CCN3C(=O)C4=C(C=CC(=C4)C)N5N=CC=N5,-1.230448921378274,Cc1ccc(-n2nccn2)c(C(=O)N2CCC2c2nc(-c3cc(C)ccc3C)no2)c1
CC1CCN(CCN1C(=O)C2=CC=CC=C2N3N=CC=N3)C4=NC=C(C(=N4)C)C(F)(F)F,-1.4313637641589874,Cc1nc(N2CCC(C)N(C(=O)c3ccccc3-n3nccn3)CC2)ncc1C(F)(F)F
CC1=CC(=C(C(=C1)C(=O)N2CCCC2C3=NC(=NO3)C4=CC=CC=C4OC(F)(F)F)N5N=CC=N5)C,-1.5440680443502757,Cc1cc(C)c(-n2nccn2)c(C(=O)N2CCCC2c2nc(-c3ccccc3OC(F)(F)F)no2)c1
COC1=C(C(=CC=C1)OC)C2CCCCC(=O)N2CC3=CC=CC(=C3)C4=CSC=N4,-1.2787536009528289,COc1cccc(OC)c1C1CCCCC(=O)N1Cc1cccc(-c2cscn2)c1
CC1=CC(=C(C=C1)C2=CC=CC=C2)C(=O)N3CCC3C4=NC(=NN4)C5=CC=CC=C5OC(F)(F)F,-1.5910646070264989,Cc1ccc(-c2ccccc2)c(C(=O)N2CCC2c2nc(-c3ccccc3OC(F)(F)F)n[nH]2)c1
CC1CN(C(CO1)CC2=C(C=CC(=C2)C3=NC=CC=N3)F)C(=O)C4=C(C(=C(C=C4)C)C)N5N=CC=N5,-2.912753303671323,Cc1ccc(C(=O)N2CC(C)OCC2Cc2cc(-c3ncccn3)ccc2F)c(-n2nccn2)c1C
COC1=C(C(=CC=C1)OC)C2N(C(=O)CS2)CC3=CC=C(C=C3)OC(F)(F)F,-1.2041199826559248,COc1cccc(OC)c1C1SCC(=O)N1Cc1ccc(OC(F)(F)F)cc1
CC1=CC=CC(=C1N2N=CC=N2)C(=O)N3CCOCC3CC4=C(C=CC(=C4)N5N=CC=N5)F,-3.1760912590556813,Cc1cccc(C(=O)N2CCOCC2Cc2cc(-n3nccn3)ccc2F)c1-n1nccn1
C1CC(N(C1)C(=O)C2=C(N=CC=C2)C3=CC=CC=N3)C4=NC(=NO4)C5=CC=CC=C5OC(F)(F)F,-2.0273496077747564,O=C(c1cccnc1-c1ccccn1)N1CCCC1c1nc(-c2ccccc2OC(F)(F)F)no1
CC1=C(C=C(C(=C1)N2N=CC=N2)C(=O)N3CCCC3C4=NOC(=N4)C5=C(C(=CC=C5)F)OC)OC,-0.0,COc1cc(C(=O)N2CCCC2c2noc(-c3cccc(F)c3OC)n2)c(-n2nccn2)cc1C
CC1=CC(=C(C=C1)N2N=CC=N2)C(=O)N3CCCCC3CC4=CC(=CC=C4)N5N=CC=N5,-0.3010299956639812,Cc1ccc(-n2nccn2)c(C(=O)N2CCCCC2Cc2cccc(-n3nccn3)c2)c1
CC1COC2=C(C=C(C=C2)OC(F)F)C(N1C(=O)C3=CC=C(C=C3)Cl)C,-1.4313637641589874,CC1COc2ccc(OC(F)F)cc2C(C)N1C(=O)c1ccc(Cl)cc1
CC1C(N(CCO1)C(=O)C2=C(C=C(C=C2)C)N3N=CC=N3)CC4=CC(=CC=C4)N5N=CC=N5,-3.5446880223026773,Cc1ccc(C(=O)N2CCOC(C)C2Cc2cccc(-n3nccn3)c2)c(-n2nccn2)c1
CC1CCC(CN1C(=O)C2=CC=CC=C2C3CC3)OC4=NC=CC(=C4C)C#N,-0.9542425094393248,Cc1c(C#N)ccnc1OC1CCC(C)N(C(=O)c2ccccc2C2CC2)C1
CC1CCC(CN1C(=O)C2=C(C=CC=N2)C3=CSC=N3)OC4=NC=CC(=C4C)C#N,-1.380211241711606,Cc1c(C#N)ccnc1OC1CCC(C)N(C(=O)c2ncccc2-c2cscn2)C1
CC1=CC(=C(C=C1)C(=O)N2CCCC2C3=NC(=NO3)C4=CC=CC=C4C(F)(F)F)N5N=CC=N5,-2.1003705451175634,Cc1ccc(C(=O)N2CCCC2c2nc(-c3ccccc3C(F)(F)F)no2)c(-n2nccn2)c1
CC1=CC(=C(C=C1)C)C2=NC(=NO2)C3CCCN3C(=O)C4=CC(=C(C=C4N5N=CC=N5)C)OC,-0.0,COc1cc(C(=O)N2CCCC2c2noc(-c3cc(C)ccc3C)n2)c(-n2nccn2)cc1C
C1COCC(N1C(=O)C2=CC=CC=C2N3N=CC=N3)CC4=CC(=C(C=C4)Cl)C5=NOC=N5,-2.6766936096248664,O=C(c1ccccc1-n1nccn1)N1CCOCC1Cc1ccc(Cl)c(-c2ncon2)c1
CC1=NC(=C(S1)C2=CC=CC=C2)C(=O)N3CCCC(C3CNC(=O)C4=CC=CC5=C4N=CC=C5)C(F)(F)F,-1.6020599913279625,Cc1nc(C(=O)N2CCCC(C(F)(F)F)C2CNC(=O)c2cccc3cccnc23)c(-c2ccccc2)s1
CC1=NC(=C(C=C1)C2=NC=CC=N2)C(=O)N3CCCOC3CN4C=CC(=N4)C5=CC=C(C=C5)F,-0.07918124604762483,Cc1ccc(-c2ncccn2)c(C(=O)N2CCCOC2Cn2ccc(-c3ccc(F)cc3)n2)n1
CC1=CC(=C(C=C1)C(=O)N2CCOCC2CC3=CC(=C(C=C3)C)N4N=CC=N4)N5N=CC=N5,-2.437750562820388,Cc1ccc(C(=O)N2CCOCC2Cc2ccc(C)c(-n3nccn3)c2)c(-n2nccn2)c1
C1CC(N(C1)S(=O)(=O)C2=CC=C(S2)Br)C(=O)NC3=CC=CC=C3,-2.214843848047698,O=C(Nc1ccccc1)C1CCCN1S(=O)(=O)c1ccc(Br)s1
CCCOC1=CC=CC=C1C2=NOC(=N2)C3CCN3C(=O)C4=C(C=CC(=C4)C)N5N=CC=N5,-2.060697840353612,CCCOc1ccccc1-c1noc(C2CCN2C(=O)c2cc(C)ccc2-n2nccn2)n1
CCOC1=CC=C(C=C1)CN2C(CCCC2=O)C3=C(C=CC=C3OC)OC,-1.8129133566428557,CCOc1ccc(CN2C(=O)CCCC2c2c(OC)cccc2OC)cc1
CC1CCC(CN1C(=O)C2=C(C=NC=C2)C3=CC=CC=C3)OC4=NC=CC(=C4C)C#N,-1.8388490907372552,Cc1c(C#N)ccnc1OC1CCC(C)N(C(=O)c2ccncc2-c2ccccc2)C1
CC1=C(C(=NN1C2=CC=CC=C2)C)P(=S)(C3=NC=CN3C=C)C4=NC=CN4C=C,-2.230448921378274,C=Cn1ccnc1P(=S)(c1c(C)nn(-c2ccccc2)c1C)c1nccn1C=C
CC1=NC2=CC=CC=C2C(=C1)C(=O)NCC3=CC(=CC=C3)Cl,-3.88024177589548,Cc1cc(C(=O)NCc2cccc(Cl)c2)c2ccccc2n1
COC1=C(C=C(C=C1)OCCN(CC2=CC=C(C=C2)F)CC(=O)NCC3=CC=CC=C3)OC,-1.290034611362518,COc1ccc(OCCN(CC(=O)NCc2ccccc2)Cc2ccc(F)cc2)cc1OC
CC1CCC(CN1C(=O)C2=CC=CC=C2OC(F)F)OC3=NC=CC(=C3)C#N,-1.568201724066995,CC1CCC(Oc2cc(C#N)ccn2)CN1C(=O)c1ccccc1OC(F)F
CC1=CN=C(S1)C2=CC(=CC=C2)CN3C(CCCC3=O)C4=C(C=CC5=CC=CC=C54)OC,-1.7708520116421442,COc1ccc2ccccc2c1C1CCCC(=O)N1Cc1cccc(-c2ncc(C)s2)c1
CC1CN(C(CO1)CC2=C(C=CC(=C2)C3=NC=CC=N3)F)C(=O)C4=C(C=C(C=C4)C)N5N=CC=N5,-2.4199557484897585,Cc1ccc(C(=O)N2CC(C)OCC2Cc2cc(-c3ncccn3)ccc2F)c(-n2nccn2)c1
CC1=CC(=C(C=C1)N2N=CC=N2)C(=O)N3CCCC3C4=NOC(=N4)C5=NC=CC(=C5)C(F)(F)F,-3.3283796034387376,Cc1ccc(-n2nccn2)c(C(=O)N2CCCC2c2noc(-c3cc(C(F)(F)F)ccn3)n2)c1
CC(C)C(C(=O)N1CCC2=CC(=C(C=C2C1)OC)OC)NCC3=CC=CC=C3,-3.5185139398778875,COc1cc2c(cc1OC)CN(C(=O)C(NCc1ccccc1)C(C)C)CC2
CC1=CC(=C(C=C1)C(=O)N2CCCC2C3=NC(=NN3)C4=C(C(=CC=C4)Cl)OC)N5N=CC=N5,-1.0,COc1c(Cl)cccc1-c1n[nH]c(C2CCCN2C(=O)c2ccc(C)cc2-n2nccn2)n1
CCOC1=C(C=CC=C1F)C2=NOC(=N2)C3CCCN3C(=O)C4=CC(=C(C=C4N5N=CC=N5)Cl)OC,-0.8450980400142568,CCOc1c(F)cccc1-c1noc(C2CCCN2C(=O)c2cc(OC)c(Cl)cc2-n2nccn2)n1
CC1CC(N(C1=O)CC2=CC=C(C=C2)OC(C)C)C3=C(C=CC=C3OC)OC,-2.568201724066995,COc1cccc(OC)c1C1CC(C)C(=O)N1Cc1ccc(OC(C)C)cc1
CC1=NC(=C(C=C1)N2N=CC=N2)C(=O)N3CCCC3C4=NC(=NO4)C5=CC=CC=C5OC(F)(F)F,-1.8512583487190752,Cc1ccc(-n2nccn2)c(C(=O)N2CCCC2c2nc(-c3ccccc3OC(F)(F)F)no2)n1
CC1=C(C=C(C(=C1)N2N=CC=N2)C(=O)N3CCCC3C4=NOC(=N4)C5=C(C(=CC=C5)OC)C)OC,-1.0,COc1cc(C(=O)N2CCCC2c2noc(-c3cccc(OC)c3C)n2)c(-n2nccn2)cc1C
CCOC1=CC=CC=C1C2=NOC(=N2)C3CCCN3C(=O)C4=C(C=CC(=C4)C)N5N=CC=N5,-0.6020599913279624,CCOc1ccccc1-c1noc(C2CCCN2C(=O)c2cc(C)ccc2-n2nccn2)n1
CC1=CC(=C(C=C1)OC)C2=NC(=NO2)C3CCCN3C(=O)C4=C(C=CC(=C4)C)N5N=CC=N5,-0.9542425094393248,COc1ccc(C)cc1-c1nc(C2CCCN2C(=O)c2cc(C)ccc2-n2nccn2)no1
CC1=CC=CC(=C1)C2=C(N=C(S2)C)C(=O)N3CCCC3CC4=CC5=C(C=C4)OCCO5,-1.5910646070264989,Cc1cccc(-c2sc(C)nc2C(=O)N2CCCC2Cc2ccc3c(c2)OCCO3)c1
CC1=C(C=C(C=C1)NC2CCCN(C2)C(=O)C3=CC=CC(=C3)C4=NC=CN4)C,-3.651278013998144,Cc1ccc(NC2CCCN(C(=O)c3cccc(-c4ncc[nH]4)c3)C2)cc1C
CC1CC(N(C1=O)CC2=CC=CC(=C2)C3=CSC(=N3)C)C4=C(C=CN=C4OC)OC,-2.05307844348342,COc1ccnc(OC)c1C1CC(C)C(=O)N1Cc1cccc(-c2csc(C)n2)c1
COC1=C(C=C2CN(CCC2=C1)C(=O)C(CC3=CC=CC=C3)NC(=O)C4=CC=CC=C4)OC,-2.2900346113625183,COc1cc2c(cc1OC)CN(C(=O)C(Cc1ccccc1)NC(=O)c1ccccc1)CC2
COC1=C(C(=CC=C1)F)C2CC(C(=O)N2CC3=CC=C(C=C3)OC(F)(F)F)O,-3.037426497940624,COc1cccc(F)c1C1CC(O)C(=O)N1Cc1ccc(OC(F)(F)F)cc1
C1CC(N(C1)S(=O)(=O)C2=CC=CC3=C2N=CC=C3)C(=O)N4CCN5C4=NC6=CC=CC=C65,-3.9858753573083936,O=C(C1CCCN1S(=O)(=O)c1cccc2cccnc12)N1CCn2c1nc1ccccc12
CC1=C(C=C(C(=C1)N2N=CC=N2)C(=O)N3CCCC3C4=NOC(=N4)C5=C(C(=CC=C5)Cl)C)OC,-0.0,COc1cc(C(=O)N2CCCC2c2noc(-c3cccc(Cl)c3C)n2)c(-n2nccn2)cc1C
COC1=CC(=NC(=N1)NCCN2C=C(C=N2)NC(=O)C3=C(OC=N3)C4=CC=CC=C4)OC,-2.071882007306125,COc1cc(OC)nc(NCCn2cc(NC(=O)c3ncoc3-c3ccccc3)cn2)n1
CC1CCC(CN1C(=O)C2=C(C(=CC=C2)F)N3N=CC=N3)OC4=NC=CC(=C4OC)C#N,-1.2787536009528289,COc1c(C#N)ccnc1OC1CCC(C)N(C(=O)c2cccc(F)c2-n2nccn2)C1
CC1CCN(CCN1C(=O)C2=C(C=CC(=C2)C)N3N=CC=N3)C4=NC=C5C(=CSC5=N4)C,-1.5440680443502757,Cc1ccc(-n2nccn2)c(C(=O)N2CCN(c3ncc4c(C)csc4n3)CCC2C)c1
COC1=C(C(=CC=C1)OC)C2CCCC(=O)N2CC3=CC(=CC=C3)OC(F)F,-1.8920946026904804,COc1cccc(OC)c1C1CCCC(=O)N1Cc1cccc(OC(F)F)c1
CC1=CC(=CC(=C1)C2=NC(=NO2)C3CCCN3C(=O)C4=C(C=C(C=C4)Cl)N5N=CC=N5)OC,-1.3979400086720375,COc1cc(C)cc(-c2nc(C3CCCN3C(=O)c3ccc(Cl)cc3-n3nccn3)no2)c1
CC1=CN=CC(=C1)C2=CC(=C(N=C2)C3=CC=CC=C3)C(=O)NCC4=NC(=C(C=C4)OC)OC,-1.1139433523068367,COc1ccc(CNC(=O)c2cc(-c3cncc(C)c3)cnc2-c2ccccc2)nc1OC
C1CC(N(C1)C(=O)C2=C(SC=N2)C3=CC(=CC=C3)Cl)C4=NC(=NO4)C5=CC=CC=C5OC(F)(F)F,-1.9030899869919435,O=C(c1ncsc1-c1cccc(Cl)c1)N1CCCC1c1nc(-c2ccccc2OC(F)(F)F)no1
C1CC(C(C1)NC(=O)C2=CC=CC=C2N3N=CC=N3)NC4=NC5=C(C=C(C=C5S4)F)F,-3.792391689498254,O=C(NC1CCCC1Nc1nc2c(F)cc(F)cc2s1)c1ccccc1-n1nccn1
CC1=NC(=C(C=C1)N2N=CC=N2)C(=O)N3CCOCC3CC4=CC(=CC=C4)N5N=CC=N5,-3.2121876044039577,Cc1ccc(-n2nccn2)c(C(=O)N2CCOCC2Cc2cccc(-n3nccn3)c2)n1
C1COCC(N1C(=O)C2=CC(=C(C=C2N3N=CC=N3)F)F)CC4=CC=CC(=C4)C5=NOC=N5,-2.8095597146352675,O=C(c1cc(F)c(F)cc1-n1nccn1)N1CCOCC1Cc1cccc(-c2ncon2)c1
COC1=C(C(=CC=C1)OC)C2CC(C(=O)N2CC3=CC=C(C=C3)OC(F)(F)F)F,-2.383815365980431,COc1cccc(OC)c1C1CC(F)C(=O)N1Cc1ccc(OC(F)(F)F)cc1
COC1=C(C=CC(=C1)F)C2CC(C(=O)N2CC3=CC=C(C=C3)OC(F)(F)F)F,-2.155336037465062,COc1cc(F)ccc1C1CC(F)C(=O)N1Cc1ccc(OC(F)(F)F)cc1
CC1=CC=CC(=C1N2N=CC=N2)C(=O)N3CCOCC3CC4=CC(=CC(=C4)Cl)N5N=CC=N5,-2.525044807036845,Cc1cccc(C(=O)N2CCOCC2Cc2cc(Cl)cc(-n3nccn3)c2)c1-n1nccn1
CC1=CC(=C(C=C1)N2N=CC=N2)C(=O)N3CCCC3C4=NC(=NO4)C5=CN(C6=C5C=CC=N6)C,-1.041392685158225,Cc1ccc(-n2nccn2)c(C(=O)N2CCCC2c2nc(-c3cn(C)c4ncccc34)no2)c1
CC1CCC(CN1C(=O)C2=C(C=CC(=C2)C)N3N=CC=N3)C#CC4=NC(=CC=C4)CO,-1.414973347970818,Cc1ccc(-n2nccn2)c(C(=O)N2CC(C#Cc3cccc(CO)n3)CCC2C)c1
COC1=C(C=CC(=C1C2CC(C(=O)N2CC3=CC=C(C=C3)OC(F)(F)F)O)F)F,-3.0128372247051716,COc1c(F)ccc(F)c1C1CC(O)C(=O)N1Cc1ccc(OC(F)(F)F)cc1
C1CN(C1C2=NC(=NO2)C3=CC=CC=C3OC(F)(F)F)C(=O)C4=CC=CC=C4N5N=CC=N5,-1.9590413923210936,O=C(c1ccccc1-n1nccn1)N1CCC1c1nc(-c2ccccc2OC(F)(F)F)no1
CCOC1=C(C=CC=C1F)C2=NOC(=N2)C3CCCN3C(=O)C4=CC=CC=C4N5N=CC=N5,-1.7160033436347992,CCOc1c(F)cccc1-c1noc(C2CCCN2C(=O)c2ccccc2-n2nccn2)n1
CC(C)OC1=CC=C(C=C1)CN2C(CCCC2=O)C3=C(C=CC=C3OC)OC,-1.2041199826559248,COc1cccc(OC)c1C1CCCC(=O)N1Cc1ccc(OC(C)C)cc1
COC1=C(C(=CC=C1)OC)C2CCCC(=O)N2CC3=CC(=NC=C3)C4=CC=CC=C4,-1.5314789170422551,COc1cccc(OC)c1C1CCCC(=O)N1Cc1ccnc(-c2ccccc2)c1
CC1CC(N(C1=O)CC2=CC(=CC(=C2)C3=CC=CC=N3)Cl)C4=C(C=CC=C4OC)OC,-2.431363764158988,COc1cccc(OC)c1C1CC(C)C(=O)N1Cc1cc(Cl)cc(-c2ccccn2)c1
COC1=C(C=C(C=C1)OCCN(CC2=CC=CC=C2)CC(=O)NCC3=CC=CC=C3Cl)OC,-2.1800111190577174,COc1ccc(OCCN(CC(=O)NCc2ccccc2Cl)Cc2ccccc2)cc1OC
CC1=CC(=C(C=C1)C2=NC=CC=N2)C(=O)N3CCC3C4=NOC(=N4)C5=C(C(=CC=C5)Cl)C,-1.505149978319906,Cc1ccc(-c2ncccn2)c(C(=O)N2CCC2c2noc(-c3cccc(Cl)c3C)n2)c1
CC1CCC(CN1C(=O)C2=CC=CC=C2N3N=CC=N3)OC4=NC=CC(=C4SC)C#N,-0.7781512503836436,CSc1c(C#N)ccnc1OC1CCC(C)N(C(=O)c2ccccc2-n2nccn2)C1
CC1CCC(CN1C(=O)C2=CC=CC=C2N3N=CN=N3)OC4=NC=CC(=C4F)C(C)(C)O,-0.7781512503836436,CC1CCC(Oc2nccc(C(C)(C)O)c2F)CN1C(=O)c1ccccc1-n1ncnn1
CC1=C(C=C(C=C1)C2=C(N=CO2)C(=O)NC3=CN(N=C3)CCN4C=CC5=CC(=C(C=C54)OC)OC)OC,-2.041392685158225,COc1cc(-c2ocnc2C(=O)Nc2cnn(CCn3ccc4cc(OC)c(OC)cc43)c2)ccc1C
CC1=CC=CC(=C1)C2=C(N=CO2)C(=O)NC3=CN(N=C3)CCNC4=NC(=C(C(=N4)OC)C)OC,-2.255272505103306,COc1nc(NCCn2cc(NC(=O)c3ncoc3-c3cccc(C)c3)cn2)nc(OC)c1C
CC1=C(C=C(C(=C1)C(=O)N2CCCC2C3=NOC(=N3)C4=C(C(=CC=C4)F)C)N5N=CC=N5)C,-0.3010299956639812,Cc1cc(C(=O)N2CCCC2c2noc(-c3cccc(F)c3C)n2)c(-n2nccn2)cc1C
CC1=CC=CC(=C1)C2=C(N=C(S2)C)C(=O)N3CCCC3CC4=CC(=C(C=C4)OC)Cl,-0.2552725051033061,COc1ccc(CC2CCCN2C(=O)c2nc(C)sc2-c2cccc(C)c2)cc1Cl
CCOC1=CC=CC=C1C2=NN=C(O2)C3CCCN3C(=O)C4=C(C=CC(=C4)C)N5N=CC=N5,-2.5740312677277197,CCOc1ccccc1-c1nnc(C2CCCN2C(=O)c2cc(C)ccc2-n2nccn2)o1
COC1=C(C(=CC=C1)OC)C2CCCC(=O)N2CC3=CC(=CC=C3)N4CCCC4,-1.4913616938342726,COc1cccc(OC)c1C1CCCC(=O)N1Cc1cccc(N2CCCC2)c1
CC1=NC(=C(C=C1)N2C=CC=N2)C(=O)N3CCCC3C4=NC(=NO4)C5=C(C(=CC=C5)Cl)C,-2.2988530764097077,Cc1ccc(-n2cccn2)c(C(=O)N2CCCC2c2nc(-c3cccc(Cl)c3C)no2)n1
CC1CCC(CN1C(=O)C2=CC=CC=C2N3N=CC=N3)OC4=NC=CC(=C4C)C#N,-0.9030899869919436,Cc1c(C#N)ccnc1OC1CCC(C)N(C(=O)c2ccccc2-n2nccn2)C1
C1CC(C(C1)OC2=NC=C(N=C2)C(F)(F)F)NC(=O)C3=CC=CC=C3N4N=CC=N4,-3.785685668280901,O=C(NC1CCCC1Oc1cnc(C(F)(F)F)cn1)c1ccccc1-n1nccn1
CC1CCC(CN1C(=O)C2=CC=CC=C2N3N=CC=N3)OC4=NC=CC(=C4)C#N,-1.1139433523068367,CC1CCC(Oc2cc(C#N)ccn2)CN1C(=O)c1ccccc1-n1nccn1
CC1COCC(N1C(=O)C2=CC=CC=C2N3N=CC=N3)CC4=CC(=CC=C4)N5N=CC=N5,-3.11293997608408,CC1COCC(Cc2cccc(-n3nccn3)c2)N1C(=O)c1ccccc1-n1nccn1
CC1CCN(CCN1C(=O)C2=C(C=CC(=C2)C)N3N=CC=N3)C4=NC(=C5C=CSC5=N4)N,-1.5314789170422551,Cc1ccc(-n2nccn2)c(C(=O)N2CCN(c3nc(N)c4ccsc4n3)CCC2C)c1
CCOC1=C(C=CC=N1)C2=NOC(=N2)C3CCCN3C(=O)C4=C(C=CC(=C4)C)C5=CC=CC=N5,-1.146128035678238,CCOc1ncccc1-c1noc(C2CCCN2C(=O)c2cc(C)ccc2-c2ccccn2)n1
CC1CCC(CN1C(=O)C2=CC=CC=C2N3N=CC=N3)OC4=CC(=CC(=N4)C)C(=O)OC,-1.9169800473203824,COC(=O)c1cc(C)nc(OC2CCC(C)N(C(=O)c3ccccc3-n3nccn3)C2)c1
CC1=C(C=C(C(=C1)C(=O)N2CCCC2C3=NC(=NO3)C4=CC=CC=C4C(F)(F)F)N5N=CC=N5)C,-1.568201724066995,Cc1cc(C(=O)N2CCCC2c2nc(-c3ccccc3C(F)(F)F)no2)c(-n2nccn2)cc1C
CC1=CN=CC(=C1)C2=NC=C(C(=C2)C(=O)NCC3=NC(=C(C=C3)OC)OC)C4=CC(=CN=C4)F,-1.7558748556724917,COc1ccc(CNC(=O)c2cc(-c3cncc(C)c3)ncc2-c2cncc(F)c2)nc1OC
CC1=C(C=CC=C1Cl)C2=NOC(=N2)C3CCCN3C(=O)C4=C(C=CC(=C4)C#N)N5N=CC=N5,-2.385606273598312,Cc1c(Cl)cccc1-c1noc(C2CCCN2C(=O)c2cc(C#N)ccc2-n2nccn2)n1
CC1=CC(=C(C=C1)N2N=CC=N2)C(=O)N3CC4CCC3CCN4C5=NC=C6C=CC(=CC6=N5)F,-2.146128035678238,Cc1ccc(-n2nccn2)c(C(=O)N2CC3CCC2CCN3c2ncc3ccc(F)cc3n2)c1
C1CCN(C(C1)CNC(=O)C2=CC=CC3=C2N=CC=C3)C(=O)C4=CC=CC=C4C5=CC=CC=C5,-0.3010299956639812,O=C(NCC1CCCCN1C(=O)c1ccccc1-c1ccccc1)c1cccc2cccnc12
CCN(CC)C(=O)CN(C1=CC=C(C=C1)C)S(=O)(=O)C2=CC=C(C=C2)OC(F)(F)F,-3.2605483726369795,CCN(CC)C(=O)CN(c1ccc(C)cc1)S(=O)(=O)c1ccc(OC(F)(F)F)cc1
COC1=C(C(=CC=C1)F)C2CC(C(=O)N2CC3=CC4=C(C=C3)OC5=CC=CC=C54)O,-0.6989700043360189,COc1cccc(F)c1C1CC(O)C(=O)N1Cc1ccc2oc3ccccc3c2c1
COC1=C(C=C2C(N(CCC2=C1)C(C3=CC=CC=C3)C(=O)NC4CC4)CC5=CC6=CC=CC=C6C=C5)OC,-1.9030899869919435,COc1cc2c(cc1OC)C(Cc1ccc3ccccc3c1)N(C(C(=O)NC1CC1)c1ccccc1)CC2
CC1=CC(=C(C=C1)N2N=CC=N2)C(=O)N3CCCC3C4=NC(=NO4)C5=CC=CC=C5OC(F)(F)F,-0.6989700043360189,Cc1ccc(-n2nccn2)c(C(=O)N2CCCC2c2nc(-c3ccccc3OC(F)(F)F)no2)c1
CC1CCC(CN1C(=O)C2=CC=CC=C2N3N=CC=N3)OC4=NC=CC(=C4)C5=CC=CC=C5,-1.6532125137753435,CC1CCC(Oc2cc(-c3ccccc3)ccn2)CN1C(=O)c1ccccc1-n1nccn1
CC1CCC(CN1C(=O)C2=CSC=C2C3=NC=CC=N3)C4=CSC(=N4)C(C)(C)O,-2.113943352306837,CC1CCC(c2csc(C(C)(C)O)n2)CN1C(=O)c1cscc1-c1ncccn1
COC1=C(C=C(C(=C1)C(=O)N2CCCC2C3=NC(=NO3)C4=C(C(=CC=C4)F)OC)N5N=CC=N5)Cl,-0.0,COc1cc(C(=O)N2CCCC2c2nc(-c3cccc(F)c3OC)no2)c(-n2nccn2)cc1Cl
COC1=C(C(=NC=N1)OC)C2CCCC(=O)N2CC3=CC=CC(=C3)C4=CC=CC=C4,-2.6148972160331345,COc1ncnc(OC)c1C1CCCC(=O)N1Cc1cccc(-c2ccccc2)c1
COC1=C(C(=CC=C1)OC)C2CC(C(=O)N2CC3=CC=C(C=C3)OC(F)(F)F)N,-3.3117538610557538,COc1cccc(OC)c1C1CC(N)C(=O)N1Cc1ccc(OC(F)(F)F)cc1
COC1=C(C(=CC=C1)OC)C2CCC(=O)N2CC3=CC=C(C=C3)F,-3.1156105116743,COc1cccc(OC)c1C1CCC(=O)N1Cc1ccc(F)cc1
C1=CC=C2C(=C1)N=C(C3=NN=CN23)NC4=CC(=CC=C4)F,-3.3283796034387376,Fc1cccc(Nc2nc3ccccc3n3cnnc23)c1
CC1=C(C=CC=C1Cl)C2=NOC(=N2)C3CCCN3C(=O)C4=CC=CC=C4C5=NC=CO5,-1.568201724066995,Cc1c(Cl)cccc1-c1noc(C2CCCN2C(=O)c2ccccc2-c2ncco2)n1
CC1=CC(=C(C=C1)N2N=CC=N2)C(=O)N3CCC3C4=NC(=NO4)C5=CC(=CC=C5)C,-1.6020599913279625,Cc1cccc(-c2noc(C3CCN3C(=O)c3cc(C)ccc3-n3nccn3)n2)c1
COC1=C(C=C(C=C1)C(=O)ON=C2C3=CC=CC=C3C4=CC=CC=C42)OC,-3.6522463410033232,COc1ccc(C(=O)ON=C2c3ccccc3-c3ccccc32)cc1OC
CC1=C(C(=C(C=C1)C(=O)N2CCCC2C3=NC(=NO3)C4=CC=CC=C4OC(F)(F)F)N5N=CC=N5)C,-2.2764618041732443,Cc1ccc(C(=O)N2CCCC2c2nc(-c3ccccc3OC(F)(F)F)no2)c(-n2nccn2)c1C
C1COCC(N1C(=O)C2=CC=CC=C2N3N=CC=N3)CC4=CC=CC(=C4)C5=CC=CS5,-2.2121876044039577,O=C(c1ccccc1-n1nccn1)N1CCOCC1Cc1cccc(-c2cccs2)c1
CC1CN(C(CO1)CC2=CC=CC(=C2)C3=NC=CC=N3)C(=O)C4=C(C=CC(=C4)Cl)N5N=CC=N5,-2.041392685158225,CC1CN(C(=O)c2cc(Cl)ccc2-n2nccn2)C(Cc2cccc(-c3ncccn3)c2)CO1
COC1=C(C=C(C(=C1)C(=O)N2CCCC2C3=NOC(=N3)C4=C(C(=CC=C4)F)OC)N5N=CC=N5)Cl,-0.0,COc1cc(C(=O)N2CCCC2c2noc(-c3cccc(F)c3OC)n2)c(-n2nccn2)cc1Cl
COC1=C(C(=CC=C1)OC)C2CCCC(=O)N2CC3=CC(=C(C=C3)F)C4=CC=CC=N4,-1.414973347970818,COc1cccc(OC)c1C1CCCC(=O)N1Cc1ccc(F)c(-c2ccccn2)c1
CCOC1=C(C=CC(=C1)F)C2CC(C(=O)N2CC3=CC=C(C=C3)OC(F)(F)F)O,-3.133538908370217,CCOc1cc(F)ccc1C1CC(O)C(=O)N1Cc1ccc(OC(F)(F)F)cc1
C1CC(N(C(=O)C1)CC2=CC=CC(=C2)C3=CC=CC=C3)C4=CC=CC=C4C5=CC=CC=C5,-2.8585371975696385,O=C1CCCC(c2ccccc2-c2ccccc2)N1Cc1cccc(-c2ccccc2)c1
CC1=C(C=C(C(=C1)N2N=CC=N2)C(=O)N3CCOCC3CC4=C(C=CC(=C4)N5N=CC=N5)F)OC,-2.5263392773898445,COc1cc(C(=O)N2CCOCC2Cc2cc(-n3nccn3)ccc2F)c(-n2nccn2)cc1C
CCOC1=C(C=CC=N1)C2=NC(=NO2)C3CCCN3C(=O)C4=CC(=C(C=C4N5N=CC=N5)C)OC,-0.6020599913279624,CCOc1ncccc1-c1nc(C2CCCN2C(=O)c2cc(OC)c(C)cc2-n2nccn2)no1
COC1=CC2=C(C=C1)NC=C2CCN3C=C(C=N3)NC(=O)C4=C(SC=N4)C5=CN=C(C=C5)OC,-2.3710678622717363,COc1ccc2[nH]cc(CCn3cc(NC(=O)c4ncsc4-c4ccc(OC)nc4)cn3)c2c1
CC1=CC(=C(C=C1)C(=O)N2CCC2C3=NC(=NO3)C4=C(C(=CC=C4)F)C)N5N=CC=N5,-1.3617278360175928,Cc1ccc(C(=O)N2CCC2c2nc(-c3cccc(F)c3C)no2)c(-n2nccn2)c1
CC1CCC(CN1C(=O)C2=CC=CC=C2N3N=CN=N3)OC4=NC=CC(=C4C)C#N,-0.8864907251724818,Cc1c(C#N)ccnc1OC1CCC(C)N(C(=O)c2ccccc2-n2ncnn2)C1
CC1=C(C(=C(C=C1)C(=O)N2CCOCC2CC3=C(C=CC(=C3)N4N=CC=N4)Cl)N5N=CC=N5)C,-3.3873898263387296,Cc1ccc(C(=O)N2CCOCC2Cc2cc(-n3nccn3)ccc2Cl)c(-n2nccn2)c1C
CC1COC2=C(C=C(C=C2)F)C(N1C(=O)C3=CC=C(C=C3)Cl)C,-3.4771212547196626,CC1COc2ccc(F)cc2C(C)N1C(=O)c1ccc(Cl)cc1
CC1CCC(CN1C(=O)C2=C(N=C(C=C2)OC)C3CC3)OC4=NC=CC(=C4C)C#N,-1.505149978319906,COc1ccc(C(=O)N2CC(Oc3nccc(C#N)c3C)CCC2C)c(C2CC2)n1
CC1=C(C=C(C(=C1)C(=O)N2CCCC2C3=NC(=NN3)C4=C(C(=CC=C4)F)OC)N5N=CC=N5)C,-0.9030899869919436,COc1c(F)cccc1-c1n[nH]c(C2CCCN2C(=O)c2cc(C)c(C)cc2-n2nccn2)n1
COC1=C(C(=CC=C1)OC)C2CCCC(=O)N2CC3=CC=C(C=C3)F,-2.3636119798921444,COc1cccc(OC)c1C1CCCC(=O)N1Cc1ccc(F)cc1
CC1=CC=CC(=C1)C2=C(N=CO2)C(=O)NC3=CN(N=C3)CCC4=CN(C5=C4C=CC(=C5)OC)C,-2.8228216453031045,COc1ccc2c(CCn3cc(NC(=O)c4ncoc4-c4cccc(C)c4)cn3)cn(C)c2c1
CC1=NC(=C(C=C1)N2N=CC=N2)C(=O)N3CCCC3C4=NC(=NO4)C5=CC=CC=C5Cl,-3.1583624920952498,Cc1ccc(-n2nccn2)c(C(=O)N2CCCC2c2nc(-c3ccccc3Cl)no2)n1
CC1=CC(=C(C=C1)C(=O)N2CCCC2C3=NC(=NO3)C4=CC=CC=C4Cl)N5N=CC=N5,-2.2695129442179165,Cc1ccc(C(=O)N2CCCC2c2nc(-c3ccccc3Cl)no2)c(-n2nccn2)c1
COC1=C(C2=C(C=C1)OCO2)C3CCCC(=O)N3CC4=CSC(=N4)C5=CC=CC=C5,-1.6020599913279625,COc1ccc2c(c1C1CCCC(=O)N1Cc1csc(-c3ccccc3)n1)OCO2
CC1=CC=CC(=C1)C2=C(N=CO2)C(=O)N3CCCC3C4=NC(=NO4)C5=C(C(=CC=C5)Cl)C,-1.7242758696007892,Cc1cccc(-c2ocnc2C(=O)N2CCCC2c2nc(-c3cccc(Cl)c3C)no2)c1
COC1=CC2=C(C=C1)NC=C2CCN3C=C(C=N3)NC(=O)C4=C(OC=N4)C5=CC=CC(=C5)C6=CC=CC=C6,-1.863322860120456,COc1ccc2[nH]cc(CCn3cc(NC(=O)c4ncoc4-c4cccc(-c5ccccc5)c4)cn3)c2c1
CSC1=CC=CC(=C1)NC(=O)C2CCCN2S(=O)(=O)C3=CC=C(S3)Br,-2.568201724066995,CSc1cccc(NC(=O)C2CCCN2S(=O)(=O)c2ccc(Br)s2)c1
CC1=C(C=CC=C1Cl)C2=NOC(=N2)C3CCN3C(=O)C4=CC(=C(C=C4N5N=CC=N5)Cl)OC,-0.7781512503836436,COc1cc(C(=O)N2CCC2c2nc(-c3cccc(Cl)c3C)no2)c(-n2nccn2)cc1Cl
CCOC1=CC=CC=C1C2=NOC(=N2)C3CCCN3C(=O)C4=CC=CC=C4N5N=CC=N5,-1.7993405494535817,CCOc1ccccc1-c1noc(C2CCCN2C(=O)c2ccccc2-n2nccn2)n1
CC1CCC(CN1C(=O)C2=C(C=CC(=C2)Cl)N3N=CC=N3)OC4=NC=CC(=C4C)C#N,-2.1072099696478683,Cc1c(C#N)ccnc1OC1CCC(C)N(C(=O)c2cc(Cl)ccc2-n2nccn2)C1
CC1CCC(CN1C(=O)C2=C(C=CC(=C2)C)N3N=CC=N3)C=CC4=NC=C(C=C4)F,-1.5314789170422551,Cc1ccc(-n2nccn2)c(C(=O)N2CC(C=Cc3ccc(F)cn3)CCC2C)c1
CC1CCCN(C1CNC2=NC3=CC=CC=C3O2)C(=O)C4=C(SC(=N4)C)C5=CC=CC=C5,-2.6503075231319366,Cc1nc(C(=O)N2CCCC(C)C2CNc2nc3ccccc3o2)c(-c2ccccc2)s1
CC1=C(C=C(C(=C1)N2N=CC=N2)C(=O)N3CCCC3C4=NC(=NN4)C5=CC=CC=C5OC)OC,-1.5440680443502757,COc1cc(C(=O)N2CCCC2c2nc(-c3ccccc3OC)n[nH]2)c(-n2nccn2)cc1C
COC1=C(C(=CC=C1)OC)C2CC(C(=O)N2CC3=CC4=C(C=C3)OC5=CC=CC=C54)(F)F,-1.2787536009528289,COc1cccc(OC)c1C1CC(F)(F)C(=O)N1Cc1ccc2oc3ccccc3c2c1
COC1=C(C(=CC=C1)OC)C2CCCC(=O)N2CC3=CC=C(C=C3)OC(F)F,-1.4913616938342726,COc1cccc(OC)c1C1CCCC(=O)N1Cc1ccc(OC(F)F)cc1
CC1CCC(CN1C(=O)C2=C(SC=C2)C3=NC=CS3)OC4=NC=CC(=C4C)C#N,-1.462397997898956,Cc1c(C#N)ccnc1OC1CCC(C)N(C(=O)c2ccsc2-c2nccs2)C1
CC1=CC(=C(C=C1)S(=O)(=O)N2CCCC2C(=O)NC3=CC(=CC(=C3)C)C)C,-2.03342375548695,Cc1cc(C)cc(NC(=O)C2CCCN2S(=O)(=O)c2ccc(C)cc2C)c1
COC1=C(C(=CC=C1)OC)C2CCCCC(=O)N2CC3=CN(N=C3)C4=CC=CC=C4,-2.577491799837225,COc1cccc(OC)c1C1CCCCC(=O)N1Cc1cnn(-c2ccccc2)c1
CC1=CC=CC=C1C2=C(N=C(S2)C)C(=O)N3CCC3C4=NC(=NO4)C5=C(C(=CC=C5)Cl)C,-2.651278013998144,Cc1nc(C(=O)N2CCC2c2nc(-c3cccc(Cl)c3C)no2)c(-c2ccccc2C)s1
CCOC1=C(C=CC=N1)C2=NOC(=N2)C3CCCN3C(=O)C4=C(C=CC(=C4)OC)N5N=CC=N5,-1.2041199826559248,CCOc1ncccc1-c1noc(C2CCCN2C(=O)c2cc(OC)ccc2-n2nccn2)n1
CC1=CC=CC(=C1)C2=C(N=CS2)C(=O)NC3=CN(N=C3)CCNC4=NC5=CC=CC=C5N=C4,-2.110589710299249,Cc1cccc(-c2scnc2C(=O)Nc2cnn(CCNc3cnc4ccccc4n3)c2)c1
CC1CC(N(C1=O)CC2=CC=C(C=C2)OC(F)(F)F)C3=C(C=CC=C3F)OCCO,-1.7708520116421442,CC1CC(c2c(F)cccc2OCCO)N(Cc2ccc(OC(F)(F)F)cc2)C1=O
CC1=CC(=C(C=C1)N2N=CC=N2)C(=O)N3CCCC3CC4=CC(=CC=C4)N5N=CC=N5,-0.9030899869919436,Cc1ccc(-n2nccn2)c(C(=O)N2CCCC2Cc2cccc(-n3nccn3)c2)c1
CCOC1=C(C=CN=C1)C2=NOC(=N2)C3CCCN3C(=O)C4=C(C=CC(=C4)C)N5N=CC=N5,-1.6127838567197357,CCOc1cnccc1-c1noc(C2CCCN2C(=O)c2cc(C)ccc2-n2nccn2)n1
CC1CCC(CN1C(=O)C2=CSC=C2C3=NC=CC=N3)C4=NC(=CS4)C(C)(C)O,-1.3979400086720375,CC1CCC(c2nc(C(C)(C)O)cs2)CN1C(=O)c1cscc1-c1ncccn1
CC1=CC(=C(C=C1)N2N=CC=N2)C(=O)N3CCCC3C4=NC(=NO4)C5=CC=CC6=C5NC=C6,-0.9542425094393248,Cc1ccc(-n2nccn2)c(C(=O)N2CCCC2c2nc(-c3cccc4cc[nH]c34)no2)c1
CCCOC1=CC=CC=C1C2=NNC(=N2)C3CCCN3C(=O)C4=C(C=CC(=C4)C)N5N=CC=N5,-2.810232517995084,CCCOc1ccccc1-c1n[nH]c(C2CCCN2C(=O)c2cc(C)ccc2-n2nccn2)n1
CC1=CC(=C(C=C1)N2N=CC=N2)C(=O)NC3CCCC3NC4=NC5=C(S4)C=C(C=C5)F,-3.3010299956639813,Cc1ccc(-n2nccn2)c(C(=O)NC2CCCC2Nc2nc3ccc(F)cc3s2)c1
CC1=CC(=C(C=C1)C(=O)N2CCOCC2CC3=CC(=CC=C3)N4N=CC=N4)N5N=CC=N5,-2.437750562820388,Cc1ccc(C(=O)N2CCOCC2Cc2cccc(-n3nccn3)c2)c(-n2nccn2)c1
CC1CN(C(OC1)CN2C=C(C=N2)C3=NC=C(C=C3)F)C(=O)C4=C(C=CC(=C4)C)N5N=CC=N5,-0.6580113966571124,Cc1ccc(-n2nccn2)c(C(=O)N2CC(C)COC2Cn2cc(-c3ccc(F)cn3)cn2)c1
CCN(CC1=CC=CC(=N1)C)C(=O)CN(C2=C(C=CC(=C2)N(C)C)Cl)S(=O)(=O)C3=CC(=C(C=C3)OC)OC,-0.6989700043360189,CCN(Cc1cccc(C)n1)C(=O)CN(c1cc(N(C)C)ccc1Cl)S(=O)(=O)c1ccc(OC)c(OC)c1
CC1=CC(=C(C=C1)OC)S(=O)(=O)N2CCCC2C(=O)NC3=CC(=CC(=C3)C)C,-0.6020599913279624,COc1ccc(C)cc1S(=O)(=O)N1CCCC1C(=O)Nc1cc(C)cc(C)c1
CCOC1=C(C=CC=N1)C2=NC(=NO2)C3CCCN3C(=O)C4=C(C=CC(=C4)C)N5N=CC=N5,-0.3010299956639812,CCOc1ncccc1-c1nc(C2CCCN2C(=O)c2cc(C)ccc2-n2nccn2)no1
CC1CCC(CN1C(=O)C2=C(N=C(C=C2)OC)N3N=CC=N3)OC4=NC=CC(=C4OC)C#N,-1.462397997898956,COc1ccc(C(=O)N2CC(Oc3nccc(C#N)c3OC)CCC2C)c(-n2nccn2)n1
C1COC(N1C(=O)C2=C(C=CC(=C2)F)N3N=CC=N3)CN4C=CC(=N4)C5=NC=C(C=C5)F,-2.3245910857609267,O=C(c1cc(F)ccc1-n1nccn1)N1CCOC1Cn1ccc(-c2ccc(F)cn2)n1
CC1=CC(=C(C=C1)N2N=CC=N2)C(=O)N3CCCC3C4=CC(=NO4)C5=CC=CC=C5,-2.123851640967086,Cc1ccc(-n2nccn2)c(C(=O)N2CCCC2c2cc(-c3ccccc3)no2)c1
CC1=C(C=CC=C1Cl)C2=NOC(=N2)C3CCCN3C(=O)C4=C(C=C(C=C4)F)N5N=CC=N5,-2.08278537031645,Cc1c(Cl)cccc1-c1noc(C2CCCN2C(=O)c2ccc(F)cc2-n2nccn2)n1
CC1CCC(CN1C(=O)C2=CC=CC=C2N3N=CN=N3)C4=NC(=CS4)C(C)(C)O,-1.3222192947339193,CC1CCC(c2nc(C(C)(C)O)cs2)CN1C(=O)c1ccccc1-n1ncnn1
C1CC(CN(C1)C(=O)C2=CC=CO2)C3=NC(=NO3)C4=CC=C(C=C4)S(=O)(=O)NCC5=CC=CC=C5,-3.741151598851785,O=C(c1ccco1)N1CCCC(c2nc(-c3ccc(S(=O)(=O)NCc4ccccc4)cc3)no2)C1
COC1=C(C=C(C(=C1)C(=O)N2CCC2C3=NC(=NO3)C4=C(C(=CC=C4)F)OC)N5N=CC=N5)F,-1.414973347970818,COc1cc(C(=O)N2CCC2c2nc(-c3cccc(F)c3OC)no2)c(-n2nccn2)cc1F
CSC1=CC=CC(=C1)NC(=O)C2CCCN(C2)S(=O)(=O)C3=CC=C(C=C3)F,-3.9242792860618816,CSc1cccc(NC(=O)C2CCCN(S(=O)(=O)c3ccc(F)cc3)C2)c1
CC1=CC(=C(C=C1)C(=O)N2CCCC2(C)C3=NC(=NN3)C4=C(C(=CC=C4)Cl)C)N5N=CC=N5,-1.380211241711606,Cc1ccc(C(=O)N2CCCC2(C)c2nc(-c3cccc(Cl)c3C)n[nH]2)c(-n2nccn2)c1
CC1=CN=C(C=C1)NCCN2C=C(C=N2)NC(=O)C3=C(OC=N3)C4=CC(=CC=C4)C,-3.0170333392987803,Cc1ccc(NCCn2cc(NC(=O)c3ncoc3-c3cccc(C)c3)cn2)nc1
CC1=CC=CC(=C1N2N=CC=N2)C(=O)N3CCOCC3CC4=CC(=CC=C4)N5N=CC=N5,-2.718086294783092,Cc1cccc(C(=O)N2CCOCC2Cc2cccc(-n3nccn3)c2)c1-n1nccn1
COC1=C(C(=CC=C1)OCC2CC2)C3CCCC(=O)N3CC4=CC=C(C=C4)OC(F)(F)F,-3.6166855208955115,COc1cccc(OCC2CC2)c1C1CCCC(=O)N1Cc1ccc(OC(F)(F)F)cc1
CC1=C(C(=CC=C1)OC)C2CCCC(=O)N2CC3=CC=C(C=C3)OC(F)(F)F,-2.428134794028789,COc1cccc(C)c1C1CCCC(=O)N1Cc1ccc(OC(F)(F)F)cc1
C1CN(C(OC1)CC2=CN(N=C2)C3=NC=C(C=C3)F)C(=O)C4=C(C=CC(=C4)F)C5=NC=CC=N5,-1.7143297597452332,O=C(c1cc(F)ccc1-c1ncccn1)N1CCCOC1Cc1cnn(-c2ccc(F)cn2)c1
CC1CCN(CCN1C(=O)C2=CC=CC=C2N3N=CC=N3)C4=NC5=CC(=C(C=C5N=C4)F)F,-1.505149978319906,CC1CCN(c2cnc3cc(F)c(F)cc3n2)CCN1C(=O)c1ccccc1-n1nccn1
COC1=CN=CC(=C1C2CCCC(=O)N2CC3=NC(=CC=C3)N4C=CC=N4)OC,-3.5682017240669954,COc1cncc(OC)c1C1CCCC(=O)N1Cc1cccc(-n2cccn2)n1
C1COCC(N1C(=O)C2=C(C=C(C=C2)Cl)N3N=CC=N3)CC4=C(C=CC(=C4)C5=NOC=N5)F,-2.2174839442139063,O=C(c1ccc(Cl)cc1-n1nccn1)N1CCOCC1Cc1cc(-c2ncon2)ccc1F
CC1=NC(=C(C=C1)N2N=CC=N2)C(=O)N3CCCC3C4=NC(=NO4)C5=C(C(=CC=C5)Cl)C,-1.8325089127062364,Cc1ccc(-n2nccn2)c(C(=O)N2CCCC2c2nc(-c3cccc(Cl)c3C)no2)n1
CC1=CC(=C(C=C1)C2=NC=CC=N2)C(=O)N3CCOC3CN4C=CC(=N4)C5=NC=C(C=C5)F,-0.9777236052888476,Cc1ccc(-c2ncccn2)c(C(=O)N2CCOC2Cn2ccc(-c3ccc(F)cn3)n2)c1
CN1CCOC2=C1C=CC(=C2)S(=O)(=O)N3CCCC3C(=O)NC4=CC(=CC=C4)SC,-1.4313637641589874,CSc1cccc(NC(=O)C2CCCN2S(=O)(=O)c2ccc3c(c2)OCCN3C)c1
COC1=C(C(=CC=C1)OC)C2CCCC(=O)N2CC3=CC=C(C=C3)Cl,-2.187520720836463,COc1cccc(OC)c1C1CCCC(=O)N1Cc1ccc(Cl)cc1
COC1=C(C(=CC=C1)OC)C2CCCC(=O)N2CC3=CC=C(S3)C4=CC=CC=C4,-1.57978359661681,COc1cccc(OC)c1C1CCCC(=O)N1Cc1ccc(-c2ccccc2)s1
COC1=C(C=C(C(=C1)C(=O)N2CCCC2C3=NC(=NO3)C4=C(C(=CC=C4)F)OC)N5N=CC=N5)OC,-1.3010299956639813,COc1cc(C(=O)N2CCCC2c2nc(-c3cccc(F)c3OC)no2)c(-n2nccn2)cc1OC
CC(C1=CC=C(C=C1)OC(F)(F)F)N2C(CCCC2=O)C3=C(C=CC=C3OC)OC,-1.1303337684950059,COc1cccc(OC)c1C1CCCC(=O)N1C(C)c1ccc(OC(F)(F)F)cc1
CC1=CC(=C(C=C1)N2N=CC=N2)C(=O)N3CCCC3C4=NC(=NN4)C5=CC=CC=C5OC,-2.093421685162235,COc1ccccc1-c1n[nH]c(C2CCCN2C(=O)c2cc(C)ccc2-n2nccn2)n1
CC1CC(N(C1=O)CC2=CSC(=N2)C3=CC=C(C=C3)C)C4=C(C=CN=C4OC)OC,-1.7075701760979365,COc1ccnc(OC)c1C1CC(C)C(=O)N1Cc1csc(-c2ccc(C)cc2)n1
CC1=C(C(=C(C=C1)C(=O)N2CCOCC2CC3=CC(=CC=C3)N4N=CC=N4)N5N=CC=N5)C,-3.4204508591060683,Cc1ccc(C(=O)N2CCOCC2Cc2cccc(-n3nccn3)c2)c(-n2nccn2)c1C
CCOC1=C(C(=CC=C1)F)C2CC(C(=O)N2CC3=CC(=NC=C3)C4=NC(=CS4)C)C,-0.3010299956639812,CCOc1cccc(F)c1C1CC(C)C(=O)N1Cc1ccnc(-c2nc(C)cs2)c1
C1CN(C1C2=NC(=NO2)C3=CC=CC=C3OC(F)(F)F)C(=O)C4=C(C=CC(=C4)C(F)(F)F)N5N=CC=N5,-2.378397900948137,O=C(c1cc(C(F)(F)F)ccc1-n1nccn1)N1CCC1c1nc(-c2ccccc2OC(F)(F)F)no1
CC(C)(C)C(C(=O)N1CCC2=CC(=C(C=C2C1)OC)OC)NCC3=CN=CC=C3,-2.380211241711606,COc1cc2c(cc1OC)CN(C(=O)C(NCc1cccnc1)C(C)(C)C)CC2
CC(C)(C)C(CC1=CC=CC=C1)C(=O)N2CCC3=CC(=C(C=C3C2)OC)OC,-1.7481880270062005,COc1cc2c(cc1OC)CN(C(=O)C(Cc1ccccc1)C(C)(C)C)CC2
CC1=C2C(=CC(=C1)O)C(=O)C3=CC=CC=C3S2,-0.9542425094393248,Cc1cc(O)cc2c(=O)c3ccccc3sc12
COC1=C(C(=CC=C1)OC)C2CCCC(=O)N2CC3=CC(=CC=C3)N4CCCCC4,-1.662757831681574,COc1cccc(OC)c1C1CCCC(=O)N1Cc1cccc(N2CCCCC2)c1
CC1=CC=CC(=C1)C2=C(N=CO2)C(=O)NC3=CN(N=C3)CCN4C=CC5=CC(=C(C=C54)OC)OC,-1.4471580313422192,COc1cc2ccn(CCn3cc(NC(=O)c4ncoc4-c4cccc(C)c4)cn3)c2cc1OC
CC1=CC(=C(C=C1)N2N=CC=N2)C(=O)N3CCCC3C4=NC(=NN4)C5=C(C(=CC=C5)Cl)C,-1.462397997898956,Cc1ccc(-n2nccn2)c(C(=O)N2CCCC2c2nc(-c3cccc(Cl)c3C)n[nH]2)c1
CC1CC(N(C1=O)CC2=CC=CC(=C2)C3=NC(=CS3)Cl)C4=C(C=CC=C4F)OC,-0.9542425094393248,COc1cccc(F)c1C1CC(C)C(=O)N1Cc1cccc(-c2nc(Cl)cs2)c1
CC1COC(N1C(=O)C2=C(C=CC(=C2)C)N3N=CC=N3)CN4C=C(C=N4)C5=NC=C(C=C5)F,-2.6628522332647964,Cc1ccc(-n2nccn2)c(C(=O)N2C(C)COC2Cn2cc(-c3ccc(F)cn3)cn2)c1
COC1=C(C=CC=C1F)C2=NC(=NO2)C3CCCN3C(=O)C4=CC=CC=C4N5N=CC=N5,-1.0791812460476249,COc1c(F)cccc1-c1nc(C2CCCN2C(=O)c2ccccc2-n2nccn2)no1
COC1=C(C2=CC=CC=C2C=C1)C3CCCC(=O)N3CC4=CC=CC(=C4)C5=NC=CC=N5,-1.9542425094393248,COc1ccc2ccccc2c1C1CCCC(=O)N1Cc1cccc(-c2ncccn2)c1
CC1=CC=CC(=C1)C2=C(N=CO2)C(=O)NC3=CN(N=C3)CCN4C=NC5=C4C(=NC=N5)OC,-2.691965102767361,COc1ncnc2ncn(CCn3cc(NC(=O)c4ncoc4-c4cccc(C)c4)cn3)c12
CC1=CC(=C(C=C1)N2N=CC=N2)C(=O)N3CCCC3C4=NN=C(S4)C5=CC=CC=C5OC(F)(F)F,-2.0492180226701806,Cc1ccc(-n2nccn2)c(C(=O)N2CCCC2c2nnc(-c3ccccc3OC(F)(F)F)s2)c1
CC1CC(N(C1=O)CC2=CC3=C(C=C2)SC(=N3)C)C4=C(C=CC=C4OC)OC,-2.084576277934331,COc1cccc(OC)c1C1CC(C)C(=O)N1Cc1ccc2sc(C)nc2c1
CSC1=CC=CC(=C1)NC(=O)C2CCCN2S(=O)(=O)C3=CC(=CC=C3)Br,-0.3010299956639812,CSc1cccc(NC(=O)C2CCCN2S(=O)(=O)c2cccc(Br)c2)c1
CC1=CC(=C(C=C1)N2N=CC=N2)C(=O)N3CCC3C4=NC(=NO4)C5=C(C(=CC=C5)F)OC,-1.230448921378274,COc1c(F)cccc1-c1noc(C2CCN2C(=O)c2cc(C)ccc2-n2nccn2)n1
CC1CCC(CN1C(=O)C2=C(C=CC(=C2)C#N)N3N=CC=N3)OC4=NC=CC(=C4C)C#N,-1.6020599913279625,Cc1c(C#N)ccnc1OC1CCC(C)N(C(=O)c2cc(C#N)ccc2-n2nccn2)C1
CC1=C(C=C(C(=C1)C(=O)N2CCCC2C3=NC(=NO3)C4=CC=CC=C4OC)N5N=CC=N5)C,-1.1760912590556811,COc1ccccc1-c1noc(C2CCCN2C(=O)c2cc(C)c(C)cc2-n2nccn2)n1
CC1=C(C=CC=C1F)C2=NOC(=N2)C3CCCN3C(=O)C4=CC=CC=C4N5N=CC=N5,-1.2552725051033058,Cc1c(F)cccc1-c1noc(C2CCCN2C(=O)c2ccccc2-n2nccn2)n1
CCOC1=CC=CC=C1C2=NOC(=N2)C3CCCN3C(=O)C4=C(C=C(C=C4)C)N5N=CC=N5,-1.3010299956639813,CCOc1ccccc1-c1noc(C2CCCN2C(=O)c2ccc(C)cc2-n2nccn2)n1
CC1=CC=CC(=C1)C2=C(N=C(S2)C)C(=O)N3CCC3CNC(=O)C4=C5C(=CC=C4)N(CCO5)C,-1.1139433523068367,Cc1cccc(-c2sc(C)nc2C(=O)N2CCC2CNC(=O)c2cccc3c2OCCN3C)c1
CCN1C2=C(C(N(CC2)C(C3=CC=CC=C3)C(=O)NC)COC4=CC=C(C=C4)C)C(=N1)C,-1.2787536009528289,CCn1nc(C)c2c1CCN(C(C(=O)NC)c1ccccc1)C2COc1ccc(C)cc1
CCOC1=C(C=CC=N1)C2=NOC(=N2)C3CCCN3C(=O)C4=CC(=C(C=C4N5N=CC=N5)Cl)OC,-0.6989700043360189,CCOc1ncccc1-c1noc(C2CCCN2C(=O)c2cc(OC)c(Cl)cc2-n2nccn2)n1
CC1=NC(=C(S1)C2=CC=CC=C2)C(=O)N3CC(CCC3CNC(=O)C4=CC=CC5=C4N=CC=C5)N,-3.3010299956639813,Cc1nc(C(=O)N2CC(N)CCC2CNC(=O)c2cccc3cccnc23)c(-c2ccccc2)s1
CC1CCC(CN1C(=O)C2=CC(=CN=C2C3=NC=CS3)F)OC4=NC=CC(=C4C)C#N,-1.1139433523068367,Cc1c(C#N)ccnc1OC1CCC(C)N(C(=O)c2cc(F)cnc2-c2nccs2)C1
COC1=C(C=C(C(=C1)C(=O)N2CCCC2C3=NC(=NO3)C4=C(C(=CC=C4)F)OC)N5N=CC=N5)F,-1.0,COc1cc(C(=O)N2CCCC2c2nc(-c3cccc(F)c3OC)no2)c(-n2nccn2)cc1F
CCC(C1=CC=C(C=C1)OC(F)(F)F)N2C(CCCC2=O)C3=C(C=CC=C3OC)OC,-3.752048447819439,CCC(c1ccc(OC(F)(F)F)cc1)N1C(=O)CCCC1c1c(OC)cccc1OC
CCC1=NC(=C2N1CCN(C2CCC3=CC=C(C=C3)C(F)(F)F)C(C4=CC=CC=C4)C(=O)NC)OC,-1.863322860120456,CCc1nc(OC)c2n1CCN(C(C(=O)NC)c1ccccc1)C2CCc1ccc(C(F)(F)F)cc1
CC1=CC(=CC(=C1)NC(=O)C2CCCN2S(=O)(=O)C3=C(C=C(C=C3)Br)Cl)C,-2.0253058652647704,Cc1cc(C)cc(NC(=O)C2CCCN2S(=O)(=O)c2ccc(Br)cc2Cl)c1
CC1=CC=CC(=C1)C2=C(N=C(S2)C)C(=O)N3CCCC3CC4=CC(=CC(=C4)OC)OC,-0.6334684555795865,COc1cc(CC2CCCN2C(=O)c2nc(C)sc2-c2cccc(C)c2)cc(OC)c1
CC(C)(C)C(C(=O)N1CCC2=CC(=C(C=C2C1)OC)OC)NCC3=CC=NC=C3,-1.6020599913279625,COc1cc2c(cc1OC)CN(C(=O)C(NCc1ccncc1)C(C)(C)C)CC2
CCCOC1=CC=C(C=C1)CN2C(CCCC2=O)C3=C(C=CC=C3OC)OC,-1.5440680443502757,CCCOc1ccc(CN2C(=O)CCCC2c2c(OC)cccc2OC)cc1
COC1=C(C(=C(C=C1)F)OC)C2CC(C(=O)N2CC3=CC=C(C=C3)OC(F)(F)F)F,-2.4712917110589387,COc1ccc(F)c(OC)c1C1CC(F)C(=O)N1Cc1ccc(OC(F)(F)F)cc1
CC1=C(C=CC=C1F)C2=NC(=NO2)C3CCN3C(=O)C4=CC(=C(C=C4N5N=CC=N5)Cl)OC,-0.4771212547196624,COc1cc(C(=O)N2CCC2c2noc(-c3cccc(F)c3C)n2)c(-n2nccn2)cc1Cl
C1CC(N(C1)C(=O)C2=C(C=C(C=C2)F)N3C=CC=N3)C4=NC(=NO4)C5=CC=CC=C5OC(F)(F)F,-2.5403294747908736,O=C(c1ccc(F)cc1-n1cccn1)N1CCCC1c1nc(-c2ccccc2OC(F)(F)F)no1
CC1=CC=CC(=C1)C2=C(N=CO2)C(=O)NC3=CN(N=C3)CCN4C=CC5=CN=C(C=C54)OC,-1.4623979978989559,COc1cc2c(ccn2CCn2cc(NC(=O)c3ncoc3-c3cccc(C)c3)cn2)cn1
CC1CC(N(C1=O)CC2=NC3=CC=CC=C3C=C2)C4=C(C=CC=C4F)OC,-2.523746466811565,COc1cccc(F)c1C1CC(C)C(=O)N1Cc1ccc2ccccc2n1
CC1=CC=CC(=C1)C2=C(N=CO2)C(=O)NC3=CN(N=C3)CC(C)NC4=NC(=CC(=N4)OC)OC,-2.549003262025788,COc1cc(OC)nc(NC(C)Cn2cc(NC(=O)c3ncoc3-c3cccc(C)c3)cn2)n1
CC1CC(N(C1=O)CC2=CC(=NC=C2)N3C=CC=N3)C4=C(C=CC=C4OC)OC,-2.3096301674258988,COc1cccc(OC)c1C1CC(C)C(=O)N1Cc1ccnc(-n2cccn2)c1
CCOC1=C(C=CC=N1)C2=NOC(=N2)C3CCCN3C(=O)C4=CC(=CC(=C4N5N=CC=N5)C)F,-2.7781512503836434,CCOc1ncccc1-c1noc(C2CCCN2C(=O)c2cc(F)cc(C)c2-n2nccn2)n1
COC1=C(C=C(C(=C1)C(=O)N2CCCC2C3=NOC(=C3)C4=CC=CC=C4OC(F)(F)F)N5N=CC=N5)Cl,-1.1760912590556811,COc1cc(C(=O)N2CCCC2c2cc(-c3ccccc3OC(F)(F)F)on2)c(-n2nccn2)cc1Cl
CC1=CC(=C(C=C1)N2N=CC=N2)C(=O)N3CCCC3C4=NN=C(O4)C5=C(C(=CC=C5)Cl)C,-1.3222192947339193,Cc1ccc(-n2nccn2)c(C(=O)N2CCCC2c2nnc(-c3cccc(Cl)c3C)o2)c1
CC1=CC(=C(C=C1)N2N=CC=N2)C(=O)N3CCCC3C4=NC(=NO4)C5=CC(=CC=C5)OC(F)(F)F,-1.505149978319906,Cc1ccc(-n2nccn2)c(C(=O)N2CCCC2c2nc(-c3cccc(OC(F)(F)F)c3)no2)c1
CN(C1CCCCC1)C(=O)CN2CCC3=CC(=C(C=C3C2CC4=CC(=C(C=C4)OC)OC)OC)OC,-4.0,COc1ccc(CC2c3cc(OC)c(OC)cc3CCN2CC(=O)N(C)C2CCCCC2)cc1OC
CC1=CC(=C(C=C1)N2N=CC=N2)C(=O)N3CCCC3C4=NOC(=N4)C5=C(C(=CC=C5)C)C,-1.1760912590556811,Cc1ccc(-n2nccn2)c(C(=O)N2CCCC2c2noc(-c3cccc(C)c3C)n2)c1
CC1CCC(CN1C(=O)C2=CC=CC=C2N3N=CC=N3)C4=NC(=CS4)C(C(F)(F)F)O,-1.1760912590556811,CC1CCC(c2nc(C(O)C(F)(F)F)cs2)CN1C(=O)c1ccccc1-n1nccn1
CC1=CC=CC(=C1)C2=C(N=CO2)C(=O)NC3=C(N(N=C3C)CCN4C=CC5=CC(=C(C=C54)OC)OC)C,-2.673941998634088,COc1cc2ccn(CCn3nc(C)c(NC(=O)c4ncoc4-c4cccc(C)c4)c3C)c2cc1OC
CC1=CC(=C(C=C1)N2N=CC=N2)C(=O)N3CCCC3C4=NC(=NO4)C5=C(N=CC=C5)Cl,-1.5185139398778875,Cc1ccc(-n2nccn2)c(C(=O)N2CCCC2c2nc(-c3cccnc3Cl)no2)c1
COC1=C(C=CC=C1F)C2=NC(=NO2)C3CCCN3C(=O)C4=C(C=CC(=C4)Cl)N5N=CC=N5,-0.4771212547196624,COc1c(F)cccc1-c1nc(C2CCCN2C(=O)c2cc(Cl)ccc2-n2nccn2)no1
CC1=CC=CC(=C1)C2=C(N=CO2)C(=O)NC3=CN(N=C3)CCN4C=CC5=C4C(=CC=C5)C,-2.5751878449276613,Cc1cccc(-c2ocnc2C(=O)Nc2cnn(CCn3ccc4cccc(C)c43)c2)c1
CC1=CC=CC(=C1)C2=C(N=CO2)C(=O)NC3=CN(N=C3)CCNC4=NC=CC(=C4)OC,-2.404833716619938,COc1ccnc(NCCn2cc(NC(=O)c3ncoc3-c3cccc(C)c3)cn2)c1
COC1=C(C=C2C(=C1)C=CN2CCN3C=C(C=N3)NC(=O)C4=C(OC=N4)C5=CC(=CC=C5)F)OC,-2.1643528557844367,COc1cc2ccn(CCn3cc(NC(=O)c4ncoc4-c4cccc(F)c4)cn3)c2cc1OC
CC1=CC(=C(C=C1)OC)C2=NC(=NO2)C3CCCN3C(=O)C4=C(C=CC(=C4)Cl)N5N=CC=N5,-1.3222192947339193,COc1ccc(C)cc1-c1nc(C2CCCN2C(=O)c2cc(Cl)ccc2-n2nccn2)no1
CC(C)(C)C(C(=O)N1CCC2=CC(=C(C=C2C1)OC)OC)NCC3=CSC=C3,-1.5440680443502757,COc1cc2c(cc1OC)CN(C(=O)C(NCc1ccsc1)C(C)(C)C)CC2
CC1=CC=CC(=C1)C2=C(N=CO2)C(=O)NC3=CN(N=C3)CCNC4=NC=CC=N4,-3.0644579892269186,Cc1cccc(-c2ocnc2C(=O)Nc2cnn(CCNc3ncccn3)c2)c1
COC1=CC=CC=C1C2CC(C(=O)N2CC3=CC=C(C=C3)OC(F)(F)F)Cl,-2.954724790979063,COc1ccccc1C1CC(Cl)C(=O)N1Cc1ccc(OC(F)(F)F)cc1
COC1=C(C(=CC=C1)OC)C2CCCC(=O)N2CC3=NC4=CC=CC=C4C=C3,-2.5171958979499744,COc1cccc(OC)c1C1CCCC(=O)N1Cc1ccc2ccccc2n1
CCC1=CC2=C(S1)N=CN=C2SCC(=O)N(CC)C3=C(N(C(=O)NC3=O)CC4=CC=CC=C4)N,-3.2329961103921536,CCc1cc2c(SCC(=O)N(CC)c3c(N)n(Cc4ccccc4)c(=O)[nH]c3=O)ncnc2s1
CCOC1=C(C=CC=C1F)C2=NC(=NO2)C3CCCN3C(=O)C4=CC(=C(C=C4N5N=CC=N5)C)Cl,-0.4771212547196624,CCOc1c(F)cccc1-c1nc(C2CCCN2C(=O)c2cc(Cl)c(C)cc2-n2nccn2)no1
CC1=C(C=CC=C1Cl)C2=NOC(=N2)C3CCN3C(=O)C4=CC=CC=C4C5=CC=CC=C5,-1.3010299956639813,Cc1c(Cl)cccc1-c1noc(C2CCN2C(=O)c2ccccc2-c2ccccc2)n1
COC1=C(C(=CC=C1)OC)C2CC(C(=O)N2CC3=CC=C(C=C3)OC(F)(F)F)Cl,-1.6127838567197357,COc1cccc(OC)c1C1CC(Cl)C(=O)N1Cc1ccc(OC(F)(F)F)cc1
CC1=CC(=C(C=C1)N2N=CC=N2)C(=O)N3CCCC3C4=NOC(=N4)C5=CC(=CC(=C5)OC)C,-1.0791812460476249,COc1cc(C)cc(-c2nc(C3CCCN3C(=O)c3cc(C)ccc3-n3nccn3)no2)c1
CCC1=NC(=C2N1CCN(C2CCC3=CC=C(C=C3)C(F)(F)F)C(C4=CC=CC=C4)C(=O)NC)S(=O)(=O)C,-1.3979400086720375,CCc1nc(S(C)(=O)=O)c2n1CCN(C(C(=O)NC)c1ccccc1)C2CCc1ccc(C(F)(F)F)cc1
CC(C1=CC=CC=C1)NC(=O)CN2CCC3=CC(=C(C=C3C2CC4=CC(=C(C=C4)OC)OC)OC)OC,-3.9776778876739938,COc1ccc(CC2c3cc(OC)c(OC)cc3CCN2CC(=O)NC(C)c2ccccc2)cc1OC
CC1=CC(=C(C=C1)C(=O)N2CCC2C3=NC(=NN3)C4=CC=CC=C4)N5N=CC=N5,-2.5078558716958312,Cc1ccc(C(=O)N2CCC2c2nc(-c3ccccc3)n[nH]2)c(-n2nccn2)c1
CCOC1=CC=CC(=C1)NC(=O)C2CCCN2S(=O)(=O)C3=CC=C(C=C3)OC,-1.57978359661681,CCOc1cccc(NC(=O)C2CCCN2S(=O)(=O)c2ccc(OC)cc2)c1
CC1CC(N(C1=O)CC2=CC=CC(=C2)C3=CC=CC=C3)C4=CC=CC=C4C5=CC=CC=C5,-2.7752462597402365,CC1CC(c2ccccc2-c2ccccc2)N(Cc2cccc(-c3ccccc3)c2)C1=O
CC1CCC(CN1C(=O)C2=C(N=C(C=C2)OC)N3N=CC=N3)OC4=NC=CC(=C4)C(=O)OC,-2.6085260335771943,COC(=O)c1ccnc(OC2CCC(C)N(C(=O)c3ccc(OC)nc3-n3nccn3)C2)c1
CC1=C(C=C(C(=C1)N2C=CC=N2)C(=O)N3CCCC3C4=NC(=NO4)C5=CC=CC=C5OC(F)(F)F)OC,-1.146128035678238,COc1cc(C(=O)N2CCCC2c2nc(-c3ccccc3OC(F)(F)F)no2)c(-n2cccn2)cc1C
CC1CCC(CN1C(=O)C2=CC=CC=C2N3N=CC=N3)C4=NC(=CS4)C(C)(C)O,-1.230448921378274,CC1CCC(c2nc(C(C)(C)O)cs2)CN1C(=O)c1ccccc1-n1nccn1
CC1CN(C(CO1)CC2=CC(=CC=C2)N3N=CC=N3)C(=O)C4=C(C(=CC=C4)C)N5N=CC=N5,-2.374748346010104,Cc1cccc(C(=O)N2CC(C)OCC2Cc2cccc(-n3nccn3)c2)c1-n1nccn1
COC1=CC(=C(C=C1)OC)C=NNC(=O)C2=CC3=C(C=C(C=C3N2)OC)OC,-3.838849090737255,COc1ccc(OC)c(C=NNC(=O)c2cc3c(OC)cc(OC)cc3[nH]2)c1
COC1=C(C(=CC=C1)OC)C2CCCCC(=O)N2CC3=NC4=CC=CC=C4C=C3,-1.9138138523837167,COc1cccc(OC)c1C1CCCCC(=O)N1Cc1ccc2ccccc2n1
COC1=C(C(=CC=C1)F)C2CC(C(=O)N2CC3=CC=C(C=C3)OC(F)(F)F)F,-1.8195439355418688,COc1cccc(F)c1C1CC(F)C(=O)N1Cc1ccc(OC(F)(F)F)cc1
CC1=CN=C(C=C1)OCCN2C=C(C=N2)NC(=O)C3=C(OC=N3)C4=CC(=CC=C4)C,-3.2674064187529037,Cc1ccc(OCCn2cc(NC(=O)c3ncoc3-c3cccc(C)c3)cn2)nc1
CCOC1=C(C(=CC=C1)F)C2CC(C(=O)N2CC3=CC=C(C=C3)OC(F)(F)F)F,-0.9030899869919436,CCOc1cccc(F)c1C1CC(F)C(=O)N1Cc1ccc(OC(F)(F)F)cc1
CC1=CC(=C(C=C1)N2N=CC=N2)C(=O)N3CCCC3C4=NC=C(O4)C5=CC=CC=C5C,-2.2648178230095364,Cc1ccc(-n2nccn2)c(C(=O)N2CCCC2c2ncc(-c3ccccc3C)o2)c1
CC1=C(C=CC=C1Cl)C2=NOC(=N2)C3CCCN3C(=O)C4=C(SC(=N4)C)C5=CC(=CC=C5)F,-2.0453229787866576,Cc1nc(C(=O)N2CCCC2c2nc(-c3cccc(Cl)c3C)no2)c(-c2cccc(F)c2)s1
CC1=CC=CC(=C1)C2=C(N=CO2)C(=O)NC3=CN(N=C3)CCNC4=NC=C(C=C4)F,-2.673020907128896,Cc1cccc(-c2ocnc2C(=O)Nc2cnn(CCNc3ccc(F)cn3)c2)c1
CC1=CC=CC(=C1)C2=C(N=CO2)C(=O)NC3=CN(N=C3)CCOC4=CC=CC=C4,-2.9929950984313414,Cc1cccc(-c2ocnc2C(=O)Nc2cnn(CCOc3ccccc3)c2)c1
COC1=C(C(=CC=C1)OC)C2CCCC(=O)N2CC3=CC=C(C=C3)SC(F)(F)F,-1.7923916894982541,COc1cccc(OC)c1C1CCCC(=O)N1Cc1ccc(SC(F)(F)F)cc1
CC1=CSC(=N1)OC2=CC=C(C=C2)CN3C(CCC3=O)C4=C(C=CC=C4OC)OC,-2.096910013008056,COc1cccc(OC)c1C1CCC(=O)N1Cc1ccc(Oc2nc(C)cs2)cc1
CC1CC(N(C1=O)CC2=NC=CC(=C2)OC(F)F)C3=C(C=CC=C3OC)OC,-3.100370545117563,COc1cccc(OC)c1C1CC(C)C(=O)N1Cc1cc(OC(F)F)ccn1
C1CC(N(C(=O)C1)CC2=CC=C(C=C2)OC(F)(F)F)C3=C(C=CC=C3Cl)Cl,-2.6589648426644352,O=C1CCCC(c2c(Cl)cccc2Cl)N1Cc1ccc(OC(F)(F)F)cc1
COC1=C(C=C(C=C1)CC2COCCN2C(=O)C3=C(C=C(C=C3)F)N4N=CC=N4)C5=NOC=N5,-1.7781512503836436,COc1ccc(CC2COCCN2C(=O)c2ccc(F)cc2-n2nccn2)cc1-c1ncon1
CC1=CN=CC(=C1)C2=NN=C(C(=C2)C(=O)NCC3=NC(=C(C=C3)OC)OC)C4=CC=CC=C4,-2.230448921378274,COc1ccc(CNC(=O)c2cc(-c3cncc(C)c3)nnc2-c2ccccc2)nc1OC
CC1=CC=CC(=C1)C2=C(N=CO2)C(=O)NC3=CN(N=C3)CCOC4=NN(C(=C4)C(F)(F)F)C,-3.2988530764097064,Cc1cccc(-c2ocnc2C(=O)Nc2cnn(CCOc3cc(C(F)(F)F)n(C)n3)c2)c1
CC1=CC(=C(C=C1)N2N=CC=N2)C(=O)N3CC4CC3CN(C4)C5=NC6=CC=CC=C6C=N5,-2.041392685158225,Cc1ccc(-n2nccn2)c(C(=O)N2CC3CC2CN(c2ncc4ccccc4n2)C3)c1
CC1=CN=CC(=C1)C2=NC=C(C(=C2)C(=O)NCC3=NC(=C(C=C3)OC)OC)C4=NC=CS4,-1.2041199826559248,COc1ccc(CNC(=O)c2cc(-c3cncc(C)c3)ncc2-c2nccs2)nc1OC
COC1=CC=C(C=C1)S(=O)(=O)N2CCCC2C(=O)NC3=CC(=CC(=C3)Cl)Cl,-1.3010299956639813,COc1ccc(S(=O)(=O)N2CCCC2C(=O)Nc2cc(Cl)cc(Cl)c2)cc1
C1CN(CC(C1(F)F)OC2=NC3=CC=CC=C3C=C2)C(=O)C4=CC=CC=C4N5N=CC=N5,-3.6215916758592184,O=C(c1ccccc1-n1nccn1)N1CCC(F)(F)C(Oc2ccc3ccccc3n2)C1
CC1COCC(N1C(=O)C2=CC(=C(C=C2N3N=CC=N3)C)C)CC4=CC(=CC=C4)N5N=CC=N5,-2.550228353055094,Cc1cc(C(=O)N2C(C)COCC2Cc2cccc(-n3nccn3)c2)c(-n2nccn2)cc1C
COC1=C(C(=CC=C1)OC)C2CCCC(=O)N2CC3=CC(=NC=C3)N4CCCC4,-3.3138672203691533,COc1cccc(OC)c1C1CCCC(=O)N1Cc1ccnc(N2CCCC2)c1
COC1=CC(=NC(=N1)OCCN2C=C(C=N2)NC(=O)C3=C(OC=N3)C4=CC=CC=C4)OC,-1.4623979978989559,COc1cc(OC)nc(OCCn2cc(NC(=O)c3ncoc3-c3ccccc3)cn2)n1
CC1CCC(CN1C(=O)C2=C(SC=C2)N3N=CC=N3)OC4=NC=CC(=C4C)C#N,-0.9542425094393248,Cc1c(C#N)ccnc1OC1CCC(C)N(C(=O)c2ccsc2-n2nccn2)C1
CC1=C(C=C(C(=C1)N2N=CC=N2)C(=O)N3CCCC3C4=NC(=NO4)C5=C(C(=CC=C5)Cl)C)Cl,-1.0,Cc1cc(-n2nccn2)c(C(=O)N2CCCC2c2nc(-c3cccc(Cl)c3C)no2)cc1Cl
CC1=CC(=C(C=C1)N2N=CC=N2)C(=O)N3CCCC3C4=NC(=CO4)C5=CC=CC=C5,-2.469822015978163,Cc1ccc(-n2nccn2)c(C(=O)N2CCCC2c2nc(-c3ccccc3)co2)c1
CC1=CC=CC(=C1)C2=C(N=CO2)C(=O)NC3=C(N(N=C3C)CCOC4=NC5=CC=CC=C5O4)C,-2.9849771264154934,Cc1cccc(-c2ocnc2C(=O)Nc2c(C)nn(CCOc3nc4ccccc4o3)c2C)c1
CC1=C(C(=C(C=C1)N2N=CC=N2)C(=O)N3CCOCC3CC4=CC(=CC=C4)N5N=CC=N5)F,-2.52244423350632,Cc1ccc(-n2nccn2)c(C(=O)N2CCOCC2Cc2cccc(-n3nccn3)c2)c1F
CC1=CC=CC(=C1)C2=C(N=CO2)C(=O)NC3=CN(N=C3)CCN4C=NC5=CC(=C(C=C54)OC)OC,-1.7993405494535817,COc1cc2ncn(CCn3cc(NC(=O)c4ncoc4-c4cccc(C)c4)cn3)c2cc1OC
COC1=C(C=C(C=C1)CC2COCCN2C(=O)C3=CC=CC=C3N4N=CC=N4)C5=NC=CO5,-2.670245853074124,COc1ccc(CC2COCCN2C(=O)c2ccccc2-n2nccn2)cc1-c1ncco1
CC1=C(C(=CC(=C1)F)C(=O)N2CCCC2C3=NC(=NO3)C4=CC=CC=C4OC(F)(F)F)N5N=CC=N5,-2.1789769472931693,Cc1cc(F)cc(C(=O)N2CCCC2c2nc(-c3ccccc3OC(F)(F)F)no2)c1-n1nccn1
C1CN(C1C2=NC(=NO2)C3=CC=CC=C3OC(F)(F)F)C(=O)C4=C(C=C(C=C4)Cl)N5N=CC=N5,-1.4471580313422192,O=C(c1ccc(Cl)cc1-n1nccn1)N1CCC1c1nc(-c2ccccc2OC(F)(F)F)no1
CC1=C(C=C(C(=C1)N2N=CC=N2)C(=O)N3CCCC3C4=NC(=NO4)C5=CC=CC=C5C(F)(F)F)OC,-1.462397997898956,COc1cc(C(=O)N2CCCC2c2nc(-c3ccccc3C(F)(F)F)no2)c(-n2nccn2)cc1C
COC1=C(C(=CC=C1)OC)C2CCCCC(=O)N2CC3=CC4=C(C=C3)OC5=CC=CC=C54,-0.4771212547196624,COc1cccc(OC)c1C1CCCCC(=O)N1Cc1ccc2oc3ccccc3c2c1
CC1CCC(CN1C(=O)C2=CC=CC=C2N3N=CC=N3)OC4=NC=CC(=C4Cl)C(=O)OC,-1.041392685158225,COC(=O)c1ccnc(OC2CCC(C)N(C(=O)c3ccccc3-n3nccn3)C2)c1Cl
CC1=CC(=C(C=C1)N2N=CC=N2)C(=O)N3CCCC3C4=NC(=NO4)C5=C(C=NC=C5C)C,-3.0253058652647704,Cc1ccc(-n2nccn2)c(C(=O)N2CCCC2c2nc(-c3c(C)cncc3C)no2)c1
COC1=C(C(=CC=C1)OC)C2CC(C(=O)N2CC3=CC=CC(=C3)C4=CC=CC=C4)(F)F,-1.9084850188786495,COc1cccc(OC)c1C1CC(F)(F)C(=O)N1Cc1cccc(-c2ccccc2)c1
CCC1=NC(=C2N1CCN(C2CCC3=CC=C(C=C3)C(F)(F)F)C(C4=CC=CC=C4)C(=O)NC)Cl,-2.0293837776852097,CCc1nc(Cl)c2n1CCN(C(C(=O)NC)c1ccccc1)C2CCc1ccc(C(F)(F)F)cc1
CC1=CC(=C(C=C1)N2C=CC=N2)C(=O)N3CCCC3C4=NC(=NO4)C5=C(C(=CC=C5)Cl)C,-1.146128035678238,Cc1ccc(-n2cccn2)c(C(=O)N2CCCC2c2nc(-c3cccc(Cl)c3C)no2)c1
CC1=CC(=CC(=C1)NC(=O)C2CCCN2S(=O)(=O)C3=CC=C(C=C3)Br)C,-1.6901960800285136,Cc1cc(C)cc(NC(=O)C2CCCN2S(=O)(=O)c2ccc(Br)cc2)c1
CC1=CC(=CC=C1)CCNC(=O)CN(C2=CC=C(C=C2)OC)S(=O)(=O)C3=C(ON=C3C)C,-3.3560258571931225,COc1ccc(N(CC(=O)NCCc2cccc(C)c2)S(=O)(=O)c2c(C)noc2C)cc1
CNC(=O)C(C1=CC=CC=C1)N2CCN3C(=NC(=C3C2CCC4=CC(=C(C=C4)C(F)(F)F)F)Cl)C5CC5,-1.0,CNC(=O)C(c1ccccc1)N1CCn2c(C3CC3)nc(Cl)c2C1CCc1ccc(C(F)(F)F)c(F)c1
CC1=C(C=CC=C1Cl)C2=NOC(=N2)C3CCCN3C(=O)C4=C(C=CC(=C4)OC)N5N=CC=N5,-0.9030899869919436,COc1ccc(-n2nccn2)c(C(=O)N2CCCC2c2nc(-c3cccc(Cl)c3C)no2)c1
CC1=C(C(=C(C=C1)N2N=CC=N2)C(=O)N3CCCC3C4=NC(=NO4)C5=CC=CC=C5OC(F)(F)F)F,-1.1760912590556811,Cc1ccc(-n2nccn2)c(C(=O)N2CCCC2c2nc(-c3ccccc3OC(F)(F)F)no2)c1F
CCOC1=C(C=CC=N1)C2=NOC(=N2)C3CCCN3C(=O)C4=CC(=C(C=C4N5N=CC=N5)F)OC,-1.230448921378274,CCOc1ncccc1-c1noc(C2CCCN2C(=O)c2cc(OC)c(F)cc2-n2nccn2)n1
COC1=C(C(=CC=C1)OC)C(=O)NC2CCCC2NC3=NC4=CC=CC=C4N=C3,-3.8129133566428566,COc1cccc(OC)c1C(=O)NC1CCCC1Nc1cnc2ccccc2n1
CC1=CC(=CC(=C1)C2=NC(=NO2)C3CCCN3C(=O)C4=CC(=C(C=C4N5N=CC=N5)Cl)OC)OC,-0.6020599913279624,COc1cc(C)cc(-c2nc(C3CCCN3C(=O)c3cc(OC)c(Cl)cc3-n3nccn3)no2)c1
CC1=C(C=C(C(=C1)N2N=CC=N2)C(=O)N3CCC3C4=NC(=NO4)C5=C(C(=CC=C5)Cl)C)OC,-0.3010299956639812,COc1cc(C(=O)N2CCC2c2nc(-c3cccc(Cl)c3C)no2)c(-n2nccn2)cc1C
COC1=C(C=C(C=C1)CC2COCCN2C(=O)C3=CC=CC=C3N4N=CC=N4)C5=CN=CC=C5,-3.27415784926368,COc1ccc(CC2COCCN2C(=O)c2ccccc2-n2nccn2)cc1-c1cccnc1
CC1=C(C=CC=C1Cl)C2=NOC(=N2)C3CCCN3C(=O)C4=C(C=CC(=C4)F)C5=CC=NN5,-1.5314789170422551,Cc1c(Cl)cccc1-c1noc(C2CCCN2C(=O)c2cc(F)ccc2-c2ccn[nH]2)n1
COC1=C(C(=CC=C1)OC)C2CCCC(=O)N2CC3=CC=CC(=C3F)C4=CC=CC=N4,-1.8061799739838869,COc1cccc(OC)c1C1CCCC(=O)N1Cc1cccc(-c2ccccn2)c1F
C1COCC(N1C(=O)C2=C(C=C(C=C2)Cl)N3N=CC=N3)CC4=C(C=CC(=C4)N5N=CC=N5)Cl,-2.6541765418779604,O=C(c1ccc(Cl)cc1-n1nccn1)N1CCOCC1Cc1cc(-n2nccn2)ccc1Cl
CC1=C(C=C(C(=C1)N2N=CC=N2)C(=O)N3CCCC3C4=NC(=NO4)C5=CC=CC=C5OC)OC,-1.1760912590556811,COc1cc(C(=O)N2CCCC2c2nc(-c3ccccc3OC)no2)c(-n2nccn2)cc1C
COC1=C(C=C(C=C1)OCCN(CC2=CC=CS2)CC(=O)NCC3=CC=CC=C3Cl)OC,-2.2899900660543198,COc1ccc(OCCN(CC(=O)NCc2ccccc2Cl)Cc2cccs2)cc1OC
C1CC(N(C1)C(=O)C2=C(C=CC(=C2)Cl)N3N=CC=N3)C4=NC(=NO4)C5=CC=CC=C5C(F)(F)F,-2.2764618041732443,O=C(c1cc(Cl)ccc1-n1nccn1)N1CCCC1c1nc(-c2ccccc2C(F)(F)F)no1
CCOC1=C(C=CC=N1)C2=NC(=NO2)C3CCN3C(=O)C4=CC(=C(C=C4N5N=CC=N5)C)C,0.2218487496163564,CCOc1ncccc1-c1nc(C2CCN2C(=O)c2cc(C)c(C)cc2-n2nccn2)no1
C1COCC(N1C(=O)C2=C(C(=CC=C2)F)N3N=CC=N3)CC4=CC(=CC=C4)N5N=CC=N5,-3.2610248339923973,O=C(c1cccc(F)c1-n1nccn1)N1CCOCC1Cc1cccc(-n2nccn2)c1
CC1CCCN(C1CNC(=O)C2=CC=CC3=C2N=CC=C3)C(=O)C4=C(N=C(S4)C)C5=CC=CC=C5,-1.6989700043360187,Cc1nc(-c2ccccc2)c(C(=O)N2CCCC(C)C2CNC(=O)c2cccc3cccnc23)s1
COC1=CC=CC=C1C(=O)NC2CCCC2NC3=NC4=C(S3)C=C(C=C4)F,-3.531478917042255,COc1ccccc1C(=O)NC1CCCC1Nc1nc2ccc(F)cc2s1
CC1=CC(=C(C=C1)C2=NC=CC=N2)C(=O)N3CCCC3C4=NC(=NO4)C5=C(C(=CC=C5)Cl)C,-1.462397997898956,Cc1ccc(-c2ncccn2)c(C(=O)N2CCCC2c2nc(-c3cccc(Cl)c3C)no2)c1
CC1=CC(=C(C=C1)C)C2=NOC(=N2)C3CCCN3C(=O)C4=C(C=CC(=C4)C)N5N=CC=N5,-0.9030899869919436,Cc1ccc(-n2nccn2)c(C(=O)N2CCCC2c2nc(-c3cc(C)ccc3C)no2)c1
CC1CCN(CCN1C(=O)C2=CC=CC=C2N3N=CC=N3)C4=NC(=C5C=C(SC5=N4)C)N,-1.5314789170422551,Cc1cc2c(N)nc(N3CCC(C)N(C(=O)c4ccccc4-n4nccn4)CC3)nc2s1
C1C(N(C(=O)C1O)CC2=CC=C(C=C2)OC(F)(F)F)C3=C(C=CC=C3F)OCCF,-1.7558748556724917,O=C1C(O)CC(c2c(F)cccc2OCCF)N1Cc1ccc(OC(F)(F)F)cc1
C1COCC(N1C(=O)C2=C(C=CC(=C2)Cl)N3N=CC=N3)CC4=C(C=CC(=C4)C5=NC=CC=N5)F,-2.6901960800285143,O=C(c1cc(Cl)ccc1-n1nccn1)N1CCOCC1Cc1cc(-c2ncccn2)ccc1F
CC1=C(C=C(C(=C1)N2N=CC=N2)C(=O)N3CCCC3C4=NC(=NN4)C5=CC=CC=C5OC(F)(F)F)Cl,-0.3010299956639812,Cc1cc(-n2nccn2)c(C(=O)N2CCCC2c2nc(-c3ccccc3OC(F)(F)F)n[nH]2)cc1Cl
CC1CCN(CCN1C(=O)C2=CC=CC=C2N3N=CC=N3)C4=NC(=NC=C4C)Cl,-3.4149733479708178,Cc1cnc(Cl)nc1N1CCC(C)N(C(=O)c2ccccc2-n2nccn2)CC1
C1=CC=C(C=C1)C2=CSC(=N2)C(=C3SC=CS3)C#N,-3.73897864034956,N#CC(=C1SC=CS1)c1nc(-c2ccccc2)cs1
COC1=C(C(=CC=C1)OC)C2CCCC(=O)N2CC3=NC=C(C=C3)OC(F)F,-1.845098040014257,COc1cccc(OC)c1C1CCCC(=O)N1Cc1ccc(OC(F)F)cn1
C1COCC(N1C(=O)C2=CC=CC=C2N3N=CC=N3)CC4=CC(=CC=C4)N5N=CC=N5,-3.091666957595685,O=C(c1ccccc1-n1nccn1)N1CCOCC1Cc1cccc(-n2nccn2)c1
CC1=CC(=C(C=C1)N2N=CC=N2)C(=O)N3CCCC3C4=CC(=NO4)C5=C(N=CC=C5)OC(C)C,-2.4653828514484184,Cc1ccc(-n2nccn2)c(C(=O)N2CCCC2c2cc(-c3cccnc3OC(C)C)no2)c1
COC1=C(C(=CC=C1)OC)C2CCCCC(=O)N2CC3=CC4=CC=CC=C4N=C3,-3.017450729510536,COc1cccc(OC)c1C1CCCCC(=O)N1Cc1cnc2ccccc2c1
CC1=CC=CC(=C1N2N=CC=N2)C(=O)N3CCOCC3CC4=CC=CC(=C4)C5=NOC=N5,-2.6053050461411096,Cc1cccc(C(=O)N2CCOCC2Cc2cccc(-c3ncon3)c2)c1-n1nccn1
CC1CCC(CN1C(=O)C2=CC=CC=C2SC)OC3=NC=CC(=C3C)C#N,-1.5440680443502757,CSc1ccccc1C(=O)N1CC(Oc2nccc(C#N)c2C)CCC1C
CC1=C(C=CC=C1Cl)C2=NOC(=N2)C3CCN3C(=O)C4=C(SC(=N4)C)C5=CC=CC=C5F,-2.3384564936046046,Cc1nc(C(=O)N2CCC2c2nc(-c3cccc(Cl)c3C)no2)c(-c2ccccc2F)s1
CC1=C(C=C(C(=C1)C(=O)N2CCCC2C3=NC(=NO3)C4=CC=CC=C4OC(F)(F)F)N5C=CC=N5)C,-0.8450980400142568,Cc1cc(C(=O)N2CCCC2c2nc(-c3ccccc3OC(F)(F)F)no2)c(-n2cccn2)cc1C
CC1CCC(CN1C(=O)C2=CC=CC=C2C3(CC3)C#N)C4=CSC(=N4)C(C)(C)O,-1.1139433523068367,CC1CCC(c2csc(C(C)(C)O)n2)CN1C(=O)c1ccccc1C1(C#N)CC1
CC1=CC(=C(C=C1)N2N=CC=N2)C(=O)N3CCOC3CC4=CN(N=C4)C5=NC=C(C=C5)F,-1.5877109650189114,Cc1ccc(-n2nccn2)c(C(=O)N2CCOC2Cc2cnn(-c3ccc(F)cn3)c2)c1
CC1CCC(CN1C(=O)C2=CC=CC=C2C3=NOC(=N3)C)OC4=NC=CC(=C4)C#N,-1.3979400086720375,Cc1nc(-c2ccccc2C(=O)N2CC(Oc3cc(C#N)ccn3)CCC2C)no1
CC1CC(N(C1=O)CC2=CC=C(C=C2)OC(F)(F)F)C3=C(C=CC=C3OC)OC,-2.075546961392531,COc1cccc(OC)c1C1CC(C)C(=O)N1Cc1ccc(OC(F)(F)F)cc1
CCOC1=C(C=CC=N1)C2=NC(=NO2)C3CCN3C(=O)C4=CC(=C(C=C4N5N=CC=N5)C)Cl,-0.0,CCOc1ncccc1-c1nc(C2CCN2C(=O)c2cc(Cl)c(C)cc2-n2nccn2)no1
CC1=NC(=C(C=C1)N2N=CC=N2)C(=O)N3CCCC3C4=NC(=NO4)C5=CC=CC=C5OC,-2.9965116721541785,COc1ccccc1-c1noc(C2CCCN2C(=O)c2nc(C)ccc2-n2nccn2)n1
CCOC1=C(C=CC=N1)C2=NOC(=N2)C3CCN3C(=O)C4=CC(=C(C=C4N5N=CC=N5)C)OC,-0.6989700043360189,CCOc1ncccc1-c1noc(C2CCN2C(=O)c2cc(OC)c(C)cc2-n2nccn2)n1
CCOC1=C(C=CC=N1)C2=NOC(=N2)C3CCCN3C(=O)C4=C(C=CC(=C4)Cl)N5N=CC=N5,-1.0,CCOc1ncccc1-c1noc(C2CCCN2C(=O)c2cc(Cl)ccc2-n2nccn2)n1
CCC1=NC(=C2N1CCN(C2CCC3=CC=C(C=C3)OC(F)(F)F)C(C4=CC=CC=C4)C(=O)NC)Cl,-1.2552725051033058,CCc1nc(Cl)c2n1CCN(C(C(=O)NC)c1ccccc1)C2CCc1ccc(OC(F)(F)F)cc1
COC1=C(C(=CC=C1)OC)C2CCCC(=O)N2CC3=CC=CC(=C3)C4=NC=CS4,-0.6020599913279624,COc1cccc(OC)c1C1CCCC(=O)N1Cc1cccc(-c2nccs2)c1
CC1=CC=CC(=C1)C2=C(N=C(S2)C)C(=O)N3CCC3C4=NC(=NO4)C5=CC=CC=C5OC(F)(F)F,-2.075546961392531,Cc1cccc(-c2sc(C)nc2C(=O)N2CCC2c2nc(-c3ccccc3OC(F)(F)F)no2)c1
CC1=CC(=C(C=C1)N2N=CC=N2)C(=O)N3CCCC3C4=NC(=NO4)C5=C(C(=CC=C5)F)C,-0.6989700043360189,Cc1ccc(-n2nccn2)c(C(=O)N2CCCC2c2nc(-c3cccc(F)c3C)no2)c1
CC1CCC(CN1C(=O)C2=CC=CC=C2C3=NC=CC=N3)C4=CSC(=N4)C(C)(C)O,-2.008600171761917,CC1CCC(c2csc(C(C)(C)O)n2)CN1C(=O)c1ccccc1-c1ncccn1
CCOC1=C(C=CC(=C1)F)C2CC(C(=O)N2CC3=CC=C(C=C3)OC(F)(F)F)F,-2.593286067020457,CCOc1cc(F)ccc1C1CC(F)C(=O)N1Cc1ccc(OC(F)(F)F)cc1
CCOC1=CC(=CC(=C1C2CC(C(=O)N2CC3=CC=C(C=C3)OC(F)(F)F)F)F)F,-1.568201724066995,CCOc1cc(F)cc(F)c1C1CC(F)C(=O)N1Cc1ccc(OC(F)(F)F)cc1
CC1CC(N(C1=O)CC2=CC(=NC=C2)C3=NC=C(S3)C)C4=C(C=CC=C4F)OC,-1.0791812460476249,COc1cccc(F)c1C1CC(C)C(=O)N1Cc1ccnc(-c2ncc(C)s2)c1
CCC1=NC(=C2N1CCN(C2CCC3=CC=C(C=C3)C(F)(F)F)C(C4=CC=CC=C4)C(=O)NC)C(=O)NC,-1.57978359661681,CCc1nc(C(=O)NC)c2n1CCN(C(C(=O)NC)c1ccccc1)C2CCc1ccc(C(F)(F)F)cc1
CC1CC(N(C1=O)CC2=CC(=CC=C2)N3C=CC=N3)C4=C(C=CC=C4OC)OC,-2.4216039268698317,COc1cccc(OC)c1C1CC(C)C(=O)N1Cc1cccc(-n2cccn2)c1
CC1=CC(=C(C=C1)C(=O)N2CCOCC2CC3=C(C=CC(=C3)C4=NC=CC=N4)F)N5N=CC=N5,-2.7566361082458486,Cc1ccc(C(=O)N2CCOCC2Cc2cc(-c3ncccn3)ccc2F)c(-n2nccn2)c1
COC1=C(C=C(C(=C1)C(=O)N2CCCC2C3=NC(=NN3)C4=C(C(=CC=C4)F)OC)N5N=CC=N5)Cl,-0.3010299956639812,COc1cc(C(=O)N2CCCC2c2nc(-c3cccc(F)c3OC)n[nH]2)c(-n2nccn2)cc1Cl
CC1=NC(=CS1)C2=CC(=CC=C2)CN3C(CCCC3=O)C4=C(C=CC=C4OC)OC,-0.3010299956639812,COc1cccc(OC)c1C1CCCC(=O)N1Cc1cccc(-c2csc(C)n2)c1
CC1=CC=CC(=C1)C2=C(N=CS2)C(=O)NC3=CN(N=C3)CCC4=CNC5=C4C=C(C=C5)OC,-1.4771212547196624,COc1ccc2[nH]cc(CCn3cc(NC(=O)c4ncsc4-c4cccc(C)c4)cn3)c2c1
CC1=C(C=C(C(=C1)C(=O)N2CCOCC2CC3=C(C=CC(=C3)N4N=CC=N4)F)N5N=CC=N5)C,-1.4771212547196624,Cc1cc(C(=O)N2CCOCC2Cc2cc(-n3nccn3)ccc2F)c(-n2nccn2)cc1C
CC1=CC(=C(C=C1)N2N=CC=N2)C(=O)N3CCC3C4=NOC(=N4)C5=C(C(=CC=C5)Cl)C,-0.9030899869919436,Cc1ccc(-n2nccn2)c(C(=O)N2CCC2c2noc(-c3cccc(Cl)c3C)n2)c1
CC1CCC(CN1C(=O)C2=C(SC(=N2)C)C3=CC=C(C=C3)F)OC4=NC=CC(=C4C)C#N,-1.6812412373755872,Cc1nc(C(=O)N2CC(Oc3nccc(C#N)c3C)CCC2C)c(-c2ccc(F)cc2)s1
COC1=C(C=C(C=C1)CC2COCCN2C(=O)C3=CC=CC=C3N4N=CC=N4)C5=NC=CS5,-2.525044807036845,COc1ccc(CC2COCCN2C(=O)c2ccccc2-n2nccn2)cc1-c1nccs1
CC1CC(N(C1=O)CC2=CC(=NC=C2)N3C=CC=N3)C4=C(C=CC=C4F)OC,-1.9395192526186185,COc1cccc(F)c1C1CC(C)C(=O)N1Cc1ccnc(-n2cccn2)c1
CC1=CC=CC(=C1)C2=C(N=CS2)C(=O)N3CCC3C4=NC(=NO4)C5=CC=CC=C5OC(F)(F)F,-2.534026106056135,Cc1cccc(-c2scnc2C(=O)N2CCC2c2nc(-c3ccccc3OC(F)(F)F)no2)c1
CC1=NC(=C(S1)C2=CC=CC=C2)C(=O)N3CCC3C4=NC(=NO4)C5=CC=CC=C5OC(F)(F)F,-1.6127838567197357,Cc1nc(C(=O)N2CCC2c2nc(-c3ccccc3OC(F)(F)F)no2)c(-c2ccccc2)s1
CCCC1=C2C(N(CCN2C(=N1)CC)C(C3=CC=CC=C3)C(=O)NC)CCC4=CC=C(C=C4)C(F)(F)F,-2.3521825181113627,CCCc1nc(CC)n2c1C(CCc1ccc(C(F)(F)F)cc1)N(C(C(=O)NC)c1ccccc1)CC2
COC1=C(C(=CC=C1)OC)C2CCCCC(=O)N2CC3=CC=CC(=C3)C4=NC=CS4,-0.4771212547196624,COc1cccc(OC)c1C1CCCCC(=O)N1Cc1cccc(-c2nccs2)c1
C1CC(N(C1)C(=O)C2=CC=CC=C2C3=CC=CC=C3)C4=NC(=NO4)C5=CC=CC=C5OC(F)(F)F,-1.230448921378274,O=C(c1ccccc1-c1ccccc1)N1CCCC1c1nc(-c2ccccc2OC(F)(F)F)no1
C1CC(N(C1)C(=O)C2=C(C=CC(=C2)Cl)N3N=CC=N3)C4=NC(=NO4)C5=CC=CC=C5Cl,-2.1760912590556813,O=C(c1cc(Cl)ccc1-n1nccn1)N1CCCC1c1nc(-c2ccccc2Cl)no1
CC1CC(N(C1=O)CC2=CC=CC(=C2)C3=NC=CC=N3)C4=C(C=CC=C4OC)OC,-1.6020599913279625,COc1cccc(OC)c1C1CC(C)C(=O)N1Cc1cccc(-c2ncccn2)c1
CC1CCC(CN1C(=O)C2=CC=CC=C2C3=NC(=NO3)C)OC4=NC=CC(=C4C)C#N,-1.0791812460476249,Cc1noc(-c2ccccc2C(=O)N2CC(Oc3nccc(C#N)c3C)CCC2C)n1
CC1=CC(=C(C=C1)N2N=CC=N2)C(=O)N3CCCC3C4=NC=C(N4)C5=CC=CC=C5,-2.037426497940624,Cc1ccc(-n2nccn2)c(C(=O)N2CCCC2c2ncc(-c3ccccc3)[nH]2)c1
COC1=C(C=CC=C1F)C2=NOC(=N2)C3CCCN3C(=O)C4=C(C=C(C=C4)Cl)N5N=CC=N5,-1.0,COc1c(F)cccc1-c1noc(C2CCCN2C(=O)c2ccc(Cl)cc2-n2nccn2)n1
CC1=CC=CC(=C1)C2=C(N=CO2)C(=O)NC3=CN(N=C3)CCOC4=NC5=CC=CC=C5N=C4,-2.7972675408307164,Cc1cccc(-c2ocnc2C(=O)Nc2cnn(CCOc3cnc4ccccc4n3)c2)c1
C1CN(CCC12N(CCO2)S(=O)(=O)C3=CC=CC=C3)C4=NC5=CC=CC=C5N=C4,-2.361727836017593,O=S(=O)(c1ccccc1)N1CCOC12CCN(c1cnc3ccccc3n1)CC2
C1CN(CC(C12N(CCO2)S(=O)(=O)C3=CC=CC=C3)F)C(=O)NC4=CC=CC=C4,-2.230448921378274,O=C(Nc1ccccc1)N1CCC2(OCCN2S(=O)(=O)c2ccccc2)C(F)C1
CC1=CC=CC(=C1)C2=C(N=C(O2)C)C(=O)N3CCCC3C4=NC(=NO4)C5=CC=CC=C5OC(F)(F)F,-1.792391689498254,Cc1cccc(-c2oc(C)nc2C(=O)N2CCCC2c2nc(-c3ccccc3OC(F)(F)F)no2)c1
COC1=C(C(=CC=C1)OC)C2CC(C(=O)N2CC3=CC=C(C=C3)OC(F)(F)F)O,-2.8260748027008264,COc1cccc(OC)c1C1CC(O)C(=O)N1Cc1ccc(OC(F)(F)F)cc1
COC1=C(C(=CC=C1)OC)C2CCCC(=O)N2CC3=CC4=NC=CN=C4C=C3,-2.9365137424788927,COc1cccc(OC)c1C1CCCC(=O)N1Cc1ccc2nccnc2c1
COC1=C(C(=CC=C1)OC)C2CCCC(=O)N2CC3=CN=C(S3)C4=CC=CC=C4,-2.5634810853944106,COc1cccc(OC)c1C1CCCC(=O)N1Cc1cnc(-c2ccccc2)s1
CC1=CC=CC(=C1)C2=C(N=CO2)C(=O)NC3=CN(N=C3)CCNC4=NC=CC(=C4)F,-2.5786392099680717,Cc1cccc(-c2ocnc2C(=O)Nc2cnn(CCNc3cc(F)ccn3)c2)c1
CC1=CC(=C(C=C1)N2N=CC=N2)C(=O)N3CC4CCC3CCN4C5=NC=C6C=CC(=CC6=N5)F,-2.869231719730976,Cc1ccc(-n2nccn2)c(C(=O)N2CC3CCC2CCN3c2ncc3ccc(F)cc3n2)c1
COC1=C(C=C(C(=C1)C(=O)N2CCC2C3=NOC(=N3)C4=CC=CC=C4OC(F)(F)F)N5N=CC=N5)Cl,-1.041392685158225,COc1cc(C(=O)N2CCC2c2noc(-c3ccccc3OC(F)(F)F)n2)c(-n2nccn2)cc1Cl
COC1=C(C(=CC=C1)F)C2CC(C(=O)N2CC3=CC(=CC=C3)OC(F)(F)F)F,-1.968482948553935,COc1cccc(F)c1C1CC(F)C(=O)N1Cc1cccc(OC(F)(F)F)c1
COC1=C(C(=CC=C1)OC)C2CCCCC(=O)N2CC3=CC=CC=C3C4=CC=CC=C4,-2.9063350418050913,COc1cccc(OC)c1C1CCCCC(=O)N1Cc1ccccc1-c1ccccc1
CC1=CC(=C(C=C1)C(=O)N2CCCC2C3=NOC(=N3)C4=CC(=CC(=C4)OC)C)N5N=CC=N5,-1.9030899869919435,COc1cc(C)cc(-c2nc(C3CCCN3C(=O)c3ccc(C)cc3-n3nccn3)no2)c1
COC1=CC2=C(C=C1)NC=C2CCN3C=C(C=N3)NC(=O)C4=C(OC=N4)C5=NOC=C5,-1.7242758696007892,COc1ccc2[nH]cc(CCn3cc(NC(=O)c4ncoc4-c4ccon4)cn3)c2c1
CC1CC(N(C1=O)CC2=CC=CC(=C2)C3=CSC(=N3)C)C4=CC=CC=C4C5=CC=CC=C5,-2.6580113966571126,Cc1nc(-c2cccc(CN3C(=O)C(C)CC3c3ccccc3-c3ccccc3)c2)cs1
CC1CCC(CN1C(=O)C2=CC=CC=C2N3N=CC=N3)C4=CN=C(S4)C(C)(C)O,-1.6989700043360187,CC1CCC(c2cnc(C(C)(C)O)s2)CN1C(=O)c1ccccc1-n1nccn1
COC1=C(C=C(C=C1)CC2C3=CC(=C(C=C3CCN2CC(=O)NCC4=CC=CC=C4)OC)OC)OC,-3.9112641709983698,COc1ccc(CC2c3cc(OC)c(OC)cc3CCN2CC(=O)NCc2ccccc2)cc1OC
COC1=CC=CC=C1C2=NOC(=N2)C3CCCN3C(=O)C4=C(C=CC(=C4)Cl)N5N=CC=N5,-2.127104798364808,COc1ccccc1-c1noc(C2CCCN2C(=O)c2cc(Cl)ccc2-n2nccn2)n1
CC1=CC(=C(C=C1)N2N=CC=N2)C(=O)N3CCCC3C4=NC(=NO4)C5=CN=CC=C5,-2.952792443044092,Cc1ccc(-n2nccn2)c(C(=O)N2CCCC2c2nc(-c3cccnc3)no2)c1
CC1CCC(CN1C(=O)C2=C(N=C(C=C2)OC)C3CCC3)OC4=NC=CC(=C4C)C#N,-1.8864907251724816,COc1ccc(C(=O)N2CC(Oc3nccc(C#N)c3C)CCC2C)c(C2CCC2)n1
CC1CCC(CN1C(=O)C2=CC=CC=C2C(=O)OC)OC3=NC=CC(=C3)C#N,-1.3222192947339193,COC(=O)c1ccccc1C(=O)N1CC(Oc2cc(C#N)ccn2)CCC1C
CC1=CC(=C(C=C1)N2N=CC=N2)C(=O)N3CCCC3C4=NC(=NO4)C5=CC(=C(C=C5)C)C,-1.2041199826559248,Cc1ccc(-n2nccn2)c(C(=O)N2CCCC2c2nc(-c3ccc(C)c(C)c3)no2)c1
COC1=CC(=CC(=C1C2CCCC(=O)N2CC3=CC=C(C=C3)OC(F)(F)F)OC)F,-1.4313637641589874,COc1cc(F)cc(OC)c1C1CCCC(=O)N1Cc1ccc(OC(F)(F)F)cc1
CC1=CN=C(S1)C2=CC(=CC=C2)CN3C(CCCC3=O)C4=C(C=CC=C4OC)OC,-0.7781512503836436,COc1cccc(OC)c1C1CCCC(=O)N1Cc1cccc(-c2ncc(C)s2)c1
COC1=C(C=C(C=C1)S(=O)(=O)N2CCOC23CCN(CC3F)C(=O)NC4=CC=CC=C4)OC,-0.5185139398778874,COc1ccc(S(=O)(=O)N2CCOC23CCN(C(=O)Nc2ccccc2)CC3F)cc1OC
CCOC1=C(C=CC=C1F)C2=NC(=NO2)C3CCCN3C(=O)C4=CC(=C(C=C4N5N=CC=N5)C)C,-0.0,CCOc1c(F)cccc1-c1nc(C2CCCN2C(=O)c2cc(C)c(C)cc2-n2nccn2)no1
CCC1=NC(=C2N1CCN(C2CCC3=C(C=C(C=C3)C(F)(F)F)F)C(C4=CC=CC=C4)C(=O)NC)Cl,-1.0791812460476249,CCc1nc(Cl)c2n1CCN(C(C(=O)NC)c1ccccc1)C2CCc1ccc(C(F)(F)F)cc1F
CC1=CC=CC(=C1)C2=C(N=CO2)C(=O)NC3=CN(N=C3)CCN4C=CC5=C4C=CC(=C5)OC,-2.8943160626844384,COc1ccc2c(ccn2CCn2cc(NC(=O)c3ncoc3-c3cccc(C)c3)cn2)c1
CC1=CC(=C(C=C1)N2N=CC=N2)C(=O)N3CCOCC3CC4=CC=CC(=C4)C5=CC=CS5,-2.075546961392531,Cc1ccc(-n2nccn2)c(C(=O)N2CCOCC2Cc2cccc(-c3cccs3)c2)c1
CC1=C(C=CC=C1Cl)C2=NOC(=N2)C3CCN3C(=O)C4=CC=CC=C4N5N=CC=N5,-1.869231719730976,Cc1c(Cl)cccc1-c1noc(C2CCN2C(=O)c2ccccc2-n2nccn2)n1
CC1CCC(CN1C(=O)C2=C(SC=C2)C3=NC=CC=N3)C4=NC(=C(S4)C)C(C)(C)O,-1.9395192526186185,Cc1sc(C2CCC(C)N(C(=O)c3ccsc3-c3ncccn3)C2)nc1C(C)(C)O
C1CC(C(C1)NC(=O)C2=CC=CC=C2N3N=CC=N3)NC4=NC5=C(N4)C=C(C=C5)F,-3.8260748027008256,O=C(NC1CCCC1Nc1nc2ccc(F)cc2[nH]1)c1ccccc1-n1nccn1
CC1=CC(=CC=C1)NC(=O)C2CCCN2S(=O)(=O)C3=CC=C(C=C3)OC,-1.230448921378274,COc1ccc(S(=O)(=O)N2CCCC2C(=O)Nc2cccc(C)c2)cc1
CNC1CC(N(C1=O)CC2=CC=C(C=C2)OC(F)(F)F)C3=C(C=CC=C3OC)OC,-3.76417613239033,CNC1CC(c2c(OC)cccc2OC)N(Cc2ccc(OC(F)(F)F)cc2)C1=O
CCC1=NC(=C2N1CCN(C2CCC3=CC=C(C=C3)C(F)(F)F)C(C4=CC=CC=C4)C(=O)NC)C(=O)N,-2.287801729930226,CCc1nc(C(N)=O)c2n1CCN(C(C(=O)NC)c1ccccc1)C2CCc1ccc(C(F)(F)F)cc1
CC1=CC=CC(=C1)C2=C(N=CO2)C(=O)NC3=CN(N=C3)CCC4=CNC5=C4C=C(C=C5)F,-1.9912260756924949,Cc1cccc(-c2ocnc2C(=O)Nc2cnn(CCc3c[nH]c4ccc(F)cc34)c2)c1
CCOC1=C(C=CC=C1F)C2=NOC(=N2)C3CCCN3C(=O)C4=C(C=C(C=C4)C)N5N=CC=N5,-1.568201724066995,CCOc1c(F)cccc1-c1noc(C2CCCN2C(=O)c2ccc(C)cc2-n2nccn2)n1
CC1CN(C(CO1)CC2=C(C=CC(=C2)N3N=CC=N3)F)C(=O)C4=C(C=C(C=C4)Cl)N5N=CC=N5,-1.7634279935629371,CC1CN(C(=O)c2ccc(Cl)cc2-n2nccn2)C(Cc2cc(-n3nccn3)ccc2F)CO1
CCC1=NC(=C2N1CCN(C2CCC3=CC(=C(C=C3)C(F)(F)F)F)C(C4=CC=CC=C4)C(=O)NC)Cl,-2.3560258571931225,CCc1nc(Cl)c2n1CCN(C(C(=O)NC)c1ccccc1)C2CCc1ccc(C(F)(F)F)c(F)c1
COC1=C(C(=CC=C1)OC)C2CCCC(=O)N2CC3=C(C=CC(=C3)C4=CC=CC=N4)Cl,-2.7958800173440754,COc1cccc(OC)c1C1CCCC(=O)N1Cc1cc(-c2ccccn2)ccc1Cl
CC1=C(C=C(C(=C1)C(=O)N2CCOCC2CC3=CC=CC(=C3)C4=NOC=N4)N5N=CC=N5)C,-1.3222192947339193,Cc1cc(C(=O)N2CCOCC2Cc2cccc(-c3ncon3)c2)c(-n2nccn2)cc1C
CC1=C(C=C(C(=C1)C2=NC=CC=N2)C(=O)N3CCCC3C4=NC(=NO4)C5=CC=CC=C5OC(F)(F)F)OC,-1.7481880270062005,COc1cc(C(=O)N2CCCC2c2nc(-c3ccccc3OC(F)(F)F)no2)c(-c2ncccn2)cc1C
CC1=CC(=CC(=C1)C2=NC(=NO2)C3CCCN3C(=O)C4=C(C=CC(=C4)Cl)N5N=CC=N5)OC,-1.6901960800285136,COc1cc(C)cc(-c2nc(C3CCCN3C(=O)c3cc(Cl)ccc3-n3nccn3)no2)c1
COC1=C(C(=CC=C1)OC)C2CCC(=O)N2CC3=CC4=CC=CC=C4C=C3,-2.05307844348342,COc1cccc(OC)c1C1CCC(=O)N1Cc1ccc2ccccc2c1
COC1=CC=CC(=C1)C=C2C(=O)N(C3=CC=CC=C3O2)CC(=O)NCC4CCCO4,-3.378397900948137,COc1cccc(C=C2Oc3ccccc3N(CC(=O)NCC3CCCO3)C2=O)c1
CC1=CC(=C(C=C1)N2N=CC=N2)C(=O)N3CCCC3C4=NOC(=N4)C5=NNC6=CC=CC=C65,-1.9493900066449128,Cc1ccc(-n2nccn2)c(C(=O)N2CCCC2c2noc(-c3n[nH]c4ccccc34)n2)c1
CC1=CC(=CC(=C1)NC(=O)C2CCCN2S(=O)(=O)C3=CC(=C(C=C3)OC)OC)C,-2.004321373782642,COc1ccc(S(=O)(=O)N2CCCC2C(=O)Nc2cc(C)cc(C)c2)cc1OC
CC1=CC(=C(C=C1)N2N=CC=N2)C(=O)N3CCCC3C4=NC(=NO4)C5=C(N=CC=C5)OC,-1.869231719730976,COc1ncccc1-c1noc(C2CCCN2C(=O)c2cc(C)ccc2-n2nccn2)n1
CC1=CC=CC(=C1)C2=C(N=CS2)C(=O)NC3=CN(N=C3)CCNC4=NC=C(C=N4)C,-2.981818607170664,Cc1cnc(NCCn2cc(NC(=O)c3ncsc3-c3cccc(C)c3)cn2)nc1
CC1=C(N2C=CC=CC2=C1S(=O)(=O)CC3=CC=CC=C3)CC(=O)N(C)CC4=CC=C(C=C4)F,0.0969100130080564,Cc1c(S(=O)(=O)Cc2ccccc2)c2ccccn2c1CC(=O)N(C)Cc1ccc(F)cc1
CNC(=O)C(C1=CC=CC=C1)N2CCN3C(=NC(=C3C2CCC4=C(C=C(C=C4)C(F)(F)F)F)Cl)C5CC5,-1.414973347970818,CNC(=O)C(c1ccccc1)N1CCn2c(C3CC3)nc(Cl)c2C1CCc1ccc(C(F)(F)F)cc1F
CC1=CC=CC(=C1)C2=C(N=C(S2)C)C(=O)N3C(CC4C3C4)CNC(=O)C5=C(N=C6N5C=CS6)C,-1.3802112417116061,Cc1cccc(-c2sc(C)nc2C(=O)N2C(CNC(=O)c3c(C)nc4sccn34)CC3CC32)c1
CC1CC(N(C1=O)CC2=CC=CC(=C2)C3=CC=CC=C3)C4=C(C=CN=C4OC)OC,-2.05307844348342,COc1ccnc(OC)c1C1CC(C)C(=O)N1Cc1cccc(-c2ccccc2)c1
COC1=C(C(=CC=C1)OC)C2CC(C(=O)N2CC3=CC4=C(C=C3)OC5=CC=CC=C54)O,-0.6020599913279624,COc1cccc(OC)c1C1CC(O)C(=O)N1Cc1ccc2oc3ccccc3c2c1
COC1=C(C(=CC=C1)OC)C(=O)N2CCCN(CC2)C3=NC4=C(S3)C=C(C=C4)Cl,-1.9912260756924949,COc1cccc(OC)c1C(=O)N1CCCN(c2nc3ccc(Cl)cc3s2)CC1
CC1=CC=CC(=C1)C2=C(N=CO2)C(=O)NC3=CN(N=C3)CCN4C(=NC5=CC=CC=C54)C,-2.24551266781415,Cc1cccc(-c2ocnc2C(=O)Nc2cnn(CCn3c(C)nc4ccccc43)c2)c1
CC1=C(C=C(C=C1)CC2COCCN2C(=O)C3=CC=CC=C3N4N=CC=N4)C5=NC=CC=N5,-3.4159744113765664,Cc1ccc(CC2COCCN2C(=O)c2ccccc2-n2nccn2)cc1-c1ncccn1
COC1=C(C=CC(=C1)F)C2CC(C(=O)N2CC3=CC=C(C=C3)OC(F)(F)F)O,-3.3443922736851106,COc1cc(F)ccc1C1CC(O)C(=O)N1Cc1ccc(OC(F)(F)F)cc1
CC1=C(C=C(C=C1)CC2COCCN2C(=O)C3=CC(=C(C=C3N4N=CC=N4)C)C)C5=NOC=N5,-1.1139433523068367,Cc1cc(C(=O)N2CCOCC2Cc2ccc(C)c(-c3ncon3)c2)c(-n2nccn2)cc1C
C1CC(N(C1)C(=O)C2=C(OC=N2)C3=CC=CC=C3)C4=NC(=NN4)C5=CC=CC=C5OC(F)(F)F,-3.4771212547196626,O=C(c1ncoc1-c1ccccc1)N1CCCC1c1nc(-c2ccccc2OC(F)(F)F)n[nH]1
CC1=CC=CC(=C1)C2=C(N=CO2)C(=O)NC3=CN(N=C3)CCN4C=CC5=C4C(=CC=C5)F,-2.255272505103306,Cc1cccc(-c2ocnc2C(=O)Nc2cnn(CCn3ccc4cccc(F)c43)c2)c1
CC1=CC=CC(=C1)C2=C(N=CS2)C(=O)NC3=CN(N=C3)CCNC4=NC5=CC=CC=C5O4,-2.374748346010104,Cc1cccc(-c2scnc2C(=O)Nc2cnn(CCNc3nc4ccccc4o3)c2)c1
COC1=C(C=C(C(=C1)C(=O)N2CCCC2C3=NC(=NN3)C4=C(C(=CC=C4)Cl)OC)N5N=CC=N5)Cl,-0.0,COc1cc(C(=O)N2CCCC2c2nc(-c3cccc(Cl)c3OC)n[nH]2)c(-n2nccn2)cc1Cl
CC1=C(C=C(C(=C1)C(=O)N2CCOCC2CC3=CC(=CC=C3)N4N=CC=N4)N5N=CC=N5)C,-1.3979400086720375,Cc1cc(C(=O)N2CCOCC2Cc2cccc(-n3nccn3)c2)c(-n2nccn2)cc1C
COC1=C(C=C2CN(CCC2=C1)C(=O)C(CC3=CC=CC=C3)NC(=O)C4=CC(=CC(=C4)Cl)Cl)OC,-1.5563025007672873,COc1cc2c(cc1OC)CN(C(=O)C(Cc1ccccc1)NC(=O)c1cc(Cl)cc(Cl)c1)CC2
CC1=CC=CC(=C1N2N=CC=N2)C(=O)N3CCOCC3CC4=C(C=CC(=C4)C5=NC=CC=N5)F,-3.4132997640812524,Cc1cccc(C(=O)N2CCOCC2Cc2cc(-c3ncccn3)ccc2F)c1-n1nccn1
CCC1=CC=CC=C1C2=NC(=NO2)C3CCCN3C(=O)C4=CC(=C(C=C4N5N=CC=N5)Cl)OC,-0.4771212547196624,CCc1ccccc1-c1nc(C2CCCN2C(=O)c2cc(OC)c(Cl)cc2-n2nccn2)no1
CCCOC1=CC=CC=C1C2=NOC(=N2)C3CCCN3C(=O)C4=C(C=CC(=C4)C)N5N=CC=N5,-2.096910013008056,CCCOc1ccccc1-c1noc(C2CCCN2C(=O)c2cc(C)ccc2-n2nccn2)n1
CCC1=CC2=C(C=C1)OCC(N(C2C)C(=O)C3=CC=C(C=C3)Cl)C,-2.204119982655925,CCc1ccc2c(c1)C(C)N(C(=O)c1ccc(Cl)cc1)C(C)CO2
COC1=C(C(=CC=C1)OC)C2CCCC(=O)N2CC3=CC=CC=C3OC4=CC=CC=C4,-1.6989700043360187,COc1cccc(OC)c1C1CCCC(=O)N1Cc1ccccc1Oc1ccccc1
CN(C1CCCC1NC2=NC3=C(S2)C=C(C=C3)F)C(=O)C4=CC=CC=C4Cl,-3.3802112417116064,CN(C(=O)c1ccccc1Cl)C1CCCC1Nc1nc2ccc(F)cc2s1
CN(C(C1=CC=CC=C1)C2=CC=CC=C2)C(=O)CSC3=NC(=CN3N)C4=CC=CC=C4,-3.6812412373755863,CN(C(=O)CSc1nc(-c2ccccc2)cn1N)C(c1ccccc1)c1ccccc1
CC1=NOC(=N1)C2=CC=CC=C2C(=O)N(C)C3CCCC3NC4=NC5=C(S4)C=C(C=C5)F,-3.0791812460476247,Cc1noc(-c2ccccc2C(=O)N(C)C2CCCC2Nc2nc3ccc(F)cc3s2)n1
CC1CC(N(C1=O)CC2=CC3=C(C=C2)NC=C3)C4=C(C=CC=C4OC)OC,-3.2504200023088936,COc1cccc(OC)c1C1CC(C)C(=O)N1Cc1ccc2[nH]ccc2c1
CCC1=NC(=C2N1CCN(C2CCC3=CC(=C(C=C3F)C(F)(F)F)F)C(C4=CC=CC=C4)C(=O)NC)Cl,-1.230448921378274,CCc1nc(Cl)c2n1CCN(C(C(=O)NC)c1ccccc1)C2CCc1cc(F)c(C(F)(F)F)cc1F
CCC1=CC=CC=C1C2=NC(=NO2)C3CCCN3C(=O)C4=CC(=C(C=C4N5N=CC=N5)C)C,-0.4771212547196624,CCc1ccccc1-c1nc(C2CCCN2C(=O)c2cc(C)c(C)cc2-n2nccn2)no1
CC1=CC(=C(C=C1)N2N=CC=N2)C(=O)N3CCCC3C4=NN=C(O4)C5=C(C(=CC=C5)F)C,-1.9030899869919435,Cc1ccc(-n2nccn2)c(C(=O)N2CCCC2c2nnc(-c3cccc(F)c3C)o2)c1
CC1=C(C=C(C(=C1)C2=NC=CC=N2)C(=O)N3CCC3C4=NOC(=N4)C5=C(C(=CC=C5)Cl)C)OC,-0.6989700043360189,COc1cc(C(=O)N2CCC2c2noc(-c3cccc(Cl)c3C)n2)c(-c2ncccn2)cc1C
CC1=C(C=CC=C1Cl)C2=NNC(=N2)C3(CCCN3C(=O)C4=C(C=CC(=C4)Cl)N5N=CC=N5)C,-1.5314789170422551,Cc1c(Cl)cccc1-c1n[nH]c(C2(C)CCCN2C(=O)c2cc(Cl)ccc2-n2nccn2)n1
CCOC1=C(C=CC=N1)C2=NOC(=N2)C3CCCN3C(=O)C4=C(C=CC(=C4)C)C5=NC=CO5,-0.7781512503836436,CCOc1ncccc1-c1noc(C2CCCN2C(=O)c2cc(C)ccc2-c2ncco2)n1
CCC1=NC(=C2N1CCN(C2CCC3=CC=C(C=C3)C#N)C(C4=CC=CC=C4)C(=O)NC)Cl,-1.2041199826559248,CCc1nc(Cl)c2n1CCN(C(C(=O)NC)c1ccccc1)C2CCc1ccc(C#N)cc1
CC1CCC(CN1C(=O)C2=CC=CC=C2N3N=CC=N3)OC4=C5C=CC=C(C5=NC=C4)F,-1.2552725051033058,CC1CCC(Oc2ccnc3c(F)cccc23)CN1C(=O)c1ccccc1-n1nccn1
COC1=C(C(=CC=C1)OC)C2COC(=O)N2CC3=CC=C(C=C3)OC(F)(F)F,-2.8870543780509568,COc1cccc(OC)c1C1COC(=O)N1Cc1ccc(OC(F)(F)F)cc1
CC1=C(C=C(C(=C1)C2=NC=CC=N2)C(=O)N3CCCC3C4=NC(=NO4)C5=C(C(=CC=C5)F)OC)OC,-0.7781512503836436,COc1cc(C(=O)N2CCCC2c2nc(-c3cccc(F)c3OC)no2)c(-c2ncccn2)cc1C
CC1CCC(CN1C(=O)C2=C(CCC2)C3=CC=CC=N3)OC4=NC=CC(=C4C)C#N,-1.7708520116421442,Cc1c(C#N)ccnc1OC1CCC(C)N(C(=O)C2=C(c3ccccn3)CCC2)C1
COC1=CC=C(C=C1)S(=O)(=O)N2CCCC2C(=O)NC3=CC(=CC(=C3)C(F)(F)F)C(F)(F)F,-1.8325089127062364,COc1ccc(S(=O)(=O)N2CCCC2C(=O)Nc2cc(C(F)(F)F)cc(C(F)(F)F)c2)cc1
CC1CCC(CN1C(=O)C2=C(C=C(C=C2)OC)N3N=CC=N3)OC4=NC=CC(=C4C)C#N,-1.1139433523068367,COc1ccc(C(=O)N2CC(Oc3nccc(C#N)c3C)CCC2C)c(-n2nccn2)c1
CC1=CC=CC(=C1)C2=C(N=CO2)C(=O)N3CCC3C4=NC(=NO4)C5=CC=CC=C5OC(F)(F)F,-2.4842998393467863,Cc1cccc(-c2ocnc2C(=O)N2CCC2c2nc(-c3ccccc3OC(F)(F)F)no2)c1
COC1=C(C(=CC=C1)OC)C2CCC(=O)N2CC3=CC=C(C=C3)OC4=NC=CS4,-2.3283796034387376,COc1cccc(OC)c1C1CCC(=O)N1Cc1ccc(Oc2nccs2)cc1
CCOC1=CC=CC(=C1C2CC(C(=O)N2CC3=CC=CC(=C3)C4=CC=CC=C4)(F)F)OC,-1.7993405494535817,CCOc1cccc(OC)c1C1CC(F)(F)C(=O)N1Cc1cccc(-c2ccccc2)c1
C1CC(CN(C1)CC2=NC3=C(C=C2)C=C(C=C3)F)(CC4=CC(=CC=C4)Cl)CO,-3.8260748027008256,OCC1(Cc2cccc(Cl)c2)CCCN(Cc2ccc3cc(F)ccc3n2)C1
CCOC1=CC=CC=C1C2CC(C(=O)N2CC3=CC=C(C=C3)OC(F)(F)F)O,-2.230448921378274,CCOc1ccccc1C1CC(O)C(=O)N1Cc1ccc(OC(F)(F)F)cc1
COC1=CC(=C(C=C1)N2N=CC=N2)C(=O)N3CCCC3C4=NC(=NO4)C5=CC=CC=C5Cl,-2.167317334748176,COc1ccc(-n2nccn2)c(C(=O)N2CCCC2c2nc(-c3ccccc3Cl)no2)c1
COC1=CC(=C(C=C1)C(=O)N2CCCC2C3=NC(=NO3)C4=CC=CC=C4OC(F)(F)F)N5N=CC=N5,-1.9542425094393248,COc1ccc(C(=O)N2CCCC2c2nc(-c3ccccc3OC(F)(F)F)no2)c(-n2nccn2)c1
CNC(=O)C(C1=CC=CC=C1)N2CCN3C(=NC(=C3C2CCC4=CC(=C(C=C4)OC(F)F)F)Cl)C5CC5,-0.3010299956639812,CNC(=O)C(c1ccccc1)N1CCn2c(C3CC3)nc(Cl)c2C1CCc1ccc(OC(F)F)c(F)c1
COC1=C(C=C(C(=C1)C(=O)N2CCC2C3=NOC(=N3)C4=C(C(=CC=C4)Cl)OC)N5N=CC=N5)Cl,-0.0,COc1cc(C(=O)N2CCC2c2noc(-c3cccc(Cl)c3OC)n2)c(-n2nccn2)cc1Cl
COC1=C(C(=CC=C1)F)C2CC(C(=O)N2CC3=CC=C(C=C3)OC(F)(F)F)Cl,-1.9822712330395684,COc1cccc(F)c1C1CC(Cl)C(=O)N1Cc1ccc(OC(F)(F)F)cc1
CC1=C(C=C(C(=C1)N2N=CC=N2)C(=O)N3CCC3C4=NOC(=N4)C5=C(C(=CC=C5)F)OC)OC,0.2218487496163564,COc1cc(C(=O)N2CCC2c2noc(-c3cccc(F)c3OC)n2)c(-n2nccn2)cc1C
COC1=C(C(=CC=C1)OC)C(=O)NC2CCCC2NC3=NC4=CC=CC=C4S3,-2.7075701760979363,COc1cccc(OC)c1C(=O)NC1CCCC1Nc1nc2ccccc2s1
CC1=CC=CC(=C1)C2=C(N=CO2)C(=O)NC3=CN(N=C3)CCCN4C=CC5=CC=CC=C54,-2.589949601325708,Cc1cccc(-c2ocnc2C(=O)Nc2cnn(CCCn3ccc4ccccc43)c2)c1
CC1=CC=CC(=C1)C2=C(N=CO2)C(=O)NC3=CN(C=N3)CCNC4=NC(=CC(=N4)OC)OC,-1.8750612633917,COc1cc(OC)nc(NCCn2cnc(NC(=O)c3ncoc3-c3cccc(C)c3)c2)n1
CC1=C(C=C(C=C1)C2=C(N=CO2)C(=O)NC3=CN(N=C3)CCNC4=NC(=CC(=N4)OC)OC)OC,-2.376576957056512,COc1cc(OC)nc(NCCn2cc(NC(=O)c3ncoc3-c3ccc(C)c(OC)c3)cn2)n1
CC1CCN(CCN1C(=O)C2=CC=CC=C2N3N=CC=N3)C4=NC(=C5C=CSC5=N4)N,-1.5440680443502757,CC1CCN(c2nc(N)c3ccsc3n2)CCN1C(=O)c1ccccc1-n1nccn1
C1CC(C(C1)NC(=O)C2=C(C=CC(=C2)Cl)N3C=CC=N3)NC4=NC5=C(S4)C=C(C=C5)F,-3.322219294733919,O=C(NC1CCCC1Nc1nc2ccc(F)cc2s1)c1cc(Cl)ccc1-n1cccn1
CCC1=C(C=CC=N1)C2=NOC(=N2)C3CCCN3C(=O)C4=C(C=CC(=C4)C)N5N=CC=N5,-1.9867717342662448,CCc1ncccc1-c1noc(C2CCCN2C(=O)c2cc(C)ccc2-n2nccn2)n1
C1COCC(N1C(=O)C2=CC=CC=C2N3N=CC=N3)CC4=CC=CC(=C4)C5=NOC=N5,-2.904715545278681,O=C(c1ccccc1-n1nccn1)N1CCOCC1Cc1cccc(-c2ncon2)c1
COC1=C(C(=NC=C1)OC)C2CCCC(=O)N2CC3=CSC(=N3)C4=CC=CC=C4,-0.7781512503836436,COc1ccnc(OC)c1C1CCCC(=O)N1Cc1csc(-c2ccccc2)n1
CC1=C(C=CC=C1F)C2=NC(=NO2)C3CCCN3C(=O)C4=CC=CC=C4N5N=CC=N5,-1.230448921378274,Cc1c(F)cccc1-c1nc(C2CCCN2C(=O)c2ccccc2-n2nccn2)no1
CC1=C(C=C(C=C1)CC2C3=CC(=C(C=C3CCN2CC(=O)NC4CCC5=CC=CC=C45)OC)OC)C,-3.6230424342463823,COc1cc2c(cc1OC)C(Cc1ccc(C)c(C)c1)N(CC(=O)NC1CCc3ccccc31)CC2
COC1=CC(=C(C=C1)C(=O)N2CCOCC2CC3=C(C=CC(=C3)N4N=CC=N4)F)N5N=CC=N5,-3.0788191830988487,COc1ccc(C(=O)N2CCOCC2Cc2cc(-n3nccn3)ccc2F)c(-n2nccn2)c1
COC1=C(C(=CC=C1)OC)C2CCCC(=O)N2CC3=CC(=CC(=C3)C4=CC=CC=N4)Cl,-1.041392685158225,COc1cccc(OC)c1C1CCCC(=O)N1Cc1cc(Cl)cc(-c2ccccn2)c1
CC1=CC(=C(C=C1)N2N=CC=N2)C(=O)N3CCOCC3CC4=CC=CC(=C4)C5=CC=CC=N5,-3.0128372247051716,Cc1ccc(-n2nccn2)c(C(=O)N2CCOCC2Cc2cccc(-c3ccccn3)c2)c1
CCOC1=C(C(=CC=C1)F)C2CC(C(=O)N2CC3=CC4=CC=CC=C4N=C3)C,-2.8388490907372548,CCOc1cccc(F)c1C1CC(C)C(=O)N1Cc1cnc2ccccc2c1
CC1=CC(=C(C=C1)C(=O)N2CCOCC2CC3=CC(=CC=C3)N4C=CC=N4)N5N=CC=N5,-2.502427119984433,Cc1ccc(C(=O)N2CCOCC2Cc2cccc(-n3cccn3)c2)c(-n2nccn2)c1
COC1=C(C(=CC=C1)OC)C(=O)NC2CCCC2NC3=NC4=C(S3)C=C(C=C4)F,-3.880813592280792,COc1cccc(OC)c1C(=O)NC1CCCC1Nc1nc2ccc(F)cc2s1
CN1C2=CC=CC=C2C=C1CN3C(CCCC3=O)C4=C(C=CC=C4OC)OC,-1.6127838567197357,COc1cccc(OC)c1C1CCCC(=O)N1Cc1cc2ccccc2n1C
C1CN(C(CC1F)CNC(=O)C2=CC=CC3=C2N=CC=C3)C(=O)C4=CC=CC=C4C5=CC=CC=C5,-2.733197265106569,O=C(NCC1CC(F)CCN1C(=O)c1ccccc1-c1ccccc1)c1cccc2cccnc12
CN(C)C1CC(N(C1=O)CC2=CC=C(C=C2)OC(F)(F)F)C3=C(C=CC=C3OC)OC,-3.9190780923760737,COc1cccc(OC)c1C1CC(N(C)C)C(=O)N1Cc1ccc(OC(F)(F)F)cc1
CC1=NC2=C(O1)C=CC(=C2)CN3C(CCCC3=O)C4=C(C=CC=C4OC)OC,-2.3483048630481607,COc1cccc(OC)c1C1CCCC(=O)N1Cc1ccc2oc(C)nc2c1
COC1=C(C(=NC=C1)OC)C2CCCC(=O)N2CC3=CC=CC(=C3)C4=CC=CC=N4,-1.977723605288848,COc1ccnc(OC)c1C1CCCC(=O)N1Cc1cccc(-c2ccccn2)c1
C1CC(N(C1)C(=O)C2=CC=CC=C2C3=NC=CO3)C4=NC(=NO4)C5=CC=CC=C5OC(F)(F)F,-1.4771212547196624,O=C(c1ccccc1-c1ncco1)N1CCCC1c1nc(-c2ccccc2OC(F)(F)F)no1
CC1CCC(CN1C(=O)C2=CC=CC=C2C3=NC=CS3)OC4=NC=CC(=C4C)C#N,-0.9030899869919436,Cc1c(C#N)ccnc1OC1CCC(C)N(C(=O)c2ccccc2-c2nccs2)C1
C1CC(C(C1)NC(=O)C2=CC=CC=C2N3C=CC=N3)NC4=NC5=C(S4)C=C(C=C5)F,-3.6334684555795866,O=C(NC1CCCC1Nc1nc2ccc(F)cc2s1)c1ccccc1-n1cccn1
C1=CC=C2C(=C1)C(=O)N(S2)C3=CC(=CC=C3)S(=O)(=O)NC4=CC=CC=C4C(=O)O,-3.709693869727792,O=C(O)c1ccccc1NS(=O)(=O)c1cccc(-n2sc3ccccc3c2=O)c1
CC1=NC(=C(S1)C2=CC(=CC=C2)Cl)C(=O)N3CCCC3C4=CC(=NO4)C5=CC=CC=C5,-2.8555191556678,Cc1nc(C(=O)N2CCCC2c2cc(-c3ccccc3)no2)c(-c2cccc(Cl)c2)s1
CC1=CC(=C(C=C1)N2N=CC=N2)C(=O)N3CCCC3C4=NN=C(O4)C5=CC=CC=C5OC(F)(F)F,-2.071882007306125,Cc1ccc(-n2nccn2)c(C(=O)N2CCCC2c2nnc(-c3ccccc3OC(F)(F)F)o2)c1
COC1=C(C(=CC=C1)OC)C2CCCCC(=O)N2CC3=CC(=CC=C3)OC4=CC=CC=C4,-1.9912260756924949,COc1cccc(OC)c1C1CCCCC(=O)N1Cc1cccc(Oc2ccccc2)c1
CC1=NC(=C2N1CCN(C2CCC3=CC=C(C=C3)C(F)(F)F)C(C4=CC=CC=C4)C(=O)NC)Cl,-1.1139433523068367,CNC(=O)C(c1ccccc1)N1CCn2c(C)nc(Cl)c2C1CCc1ccc(C(F)(F)F)cc1
CC1CC(N(C1=O)CC2=CC(=C(C=C2)OC)OC(F)(F)F)C3=C(C=CC=C3OC)OC,-2.710117365111816,COc1ccc(CN2C(=O)C(C)CC2c2c(OC)cccc2OC)cc1OC(F)(F)F
CCOC1=CC=CC=C1C2CCC(=O)N2CC3=CC=C(C=C3)OC(F)(F)F,-2.380211241711606,CCOc1ccccc1C1CCC(=O)N1Cc1ccc(OC(F)(F)F)cc1
CC1CN(C(CO1)CC2=CC(=CC=C2)N3N=CC=N3)C(=O)C4=C(C(=C(C=C4)C)C)N5N=CC=N5,-3.087426457036285,Cc1ccc(C(=O)N2CC(C)OCC2Cc2cccc(-n3nccn3)c2)c(-n2nccn2)c1C
CCOC1=C(C=CC=N1)C2=NC(=NO2)C3CCCN3C(=O)C4=C(C=C(C=C4)Cl)N5N=CC=N5,-1.0,CCOc1ncccc1-c1nc(C2CCCN2C(=O)c2ccc(Cl)cc2-n2nccn2)no1
COC1=C(C(=CC=C1)OC)C2CCCC(=O)N2CC3=C(C=CC(=C3)C4=CC=CC=N4)F,-2.8426092396105616,COc1cccc(OC)c1C1CCCC(=O)N1Cc1cc(-c2ccccn2)ccc1F
CC1CCC(CN1C(=O)C2=C(C=NS2)C3=CC=CC=C3)OC4=NC=CC(=C4C)C#N,-1.9493900066449128,Cc1c(C#N)ccnc1OC1CCC(C)N(C(=O)c2sncc2-c2ccccc2)C1
CC1=CC(=C(C=C1)N2N=CC=N2)C(=O)N3CCCC3C4=NN=C(O4)C5=CC=CC=C5,-3.1492191126553797,Cc1ccc(-n2nccn2)c(C(=O)N2CCCC2c2nnc(-c3ccccc3)o2)c1
CC1CCC(CN1C(=O)C2=C(C=CC(=C2)C)N3N=CC=N3)CCC4=NC=C(C=C4)F,-2.1613680022349753,Cc1ccc(-n2nccn2)c(C(=O)N2CC(CCc3ccc(F)cn3)CCC2C)c1
CSC1=CC=CC(=C1)NC(=O)C2CCCN2S(=O)(=O)C3=CC(=C(C=C3)Cl)Cl,-0.3010299956639812,CSc1cccc(NC(=O)C2CCCN2S(=O)(=O)c2ccc(Cl)c(Cl)c2)c1
CC1=NC2=C(O1)C(=C(C=C2)OC)C3CCCC(=O)N3CC4=CC=CC(=C4)C5=CC=CC=C5,-1.9637878273455556,COc1ccc2nc(C)oc2c1C1CCCC(=O)N1Cc1cccc(-c2ccccc2)c1
CCN(CC)C(=O)CN(C1=CC=C(C=C1)C)S(=O)(=O)C2=CC=C(C=C2)C#N,-3.074450718954591,CCN(CC)C(=O)CN(c1ccc(C)cc1)S(=O)(=O)c1ccc(C#N)cc1
CCOC1=C(C(=CC=C1)F)C2CC(C(=O)N2CC3=CC(=CC=C3)OC(F)(F)F)C,-1.2787536009528289,CCOc1cccc(F)c1C1CC(C)C(=O)N1Cc1cccc(OC(F)(F)F)c1
CCN(CC)C(=O)CN(C1=CC=C(C=C1)C)S(=O)(=O)C2=CC=CC=C2Cl,-2.903089986991944,CCN(CC)C(=O)CN(c1ccc(C)cc1)S(=O)(=O)c1ccccc1Cl
CC1=CC(=C(C=C1)N2N=CC=N2)C(=O)N3CCCC3C4=NC(=NO4)C5=C(C(=CC=C5)OC)OC,-1.6720978579357175,COc1cccc(-c2noc(C3CCCN3C(=O)c3cc(C)ccc3-n3nccn3)n2)c1OC
COC1=C(C=C(C=C1)F)C(=O)NC2CCCC2NC3=NC4=C(S3)C=C(C=C4)F,-3.5185139398778875,COc1ccc(F)cc1C(=O)NC1CCCC1Nc1nc2ccc(F)cc2s1
COC1=CC=C(C=C1)S(=O)(=O)N2CCCC2C(=O)NC3=CC(=C(C=C3)Cl)Cl,-1.7634279935629371,COc1ccc(S(=O)(=O)N2CCCC2C(=O)Nc2ccc(Cl)c(Cl)c2)cc1
CCOC1=C(C=CC=N1)C2=NC(=NO2)C3CCCN3C(=O)C4=C(C=CC(=C4)Cl)N5N=CC=N5,-0.3010299956639812,CCOc1ncccc1-c1nc(C2CCCN2C(=O)c2cc(Cl)ccc2-n2nccn2)no1
CC1CCC(CN1C(=O)C2=C(SC=C2)C3=NC=CC=N3)OC4=NC=CC(=C4C)C#N,-1.462397997898956,Cc1c(C#N)ccnc1OC1CCC(C)N(C(=O)c2ccsc2-c2ncccn2)C1
CC1CCC(CN1C(=O)C2=CC=CC=C2N3N=CC=N3)OC4=NC=C(C(=C4)C(=O)OC)Br,-1.7283537820212285,COC(=O)c1cc(OC2CCC(C)N(C(=O)c3ccccc3-n3nccn3)C2)ncc1Br
COC1=C(C(=CC=C1)OC)C2CCCC(=O)N2CC3=CN=C(C=C3)OC4=CC=CC=C4,-1.4623979978989559,COc1cccc(OC)c1C1CCCC(=O)N1Cc1ccc(Oc2ccccc2)nc1
CCN1C=C(C2=CC=CC=C21)C(=O)N3CCCCC3CC4=CC(=C(C=C4)OC)OC,-2.008600171761917,CCn1cc(C(=O)N2CCCCC2Cc2ccc(OC)c(OC)c2)c2ccccc21
CC1=CN=CC(=C1)C2=NC=C(C(=C2)C(=O)NCC3=NC(=C(C=C3)OC)OC)C4=CN=NC=C4,-3.1613680022349753,COc1ccc(CNC(=O)c2cc(-c3cncc(C)c3)ncc2-c2ccnnc2)nc1OC
