,UniProt ID,InChI Key,canonical_smiles,Isomeric_smiles,Parameter,Value,Unit,Database Source,Database Target ID,Database Ligand ID,Reference
0,P21554,MQJXJQTUPITOHG-PABFRNLHSA-N,CC(CO)NC(=O)CCCC(=O)C=CC1=CC2=CC=CC=C2C=C1,C[C@@H](CO)NC(=O)CCCC(=O)/C=C/C1=CC2=CC=CC=C2C=C1,IC50,>10000,nM,ChEMBL,CHEMBL218,CHEMBL1288237,21074998
1,P21554,CYUYYNRZPYLZJQ-UHFFFAOYSA-N,CN1C(=C(N=C1C(=O)N2CCCCC2)C3=CC=CC=C3)C4=CC=CC=C4,CN1C(=C(N=C1C(=O)N2CCCCC2)C3=CC=CC=C3)C4=CC=CC=C4,IC50,19000,nM,BindingDB,,50161564,15713403
2,P21554,FPQJLICZRNPCHF-UHFFFAOYSA-N,CN=C(NS(=O)(=O)C1=CC=C(C=C1)OCC(=O)O)N2CC(C(=N2)C3=CC=C(C=C3)Cl)C4=CC=CC=C4,CN=C(NS(=O)(=O)C1=CC=C(C=C1)OCC(=O)O)N2CC(C(=N2)C3=CC=C(C=C3)Cl)C4=CC=CC=C4,IC50,>5000,nM,BindingDB,,50392312,22959249
3,P21554,RNUAGWKZGMVYTO-UHFFFAOYSA-N,C1COCCC1CNC(=O)C2=C(C=CC=N2)NC(=O)C3=C4C(=CC=C3)N=CC=N4,C1COCCC1CNC(=O)C2=C(C=CC=N2)NC(=O)C3=C4C(=CC=C3)N=CC=N4,IC50,>9900,nM,BindingDB,,50424483,23227781
4,P21554,YYEGAEPGUIRMIU-DEOSSOPVSA-N,C1CCCC2=C(CC1)C=C(C(=O)N2CC3CCCCC3)C(=O)NC(C4CCCCC4)C(=O)O,C1CCCC2=C(CC1)C=C(C(=O)N2CC3CCCCC3)C(=O)N[C@@H](C4CCCCC4)C(=O)O,IC50,>2000,nM,BindingDB,,50380886,22421019
5,P21554,WYOGKBISHJDQGY-UHFFFAOYSA-N,CS(=O)(=O)CC1=CC=C(C2=CC=CC=C12)C(=O)NC3=C(N=CC=C3)C(=O)NCC4CCC4,CS(=O)(=O)CC1=CC=C(C2=CC=CC=C12)C(=O)NC3=C(N=CC=C3)C(=O)NCC4CCC4,IC50,240000,nM,BindingDB,,50424492,23227781
6,P21554,IFOCTOUIVAZJJR-XQBPLPMBSA-N,C1CCC2C(C1)C(CCN2C(=O)C3=CN=C(C=C3)OCC(F)(F)F)(C4=CC=CC=C4)O,C1CC[C@H]2[C@@H](C1)[C@@](CCN2C(=O)C3=CN=C(C=C3)OCC(F)(F)F)(C4=CC=CC=C4)O,IC50,>17000,nM,ChEMBL,CHEMBL218,CHEMBL1765268,21420857
7,P21554,FSAROWUSNSOSHA-IFXJQAMLSA-N,CC(C(CC1=CC=C(C=C1)Cl)C2=CC=CC(=C2)C#N)N(C)S(=O)(=O)C,C[C@@H]([C@@H](CC1=CC=C(C=C1)Cl)C2=CC=CC(=C2)C#N)N(C)S(=O)(=O)C,IC50,>2000,nM,ChEMBL,CHEMBL218,CHEMBL230067,17293109
8,P21554,HIQCZDGSCMKKFM-UHFFFAOYSA-N,CN(C)CC1=CC=C(C2=CC=CC=C12)C(=O)NC3=C(N=CC=C3)C(=O)NCC4CCC4,CN(C)CC1=CC=C(C2=CC=CC=C12)C(=O)NC3=C(N=CC=C3)C(=O)NCC4CCC4,IC50,41000,nM,BindingDB,,50424463,23227781
9,P21554,ZDPDDZLEKZATLZ-UHFFFAOYSA-N,C1=CC=C2C(=C1)C=CC=C2C(=O)C3=CSC4=CC=CC=C43,C1=CC=C2C(=C1)C=CC=C2C(=O)C3=CSC4=CC=CC=C43,IC50,>10000,nM,ChEMBL,CHEMBL218,CHEMBL3898407,27560280
10,P21554,DEARTAGYOFLSII-SBRBTQSLSA-N,CC1CCN(CC1)CC2=C(N=NN2C3=NON=C3N)C(=O)NN=CC(=CC4=CC=CC=C4)C,CC1CCN(CC1)CC2=C(N=NN2C3=NON=C3N)C(=O)NN=C/C(=C\C4=CC=CC=C4)/C,IC50,>32000,nM,ChEMBL,CHEMBL218,CHEMBL1446359,PubChem BioAssay data set
11,P21554,QHJVXQPKZAGEEA-UHFFFAOYSA-N,CCCCCCC1=C(C=C(C=C1)OCCCCCCCCCCC(=O)NCCC2=CC(=C(C=C2)O)O)O,CCCCCCC1=C(C=C(C=C1)OCCCCCCCCCCC(=O)NCCC2=CC(=C(C=C2)O)O)O,IC50,>10000,nM,BindingDB,,50215236,17561406
12,P21554,ZKBCBIRBLMTSPC-ZAJAATJQSA-N,CC=CC=CC=CC1=C(C=C(C(=C1C=O)O)CC=C(C)C)O,C/C=C/C=C/C=C/C1=C(C=C(C(=C1C=O)O)CC=C(C)C)O,IC50,15200,nM,ChEMBL,CHEMBL218,CHEMBL1813666,21667972
13,P21554,AVNHLPCVJAOWMG-UHFFFAOYSA-N,C1COCCC1CNS(=O)(=O)C2=C(C=C(C=C2)NC3=C(C=C(C=C3)Cl)Cl)C(F)(F)F,C1COCCC1CNS(=O)(=O)C2=C(C=C(C=C2)NC3=C(C=C(C=C3)Cl)Cl)C(F)(F)F,IC50,13810,nM,ChEMBL,CHEMBL218,CHEMBL3969620,None
14,P21554,HIEVSAGIEPLFDB-UHFFFAOYSA-N,C1C(CN1C(=O)CC2=CC=C(C=C2)C(F)(F)F)NS(=O)(=O)C3=CC(=CC(=C3)C(F)(F)F)C(F)(F)F,C1C(CN1C(=O)CC2=CC=C(C=C2)C(F)(F)F)NS(=O)(=O)C3=CC(=CC(=C3)C(F)(F)F)C(F)(F)F,IC50,>10000,nM,ChEMBL,CHEMBL218,CHEMBL521596,19320488
15,P21554,BZRLSZPXWKJEHX-UHFFFAOYSA-N,CC1=CC(=C(C=C1)C2=NC3=CC=CC=C3C(=C2)C(=O)NC4=CC=C(C=C4)S(=O)(=O)NC5=NC=CS5)C,CC1=CC(=C(C=C1)C2=NC3=CC=CC=C3C(=C2)C(=O)NC4=CC=C(C=C4)S(=O)(=O)NC5=NC=CS5)C,IC50,10200,nM,ChEMBL,CHEMBL218,CHEMBL1382214,PubChem BioAssay data set
16,P21554,CPIGXCGOUUAVFD-UHFFFAOYSA-N,CN=C(NS(=O)(=O)C1=CC=C(C=C1)C(=O)NO)N2CC(C(=N2)C3=CC=C(C=C3)Cl)C4=CC=CC=C4,CN=C(NS(=O)(=O)C1=CC=C(C=C1)C(=O)NO)N2CC(C(=N2)C3=CC=C(C=C3)Cl)C4=CC=CC=C4,IC50,>5000,nM,ChEMBL,CHEMBL218,CHEMBL2153651,22959249
17,P21554,MPSFAQUHJKNCCE-UHFFFAOYSA-N,CC1=C(C=CO1)C(=O)NC2=CC=C(C=C2)OCC3=CC=CC=C3,CC1=C(C=CO1)C(=O)NC2=CC=C(C=C2)OCC3=CC=CC=C3,IC50,>32000,nM,ChEMBL,CHEMBL218,CHEMBL1569918,PubChem BioAssay data set
18,P21554,HGAVVRICQYZBRK-UHFFFAOYSA-N,CC(C)(C)C1=NC2=CC=CC=C2N1C(=O)C3=CC=C(C=C3)OC,CC(C)(C)C1=NC2=CC=CC=C2N1C(=O)C3=CC=C(C=C3)OC,IC50,>10000,nM,ChEMBL,CHEMBL218,CHEMBL3898882,27560280
19,P21554,VFEXIBDWVDEXRE-CYBMUJFWSA-N,CC(C)(C)C(C(=O)N)NC(=O)N1C2=CC=CC=C2N(C1=O)CC(C)(C)O,CC(C)(C)[C@@H](C(=O)N)NC(=O)N1C2=CC=CC=C2N(C1=O)CC(C)(C)O,IC50,>10000,nM,ChEMBL,CHEMBL218,CHEMBL523415,18440813
20,P21554,GHCQHKJDEOAEFX-UHFFFAOYSA-N,COC1=NC(=C(C=C1)NC(=O)C2=CC=NC3=CC=CC=C23)C(=O)NCC4CCC4,COC1=NC(=C(C=C1)NC(=O)C2=CC=NC3=CC=CC=C23)C(=O)NCC4CCC4,IC50,15000,nM,BindingDB,,50424465,23227781
21,P21554,YUNYXRWJEBHDLA-UHFFFAOYSA-N,C1CN(CCN1C(C2=CC=CC=C2)C3=C(C=C(C=C3)Cl)Cl)C(=O)N4CCOCC4,C1CN(CCN1C(C2=CC=CC=C2)C3=C(C=C(C=C3)Cl)Cl)C(=O)N4CCOCC4,IC50,>10000,nM,ChEMBL,CHEMBL218,CHEMBL1089717,20047779
22,P21554,GKNXJUJJBXPUBJ-UHFFFAOYSA-N,CN(C)S(=O)(=O)C1=CC(=C(C=C1)Cl)C(=O)N2CCN(CC2)C3=CC=C(C=C3)[N+](=O)[O-],CN(C)S(=O)(=O)C1=CC(=C(C=C1)Cl)C(=O)N2CCN(CC2)C3=CC=C(C=C3)[N+](=O)[O-],IC50,>32000,nM,ChEMBL,CHEMBL218,CHEMBL1713121,PubChem BioAssay data set
23,P21554,YKCGVZLOUWPCIB-UXBLZVDNSA-N,C1=CC=C2C=C(C=CC2=C1)C=CC(=O)CCC(=O)NC3=CC=C(C=C3)O,C1=CC=C2C=C(C=CC2=C1)/C=C/C(=O)CCC(=O)NC3=CC=C(C=C3)O,IC50,>10000,nM,ChEMBL,CHEMBL218,CHEMBL1288148,21074998
24,P21554,SOELXNYHIMOSBS-UHFFFAOYSA-N,CC1(CC(CC(C1)(C)C)N2C(=O)C(=C(C=N2)NCCN(C)C)Cl)C,CC1(CC(CC(C1)(C)C)N2C(=O)C(=C(C=N2)NCCN(C)C)Cl)C,IC50,>10000,nM,ChEMBL,CHEMBL218,CHEMBL3696831,None
25,P21554,MEGZXIDGRKAPJZ-UHFFFAOYSA-N,CCCCOC1=C(C=CC2=C1OC(=O)C(=C2)C(=O)NC(C)C(C)C)OC,CCCCOC1=C(C=CC2=C1OC(=O)C(=C2)C(=O)NC(C)C(C)C)OC,IC50,>10000,nM,BindingDB,,50073103,25644673
26,P21554,SRXYYDRIIAFRLZ-ASVGJQBISA-N,CCOC(=O)CNC(=O)C=CC=CC1=CC2=C(CC3=CC=CC=C32)C=C1,CCOC(=O)CNC(=O)/C=C/C=C/C1=CC2=C(CC3=CC=CC=C32)C=C1,IC50,>10000,nM,ChEMBL,CHEMBL218,CHEMBL3596742,"MedChemComm, (2014) 5:10:1571"
27,P21554,NDVLYTTXLWSSNJ-UHFFFAOYSA-N,CCC1=C(NC2=C1C=C(C=C2)Cl)C(=O)NCCC3=CC(=CC=C3)N(C)C,CCC1=C(NC2=C1C=C(C=C2)Cl)C(=O)NCCC3=CC(=CC=C3)N(C)C,IC50,>10000,nM,ChEMBL,CHEMBL218,CHEMBL3400536,25797163
28,P21554,CDGLHYPUOWFNMC-QXWFJRNPSA-N,C1CCC2C(C1)C(CCN2C(=O)C3=CC(=NN3)C4=CC=CC=C4F)(C5=CC=CC=C5)O,C1CC[C@H]2[C@H](C1)[C@](CCN2C(=O)C3=CC(=NN3)C4=CC=CC=C4F)(C5=CC=CC=C5)O,IC50,>17000,nM,BindingDB,,50341925,21420857
29,P21554,DUHKNPFUZICFJG-UHFFFAOYSA-N,CCCCOC1=C(C=CC2=C1NC(=O)C(=C2)C(=O)NCCC3=CC=C(C=C3)N)OC,CCCCOC1=C(C=CC2=C1NC(=O)C(=C2)C(=O)NCCC3=CC=C(C=C3)N)OC,IC50,>10000,nM,ChEMBL,CHEMBL218,CHEMBL2096743,26151231
30,P21554,VVSXNDPXUSHSID-UPCLLVRISA-N,CC(C(CC1=CC=C(C=C1)Cl)C2=CC=CC(=C2)C#N)N(C)S(=O)(=O)C3=CC(=CC(=C3)Cl)Cl,C[C@@H]([C@@H](CC1=CC=C(C=C1)Cl)C2=CC=CC(=C2)C#N)N(C)S(=O)(=O)C3=CC(=CC(=C3)Cl)Cl,IC50,>2000,nM,BindingDB,,50205158,17293109
31,P21554,ZGERPQYLMALGRP-UHFFFAOYSA-N,C1CCC(CC1)NC(=O)C2=CC3=CC(=CC(=C3OC2=O)OCC4CC4)Br,C1CCC(CC1)NC(=O)C2=CC3=CC(=CC(=C3OC2=O)OCC4CC4)Br,IC50,>10000,nM,ChEMBL,CHEMBL218,CHEMBL3410718,25644673
32,P21554,GERMPJNUXLBCOW-UHFFFAOYSA-N,CC1=CC2=CC3=C(C=C2N4C1=NN=C4SCC(=O)NC5=NC(=CS5)C6=CC=C(C=C6)OC)OCO3,CC1=CC2=CC3=C(C=C2N4C1=NN=C4SCC(=O)NC5=NC(=CS5)C6=CC=C(C=C6)OC)OCO3,IC50,>32000,nM,ChEMBL,CHEMBL218,CHEMBL1702427,PubChem BioAssay data set
33,P21554,JOYHOQJUESUNDM-PKNBQFBNSA-N,C1CCN(CC1)C(=O)CCC(=O)C=CC2=CC3=CC=CC=C3C=C2,C1CCN(CC1)C(=O)CCC(=O)/C=C/C2=CC3=CC=CC=C3C=C2,IC50,>10000,nM,ChEMBL,CHEMBL218,CHEMBL1288119,21074998
34,P21554,IPCMQTHXBFIBCF-UHFFFAOYSA-N,CCC(C)(NC(=O)CCC(=O)NC1=CC=CC2=CC=CC=C21)O,CCC(C)(NC(=O)CCC(=O)NC1=CC=CC2=CC=CC=C21)O,IC50,>1.0e+4,nM,BindingDB,,239152,22214210
35,P21554,ALYVBAMABDRWQN-SOFGYWHQSA-N,CCC(C)(NC(=O)CCC(=O)C=CC1=CC(=C(C=C1)OC)OC)O,CCC(C)(NC(=O)CCC(=O)/C=C/C1=CC(=C(C=C1)OC)OC)O,IC50,>1.0e+4,nM,BindingDB,,239147,22214210
36,P21554,FDTYAXCNZRGUIM-FUHIMQAGSA-N,C1CCC2C(C1)C(CCN2C(=O)C3=NC=CC=N3)(C4=CC=CC=C4)O,C1CC[C@H]2[C@@H](C1)[C@@](CCN2C(=O)C3=NC=CC=N3)(C4=CC=CC=C4)O,IC50,>17000,nM,ChEMBL,CHEMBL218,CHEMBL1765280,21420857
37,P21554,UDENLTLNSRYXSD-UHFFFAOYSA-N,CN=C(NS(=O)(=O)C1=CC=C(C=C1)OCC(=O)N)N2CC(C(=N2)C3=CC=C(C=C3)Cl)C4=CC=CC=C4,CN=C(NS(=O)(=O)C1=CC=C(C=C1)OCC(=O)N)N2CC(C(=N2)C3=CC=C(C=C3)Cl)C4=CC=CC=C4,IC50,>5000,nM,ChEMBL,CHEMBL218,CHEMBL2153653,22959249
38,P21554,MXTAHAKRKFIVAX-UHFFFAOYSA-N,CCC1=CC=CC=C1NC(=O)NC2=CC=CC(=C2)C3=NC(=CC=C3)N4CCCC4,CCC1=CC=CC=C1NC(=O)NC2=CC=CC(=C2)C3=NC(=CC=C3)N4CCCC4,IC50,>10000,nM,ChEMBL,CHEMBL218,CHEMBL3341889,25162172
39,P21554,UVOSTMRTZMGJDE-UHFFFAOYSA-N,CCCCC1(C(=O)N(N(C1=O)C2=CC=CC=C2)C3=CC=CC=C3)CC4=CC(=C(C=C4)OC)[N+](=O)[O-],CCCCC1(C(=O)N(N(C1=O)C2=CC=CC=C2)C3=CC=CC=C3)CC4=CC(=C(C=C4)OC)[N+](=O)[O-],IC50,>32000,nM,ChEMBL,CHEMBL218,CHEMBL1545109,PubChem BioAssay data set
40,P21554,YZVVFUVLBFIEMH-UHFFFAOYSA-N,CC(C)C1=NC2=CC=CC=C2N1C(=O)C3=CC=C(C=C3)OC,CC(C)C1=NC2=CC=CC=C2N1C(=O)C3=CC=C(C=C3)OC,IC50,>10000,nM,ChEMBL,CHEMBL218,CHEMBL3895577,27560280
41,P21554,SRFXJTJKQWBUMX-UHFFFAOYSA-N,CC1=NN=C(C2=CN(N=C12)C3=CC=C(C=C3)Br)C4=CC(=CC=C4)Br,CC1=NN=C(C2=CN(N=C12)C3=CC=C(C=C3)Br)C4=CC(=CC=C4)Br,IC50,13900,nM,ChEMBL,CHEMBL218,CHEMBL1431953,PubChem BioAssay data set
42,P21554,NGCUPKQMNGTAQR-UHFFFAOYSA-N,COC1=C(C=C2C(=C1)C3=CC=CC=C3O2)NC(=O)CSC4=CC=CC=C4,COC1=C(C=C2C(=C1)C3=CC=CC=C3O2)NC(=O)CSC4=CC=CC=C4,IC50,>32000,nM,ChEMBL,CHEMBL218,CHEMBL1453321,PubChem BioAssay data set
43,P21554,BPRKVZYPOIPJKM-UHFFFAOYSA-N,CCCC(=O)NC1=CC=C(C=C1)CCNC(=O)C2=C(C3=C(N2)C=CC(=C3)Cl)CC,CCCC(=O)NC1=CC=C(C=C1)CCNC(=O)C2=C(C3=C(N2)C=CC(=C3)Cl)CC,IC50,>10000,nM,ChEMBL,CHEMBL218,CHEMBL3400538,25797163
44,P21554,IAOYCNAAGNIURB-ACCUITESSA-N,CCOC(=O)CNC(=O)CCCC(=O)C=CC1=CC2=CC=CC=C2C=C1,CCOC(=O)CNC(=O)CCCC(=O)/C=C/C1=CC2=CC=CC=C2C=C1,IC50,>10000,nM,ChEMBL,CHEMBL218,CHEMBL1288210,21074998
45,P21554,IDDHPLVFJHQUOF-UHFFFAOYSA-N,COC1=CC=C(C=C1)C(=O)N2C3=CC=CC=C3N=C2C4CCC4,COC1=CC=C(C=C1)C(=O)N2C3=CC=CC=C3N=C2C4CCC4,IC50,>10000,nM,BindingDB,,50207262,27560280
46,P21554,HETHTXFPJGGKQC-UHFFFAOYSA-N,CC1=NC2=CC=CC=C2N1C(=O)C3=CC=C(C=C3)OC,CC1=NC2=CC=CC=C2N1C(=O)C3=CC=C(C=C3)OC,IC50,>10000,nM,BindingDB,,50207264,27560280
47,P21554,OSTOSGCVTVIGHA-WCSIJFPASA-N,C1C(C(=NN1C(=NCCC(C(=O)O)O)NS(=O)(=O)C2=CC=C(C=C2)Cl)C3=CC=C(C=C3)Cl)C4=CC=CC=C4,C1C(C(=NN1C(=NCC[C@@H](C(=O)O)O)NS(=O)(=O)C2=CC=C(C=C2)Cl)C3=CC=C(C=C3)Cl)C4=CC=CC=C4,IC50,>1000,nM,BindingDB,,50392318,22959249
48,P21554,JIYXOJFSPOFZPY-UHFFFAOYSA-N,CCC1=C(C=C(C(=O)N1CC2=CC=C(C=C2)F)C(=O)NC3(CCCCC3)C(=O)O)C,CCC1=C(C=C(C(=O)N1CC2=CC=C(C=C2)F)C(=O)NC3(CCCCC3)C(=O)O)C,IC50,>2000,nM,BindingDB,,50380892,22444677
49,P21554,IFZSCAHCAOGFLA-UHFFFAOYSA-N,CCCCOC1=C2C(=CC(=C1)Br)C=C(C(=O)O2)C(=O)NC(C)C,CCCCOC1=C2C(=CC(=C1)Br)C=C(C(=O)O2)C(=O)NC(C)C,IC50,>10000,nM,ChEMBL,CHEMBL218,CHEMBL3410720,25644673
50,P21554,FSANPBNDBKVUGU-UHFFFAOYSA-N,CN=C(NS(=O)(=O)C1=CC=C(C=C1)C(=O)N)N2CC(C(=N2)C3=CC=C(C=C3)Cl)C4=CC=CC=C4,CN=C(NS(=O)(=O)C1=CC=C(C=C1)C(=O)N)N2CC(C(=N2)C3=CC=C(C=C3)Cl)C4=CC=CC=C4,IC50,>5000,nM,ChEMBL,CHEMBL218,CHEMBL2153650,22959249
51,P21554,ONRJYWWXMOJKDY-UHFFFAOYSA-N,CCS(=O)(=O)NCCCCCOC1=CC2=C(C=C1)OCO2,CCS(=O)(=O)NCCCCCOC1=CC2=C(C=C1)OCO2,IC50,>10000,nM,ChEMBL,CHEMBL218,CHEMBL3596736,"MedChemComm, (2014) 5:10:1571"
52,P21554,UNNJLUGSPSGKPK-UHFFFAOYSA-N,CCC1=C(NC2=C1C=C(C=C2)Cl)C(=O)OCCC3=CC=C(C=C3)[N+](=O)[O-],CCC1=C(NC2=C1C=C(C=C2)Cl)C(=O)OCCC3=CC=C(C=C3)[N+](=O)[O-],IC50,>10000,nM,BindingDB,,50389941,22571451
53,P21554,LDBYYAUYORVLLI-UHFFFAOYSA-N,CC(=O)NC1=CC=C(C=C1)S(=O)(=O)NC(=NC)N2CC(C(=N2)C3=CC=C(C=C3)Cl)C4=CC=CC=C4,CC(=O)NC1=CC=C(C=C1)S(=O)(=O)NC(=NC)N2CC(C(=N2)C3=CC=C(C=C3)Cl)C4=CC=CC=C4,IC50,>1000,nM,BindingDB,,50392314,22959249
54,P21554,SPCBEGLMPRQYBL-UHFFFAOYSA-N,C1COCCN1C(=O)CCC(=O)C2=CC=C(C=C2)C3=CC=CC=C3,C1COCCN1C(=O)CCC(=O)C2=CC=C(C=C2)C3=CC=CC=C3,IC50,>10000,nM,BindingDB,,50332261,21074998
55,P21554,FLKUUIABSQJJHM-UHFFFAOYSA-N,CCOC(=O)CNC(=O)CCCCCOC1=CC=CC2=CC=CC=C21,CCOC(=O)CNC(=O)CCCCCOC1=CC=CC2=CC=CC=C21,IC50,>10000,nM,ChEMBL,CHEMBL218,CHEMBL3596750,"MedChemComm, (2014) 5:10:1571"
56,P21554,YCZXIDYLPDMJNU-UXBLZVDNSA-N,C1CC1NC(=O)CCC(=O)C=CC2=CC3=CC=CC=C3C=C2,C1CC1NC(=O)CCC(=O)/C=C/C2=CC3=CC=CC=C3C=C2,IC50,>10000,nM,ChEMBL,CHEMBL218,CHEMBL1288149,21074998
58,P21554,LCXWTFPJLNYDHR-UHFFFAOYSA-N,CC(C)NC(=O)C1=CC2=C(N=C3C=CC=CN3C2=O)N(C1=N)C4CCCC4,CC(C)NC(=O)C1=CC2=C(N=C3C=CC=CN3C2=O)N(C1=N)C4CCCC4,IC50,>32000,nM,BindingDB,,76074,
60,P21554,VYXVAROCVRXSDX-PKNBQFBNSA-N,C1=CC=C2C=C(C=CC2=C1)C=CC(=O)CCCC(=O)NCCO,C1=CC=C2C=C(C=CC2=C1)/C=C/C(=O)CCCC(=O)NCCO,IC50,>10000,nM,ChEMBL,CHEMBL218,CHEMBL1288208,21074998
61,P21554,IFRQHOCQLJAGOH-UHFFFAOYSA-N,CCCCOC1=C(C=CC2=C1OC(=O)C(=C2)C(=O)NC(C)C)OC,CCCCOC1=C(C=CC2=C1OC(=O)C(=C2)C(=O)NC(C)C)OC,IC50,>10000,nM,ChEMBL,CHEMBL218,CHEMBL3410725,25644673
62,P21554,CBSOUBVQPWYNEC-UKTHLTGXSA-N,C1CC1NC(=O)CCCC(=O)C=CC2=CC3=CC=CC=C3C=C2,C1CC1NC(=O)CCCC(=O)/C=C/C2=CC3=CC=CC=C3C=C2,IC50,>10000,nM,ChEMBL,CHEMBL218,CHEMBL1288209,21074998
63,P21554,KSBLOCODMPFZJK-UHFFFAOYSA-N,CC1=CC=C(C=C1)C2=CSC(=N2)NC(=O)CSC3=NN=C4N3C5=CC=CC=C5C(=C4)C,CC1=CC=C(C=C1)C2=CSC(=N2)NC(=O)CSC3=NN=C4N3C5=CC=CC=C5C(=C4)C,IC50,>32000,nM,ChEMBL,CHEMBL218,CHEMBL1699880,PubChem BioAssay data set
64,P21554,DYIMTVFKTDCCMM-XNNVEVGKSA-N,CCCCCCCCCCCCCCCC(=O)NC(C(C)C)C(=O)NC(C(C)O)C(=O)NC(CC(C)C)C(=O)N1CCCC1C(=O)NC(CC(C)C)C(=O)NC(CC2=CNC3=CC=CC=C32)C(=O)NC(C)C(=O)NC(C(C)O)C(=O)NC(CC4=CC=C(C=C4)O)C(=O)NC(C(C)O)C(=O)NC(CC5=CC=C(C=C5)O)C(=O)NC(CCCN=C(N)N)C(=O)N,CCCCCCCCCCCCCCCC(=O)N[C@@H](C(C)C)C(=O)N[C@@H]([C@@H](C)O)C(=O)N[C@@H](CC(C)C)C(=O)N1CCC[C@H]1C(=O)N[C@@H](CC(C)C)C(=O)N[C@@H](CC2=CNC3=CC=CC=C32)C(=O)N[C@@H](C)C(=O)N[C@@H]([C@@H](C)O)C(=O)N[C@@H](CC4=CC=C(C=C4)O)C(=O)N[C@@H]([C@@H](C)O)C(=O)N[C@@H](CC5=CC=C(C=C5)O)C(=O)N[C@@H](CCCN=C(N)N)C(=O)N,IC50,>30000,nM,BindingDB,,50027852,25241924
65,P21554,GTCSIQFTNPTSLO-ZEQRLZLVSA-N,CC(C)C(C(=O)N)N=C(NS(=O)(=O)C1=CC=C(C=C1)Cl)N2CC(C(=N2)C3=CC=C(C=C3)Cl)C4=CC=CC=C4,CC(C)[C@@H](C(=O)N)N=C(NS(=O)(=O)C1=CC=C(C=C1)Cl)N2C[C@H](C(=N2)C3=CC=C(C=C3)Cl)C4=CC=CC=C4,IC50,>1000,nM,ChEMBL,CHEMBL218,CHEMBL2153671,22959249
66,P21554,STSBEGKZMMPSMP-UHFFFAOYSA-N,CC(C)(C)CNC(=O)C1=C2C=CC=CN2C(=N1)C3CC3,CC(C)(C)CNC(=O)C1=C2C=CC=CN2C(=N1)C3CC3,IC50,>17000,nM,ChEMBL,CHEMBL218,CHEMBL1760937,21420860
67,P21554,GCPFDXOLQNQCTI-UHFFFAOYSA-N,COC1=CC(=CC(=C1)NC2=CC=C(C=C2)S(=O)(=O)NCC3CC3)OC,COC1=CC(=CC(=C1)NC2=CC=C(C=C2)S(=O)(=O)NCC3CC3)OC,IC50,11000,nM,ChEMBL,CHEMBL218,CHEMBL3912856,None
68,P21554,LVLQTZZPPOGMGE-UHFFFAOYSA-N,CC(C)CC1=NC2=CC=CC=C2N1C(=O)C3=CC=CC4=CC=CC=C43,CC(C)CC1=NC2=CC=CC=C2N1C(=O)C3=CC=CC4=CC=CC=C43,IC50,>10000,nM,ChEMBL,CHEMBL218,CHEMBL3892181,27560280
69,P21554,HHCJFOCCKUSTFY-UHFFFAOYSA-N,CC1=C(C=C(C=C1)Cl)N2CCN(CC2)C(=O)C3=C(C=CC(=C3)S(=O)(=O)N(C)C)N4CCCC4,CC1=C(C=C(C=C1)Cl)N2CCN(CC2)C(=O)C3=C(C=CC(=C3)S(=O)(=O)N(C)C)N4CCCC4,IC50,>32000,nM,ChEMBL,CHEMBL218,CHEMBL1733298,PubChem BioAssay data set
72,P21554,HXELDYRZCKHWSK-UHFFFAOYSA-N,CC1CCC2=C(C1)SC3=NC(=NC(=C23)N4CCN(CC4)C(=O)C5=CC=CO5)C,CC1CCC2=C(C1)SC3=NC(=NC(=C23)N4CCN(CC4)C(=O)C5=CC=CO5)C,IC50,>32000,nM,ChEMBL,CHEMBL218,CHEMBL1484306,PubChem BioAssay data set
73,P21554,GUAJCLOVZCTWOJ-UHFFFAOYSA-N,C1=CC=C2C(=C1)C3=C(N2CCCO)C=CC(=C3)NC(=O)CCC4=NC(=NO4)C5=C(C=C(C=C5)F)Br,C1=CC=C2C(=C1)C3=C(N2CCCO)C=CC(=C3)NC(=O)CCC4=NC(=NO4)C5=C(C=C(C=C5)F)Br,IC50,>1000,nM,ChEMBL,CHEMBL218,CHEMBL3093366,24139843
74,P21554,ROXDXSMZIJVCTQ-UHFFFAOYSA-N,CCCNC1=C(C(=O)N(N=C1)C2=CC(=CC(=C2)C)C)Cl,CCCNC1=C(C(=O)N(N=C1)C2=CC(=CC(=C2)C)C)Cl,IC50,>10000,nM,BindingDB,,163052,
75,P21554,LJFCGKDREUOQNA-JKGBFCRXSA-N,CC(C)C(C(=O)NCC(=O)N)N=C(NS(=O)(=O)C1=CC=C(C=C1)Cl)N2CC(C(=N2)C3=CC=C(C=C3)Cl)C4=CC=CC=C4,CC(C)[C@@H](C(=O)NCC(=O)N)N=C(NS(=O)(=O)C1=CC=C(C=C1)Cl)N2CC(C(=N2)C3=CC=C(C=C3)Cl)C4=CC=CC=C4,IC50,>100,nM,ChEMBL,CHEMBL218,CHEMBL2153769,22959249
76,P21554,WSMRFHOWYRGFDM-UHFFFAOYSA-N,C1CCC(C1)NC(=O)C2=CC3=C(N=C4C=CC=CN4C3=O)N(C2=N)C5CCCC5,C1CCC(C1)NC(=O)C2=CC3=C(N=C4C=CC=CN4C3=O)N(C2=N)C5CCCC5,IC50,>32000,nM,BindingDB,,51557,
77,P21554,PODUXAQFLMUPKS-UHFFFAOYSA-N,C1CCC2=C(C1)C=C(S2)C(=O)NC3=C(C=CC(=C3)S(=O)(=O)N4CCOCC4)N5CCCC5,C1CCC2=C(C1)C=C(S2)C(=O)NC3=C(C=CC(=C3)S(=O)(=O)N4CCOCC4)N5CCCC5,IC50,>32000,nM,BindingDB,,68315,
78,P21554,LYBWONHSUPIBOF-FIRLOTFOSA-N,C1CCC2C(C1)C(CCN2C(=O)C3CC(CCN3)O)(C4=CC=CC=C4)O,C1CC[C@H]2[C@@H](C1)[C@@](CCN2C(=O)[C@@H]3C[C@H](CCN3)O)(C4=CC=CC=C4)O,IC50,>17000,nM,ChEMBL,CHEMBL218,CHEMBL1765275,21420857
79,P21554,VUJYIIWLRJBFNL-IRJALKPHSA-N,C1CCC2C(C1)C(CCN2C(=O)C3=CSC(=N3)C4=CC=NC=C4)(C5=CC=CC=C5)O,C1CC[C@H]2[C@@H](C1)C(CCN2C(=O)C3=CSC(=N3)C4=CC=NC=C4)(C5=CC=CC=C5)O,IC50,>17000,nM,ChEMBL,CHEMBL218,CHEMBL1765092,21420857
80,P21554,XRIROGBLGLPXQI-FGZHOGPDSA-N,C1CN(CCC1N2C(C(C2=O)C3=CC=C(C=C3)F)C4=CC5=C(C=C4)OCO5)C(=O)N6C=NC=N6,C1CN(CCC1N2[C@@H]([C@H](C2=O)C3=CC=C(C=C3)F)C4=CC5=C(C=C4)OCO5)C(=O)N6C=NC=N6,IC50,>10000,nM,ChEMBL,CHEMBL218,CHEMBL3785379,26888301
81,P21554,GGYRPAOZNOBUSJ-UHFFFAOYSA-N,C1CN(CCC1N2C(=O)OC(=N2)C3=CC=CC=C3)C(=O)CC4=CC=CC=C4F,C1CN(CCC1N2C(=O)OC(=N2)C3=CC=CC=C3)C(=O)CC4=CC=CC=C4F,IC50,17900,nM,BindingDB,,76054,
82,P21554,LXLRSNKIIULUPH-UHFFFAOYSA-N,CCC1=C(NC2=C1C=C(C=C2)Cl)C(=O)OCCC3=CC=C(C=C3)N(C)C,CCC1=C(NC2=C1C=C(C=C2)Cl)C(=O)OCCC3=CC=C(C=C3)N(C)C,IC50,>10000,nM,ChEMBL,CHEMBL218,CHEMBL2071057,22571451
83,P21554,IPNBYBRGLAYHDP-FUHIMQAGSA-N,CN1C=CN=C1C(=O)N2CCC(C3C2CCCC3)(C4=CC=CC=C4)O,CN1C=CN=C1C(=O)N2CC[C@]([C@H]3[C@@H]2CCCC3)(C4=CC=CC=C4)O,IC50,>17000,nM,ChEMBL,CHEMBL218,CHEMBL1765266,21420857
84,P21554,CFTMQROCQNRZNW-UHFFFAOYSA-N,CC(C)COC1=C(C=C(C=C1)C(=O)NC2=C(C=CC(=C2)S(=O)(=O)N3CCOCC3)OC)OC,CC(C)COC1=C(C=C(C=C1)C(=O)NC2=C(C=CC(=C2)S(=O)(=O)N3CCOCC3)OC)OC,IC50,>32000,nM,BindingDB,,68303,
85,P21554,BMMHBSOMJGUCFZ-UHFFFAOYSA-N,COC1=C(C=C(C=C1)S(=O)(=O)N2CCOCC2)NC(=O)C3=CC4=C(C=C3)OCO4,COC1=C(C=C(C=C1)S(=O)(=O)N2CCOCC2)NC(=O)C3=CC4=C(C=C3)OCO4,IC50,>32000,nM,ChEMBL,CHEMBL218,CHEMBL1398414,PubChem BioAssay data set
86,P21554,UDIKDAMDJUXXDX-UHFFFAOYSA-N,CC1=C(ON=C1C)NS(=O)(=O)C2=CC=C(C=C2)NC(=O)C3=CC(=NC4=CC=CC=C43)C5=CC=C(C=C5)OC,CC1=C(ON=C1C)NS(=O)(=O)C2=CC=C(C=C2)NC(=O)C3=CC(=NC4=CC=CC=C43)C5=CC=C(C=C5)OC,IC50,16900,nM,BindingDB,,76088,
87,P21554,ADJAEKRETOSJPM-UHFFFAOYSA-N,CCC1=C(NC2=C1C=C(C=C2)Cl)C(=O)N3CCN(CC3)C4=CC=C(C=C4)Cl,CCC1=C(NC2=C1C=C(C=C2)Cl)C(=O)N3CCN(CC3)C4=CC=C(C=C4)Cl,IC50,>10000,nM,BindingDB,,50066831,25797163
89,P21554,XRNVQLCWOMNTOJ-UHFFFAOYSA-N,C1CCC(C1)(CNC(=O)C2=C3C=CC=CN3C(=N2)N4CCOCC4)CO,C1CCC(C1)(CNC(=O)C2=C3C=CC=CN3C(=N2)N4CCOCC4)CO,IC50,>17000,nM,BindingDB,,50340319,21420860
90,P21554,QKLASGDQCHUAJT-UHFFFAOYSA-N,C1CCC(CC1)NC(=O)C2=CC3=C(N=C4C=CC=CN4C3=O)N(C2=N)C5CCCC5,C1CCC(CC1)NC(=O)C2=CC3=C(N=C4C=CC=CN4C3=O)N(C2=N)C5CCCC5,IC50,>32000,nM,ChEMBL,CHEMBL218,CHEMBL1733320,PubChem BioAssay data set
91,P21554,CNYUCQIDCSCYGQ-UHFFFAOYSA-N,C1CC2=CC=CC=C2C(C1O)NC(=O)N3C4=CC=CC=C4N(C3=O)CCN5CCOCC5,C1CC2=CC=CC=C2C(C1O)NC(=O)N3C4=CC=CC=C4N(C3=O)CCN5CCOCC5,IC50,>10000,nM,ChEMBL,CHEMBL218,CHEMBL494563,18440813
92,P21554,OTOYPUZUQZCTOG-UHFFFAOYSA-N,CC1=CC=CN2C1=NC3=C(C2=O)C=C(C(=N)N3C4CCCC4)C(=O)NC5CCCC5,CC1=CC=CN2C1=NC3=C(C2=O)C=C(C(=N)N3C4CCCC4)C(=O)NC5CCCC5,IC50,>32000,nM,ChEMBL,CHEMBL218,CHEMBL1411212,PubChem BioAssay data set
93,P21554,DINNAAWXEMSKSY-UHFFFAOYSA-N,CCCCOC1=C2C(=CC(=C1)Br)C=C(C(=O)O2)C(=O)NC3CCCCC3,CCCCOC1=C2C(=CC(=C1)Br)C=C(C(=O)O2)C(=O)NC3CCCCC3,IC50,>10000,nM,BindingDB,,50073071,25644673
94,P21554,YYAWWKUYRIMBKL-UHFFFAOYSA-N,CCCCOC1=C(C=CC2=C1OC(=O)C(=C2)C(=O)NC(CC)CC)OC,CCCCOC1=C(C=CC2=C1OC(=O)C(=C2)C(=O)NC(CC)CC)OC,IC50,>10000,nM,BindingDB,,50073003,25644673
95,P21554,ZLEPXCBJUAFHHE-UHFFFAOYSA-N,C1C(C(=NN1C(=NCC(=O)O)NS(=O)(=O)C2=CC=C(C=C2)Cl)C3=CC=C(C=C3)Cl)C4=CC=CC=C4,C1C(C(=NN1C(=NCC(=O)O)NS(=O)(=O)C2=CC=C(C=C2)Cl)C3=CC=C(C=C3)Cl)C4=CC=CC=C4,IC50,>1000,nM,BindingDB,,50392316,22959249
96,P21554,NMDJLDALLMDAOQ-UHFFFAOYSA-N,CCCC1=C(C2=CC=CC=C2S1)C(=O)C3=CC=C(C=C3)OC,CCCC1=C(C2=CC=CC=C2S1)C(=O)C3=CC=C(C=C3)OC,IC50,>10000,nM,BindingDB,,50207239,27560280
97,P21554,NWVLGEXYMRKIMF-UHFFFAOYSA-N,C1CS(=O)(=O)CCN1CC2=C3C=CC=CN3C(=N2)C(=O)NC4=CC=CC(=N4)C(F)(F)F,C1CS(=O)(=O)CCN1CC2=C3C=CC=CN3C(=N2)C(=O)NC4=CC=CC(=N4)C(F)(F)F,IC50,12700,nM,ChEMBL,CHEMBL218,CHEMBL1760934,21420860
98,P21554,DMFJVESKRGCNOS-UHFFFAOYSA-N,COC1=C(C=C(C=C1)S(=O)(=O)N2CCOCC2)NC(=O)C3=CC4=C(S3)CCCCCC4,COC1=C(C=C(C=C1)S(=O)(=O)N2CCOCC2)NC(=O)C3=CC4=C(S3)CCCCCC4,IC50,18200,nM,ChEMBL,CHEMBL218,CHEMBL1697974,PubChem BioAssay data set
99,P21554,RRGCPYXJKNQKLO-UHFFFAOYSA-N,CC1(CC(CC(C1)(C)C)N2C(=O)C=C(C=N2)N(C)C)C,CC1(CC(CC(C1)(C)C)N2C(=O)C=C(C=N2)N(C)C)C,IC50,>10000,nM,ChEMBL,CHEMBL218,CHEMBL3696826,None
100,P21554,WPWIYVXRDZNMPU-UHFFFAOYSA-N,C1CC(C1)CNC(=O)C2=C(C=CC=N2)NC(=O)C3=CC=C(C4=CC=CC=C43)CN5C=CN=C5,C1CC(C1)CNC(=O)C2=C(C=CC=N2)NC(=O)C3=CC=C(C4=CC=CC=C43)CN5C=CN=C5,IC50,16000,nM,BindingDB,,50424461,23227781
101,P21554,KIIVDCMVGMHQLJ-CMDGGOBGSA-N,CCOC(=O)CNC(=O)C=CC1=CC=CC=C1,CCOC(=O)CNC(=O)/C=C/C1=CC=CC=C1,IC50,>1.0e+4,nM,BindingDB,,239141,22214210
102,P21554,WHNNOHLGTSGBMC-SZUFIYSYSA-N,C1CCC2C(C1)C(CCN2C(=O)C3=C4C=NNC4=CC=C3)(C5=CC=CC=C5)O,C1CC[C@H]2[C@@H](C1)C(CCN2C(=O)C3=C4C=NNC4=CC=C3)(C5=CC=CC=C5)O,IC50,>17000,nM,BindingDB,,50341919,21420857
103,P21554,GBDFKMAHKDXCIN-UHFFFAOYSA-N,CC1=C(C(=CC=C1)C)NC(=O)NC2=CC=CC(=C2)C3=NC(=CC=C3)N4CCCC4,CC1=C(C(=CC=C1)C)NC(=O)NC2=CC=CC(=C2)C3=NC(=CC=C3)N4CCCC4,IC50,>10000,nM,BindingDB,,50023675,25162172
104,P21554,LHICBAQTEJXVLI-LVCYWYKZSA-N,C1CCC2C(C1)C(CCN2C(=O)C3=CN=C(C=C3)C(F)(F)F)(C4=CC=CC=C4)O,C1CC[C@H]2[C@@H](C1)[C@@](CCN2C(=O)C3=CN=C(C=C3)C(F)(F)F)(C4=CC=CC=C4)O,IC50,>17000,nM,BindingDB,,50341955,21420857
105,P21554,OEAHGZLUGWRQPD-UHFFFAOYSA-N,C1CCC(C1)N2C3=C(C=C(C2=N)C(=O)NCC4=CC=CC=C4)C(=O)N5C=CC=CC5=N3,C1CCC(C1)N2C3=C(C=C(C2=N)C(=O)NCC4=CC=CC=C4)C(=O)N5C=CC=CC5=N3,IC50,15900,nM,ChEMBL,CHEMBL218,CHEMBL1730381,PubChem BioAssay data set
107,P21554,FNQDYMCVEUXEJK-VOTSOKGWSA-N,CC1=CC=C(C=C1)C=CC(=O)CCC(=O)NC(CO)(CO)CO,CC1=CC=C(C=C1)/C=C/C(=O)CCC(=O)NC(CO)(CO)CO,IC50,>1.0e+4,nM,BindingDB,,239143,22214210
108,P21554,GINXDHZODBJPKX-IMFGXOCKSA-N,C1CCC2C(C1)C(CCN2C(=O)C3=NC=NC=C3)(C4=CC=CC=C4)O,C1CC[C@H]2[C@@H](C1)[C@@](CCN2C(=O)C3=NC=NC=C3)(C4=CC=CC=C4)O,IC50,>17000,nM,ChEMBL,CHEMBL218,CHEMBL1765282,21420857
109,P21554,VYIRAARDMYDORA-UHFFFAOYSA-N,CCOC(=O)CNC(=O)CCCCCOC1=CC2=CC=CC=C2C=C1,CCOC(=O)CNC(=O)CCCCCOC1=CC2=CC=CC=C2C=C1,IC50,>10000,nM,ChEMBL,CHEMBL218,CHEMBL3596747,"MedChemComm, (2014) 5:10:1571"
111,P21554,CGOMLRVFZYLLDP-MRXNPFEDSA-N,CC(C)(C)C(C(=O)N)NC(=O)N1C2=CC=CC=C2N(C1=O)CCN3CCOCC3,CC(C)(C)[C@@H](C(=O)N)NC(=O)N1C2=CC=CC=C2N(C1=O)CCN3CCOCC3,IC50,>10000,nM,ChEMBL,CHEMBL218,CHEMBL523050,18440813
112,P21554,HLYAIGAXCZJANZ-UHFFFAOYSA-N,C1CC(C1)CNC(=O)C2=C(C=CC=N2)NC(=O)C3=CC=C(C4=CC=CC=C43)CN5C=CC=N5,C1CC(C1)CNC(=O)C2=C(C=CC=N2)NC(=O)C3=CC=C(C4=CC=CC=C43)CN5C=CC=N5,IC50,13000,nM,BindingDB,,50424460,23227781
113,P21554,ITSVQBLBEILJMZ-UHFFFAOYSA-N,CCC1=C(NC2=C1C=C(C=C2)Cl)C(=O)OCCC3=CC=C(C=C3)N4CCCCC4,CCC1=C(NC2=C1C=C(C=C2)Cl)C(=O)OCCC3=CC=C(C=C3)N4CCCCC4,IC50,>10000,nM,BindingDB,,50389940,22571451
114,P21554,NDALETICPCHNKS-UHFFFAOYSA-N,C1COCCC1CNC(=O)C2=C(C=CC=N2)NC(=O)C3=CC4=C(C=C3)N=CS4,C1COCCC1CNC(=O)C2=C(C=CC=N2)NC(=O)C3=CC4=C(C=C3)N=CS4,IC50,>6700,nM,BindingDB,,50424484,23227781
115,P21554,RNUOMGDKVIMQSL-UHFFFAOYSA-N,COC1=CC(=CC(=C1)NC2=CC(=C(C=C2)S(=O)(=O)NCC3CC3)OC(F)(F)F)OC,COC1=CC(=CC(=C1)NC2=CC(=C(C=C2)S(=O)(=O)NCC3CC3)OC(F)(F)F)OC,IC50,11000,nM,ChEMBL,CHEMBL218,CHEMBL3942034,None
116,P21554,XRAAIAQPAUFUOM-UHFFFAOYSA-N,C1C(C(=NN1C(=NCC(=O)N)NS(=O)(=O)C2=CC=C(C=C2)O)C3=CC=C(C=C3)Cl)C4=CC=CC=C4,C1C(C(=NN1C(=NCC(=O)N)NS(=O)(=O)C2=CC=C(C=C2)O)C3=CC=C(C=C3)Cl)C4=CC=CC=C4,IC50,>100,nM,ChEMBL,CHEMBL218,CHEMBL2153760,22959249
117,P21554,MMHGPBDLBAEOQP-UHFFFAOYSA-N,C1CN(CC1(F)F)C2=C3C=NC=CN3C(=N2)C(=O)NC(C4=CC=C(C=C4)F)C5=CC=NC=C5,C1CN(CC1(F)F)C2=C3C=NC=CN3C(=N2)C(=O)NC(C4=CC=C(C=C4)F)C5=CC=NC=C5,IC50,>17000,nM,ChEMBL,CHEMBL218,CHEMBL1760940,21420860
119,P21554,GWNPSNDHGBCAFF-FARCUNLSSA-N,COC1=CC=C(C=C1)C=CC(=O)CCC(=O)NC2=CC=C(C=C2)O,COC1=CC=C(C=C1)/C=C/C(=O)CCC(=O)NC2=CC=C(C=C2)O,IC50,>10000,nM,ChEMBL,CHEMBL218,CHEMBL1288118,21074998
120,P21554,RZRHARVGIPEBIQ-SDNWHVSQSA-N,CCC(C)(NC(=O)CCC(=O)C=CC1=CC=C(C=C1)C2=CC=CC=C2)O,CCC(C)(NC(=O)CCC(=O)/C=C/C1=CC=C(C=C1)C2=CC=CC=C2)O,IC50,>1.0e+4,nM,BindingDB,,239151,22214210
121,P21554,QQXYLDQBGTVJBJ-XQXKNUKBSA-N,CN1CCCCC1C(=O)N2CCC(C3C2CCCC3)(C4=CC=CC=C4)O,CN1CCCCC1C(=O)N2CC[C@]([C@H]3[C@@H]2CCCC3)(C4=CC=CC=C4)O,IC50,>17000,nM,ChEMBL,CHEMBL218,CHEMBL1765271,21420857
122,P21554,FXEPICCVMASENR-PTGBLXJZSA-N,CCOC(=O)C(=CC1=CN(C2=CC=CC=C21)CCN3CCOCC3)C(=O)C4=CC=CC=C4,CCOC(=O)/C(=C/C1=CN(C2=CC=CC=C21)CCN3CCOCC3)/C(=O)C4=CC=CC=C4,IC50,>10000,nM,ChEMBL,CHEMBL218,CHEMBL1836121,21835510
123,P21554,DSKDBMUPKFMBDZ-LYBHJNIJSA-N,CCOC(=O)C(=CC1=CN(C2=CC=CC=C21)CCN3CCCCC3)C(=O)C4=CC=CC=C4,CCOC(=O)/C(=C/C1=CN(C2=CC=CC=C21)CCN3CCCCC3)/C(=O)C4=CC=CC=C4,IC50,>10000,nM,BindingDB,,50354134,21835510
124,P21554,FMGZEUZJWPJRHN-QGZVFWFLSA-N,CC(C)(C)C(CO)NC(=O)N1C2=CC=CC=C2N(C1=O)CCN3CCOCC3,CC(C)(C)[C@@H](CO)NC(=O)N1C2=CC=CC=C2N(C1=O)CCN3CCOCC3,IC50,>10000,nM,BindingDB,,50260514,18440813
125,P21554,OHLQUDPQBDLIOC-UHFFFAOYSA-N,CC(C)OC1=C(C=C(C=C1)S(=O)(=O)N2CCOCC2)NC(=O)C3=CC4=C(S3)CCCCC4,CC(C)OC1=C(C=C(C=C1)S(=O)(=O)N2CCOCC2)NC(=O)C3=CC4=C(S3)CCCCC4,IC50,27500,nM,ChEMBL,CHEMBL218,CHEMBL1735479,PubChem BioAssay data set
126,P21554,AGGRDHRJDWHWOX-SCLBCKFNSA-N,CC(C(CC1=CC=C(C=C1)Cl)C2=CC=CC(=C2)C#N)NS(=O)(=O)C,C[C@@H]([C@@H](CC1=CC=C(C=C1)Cl)C2=CC=CC(=C2)C#N)NS(=O)(=O)C,IC50,>2000,nM,BindingDB,,50205180,17293109
128,P21554,AEJSWYYMIDGUTI-JCTONOIOSA-N,C1CCC2C(C1)C(CCN2C(=O)C3=CN=C(C=C3)C4CC4)(C5=CC=CC=C5)O,C1CC[C@H]2[C@@H](C1)[C@@](CCN2C(=O)C3=CN=C(C=C3)C4CC4)(C5=CC=CC=C5)O,IC50,>17000,nM,BindingDB,,50341945,21420857
129,P21554,PLKUYFLKWJFBTD-UHFFFAOYSA-N,CC1=CC2=CC3=C(C=C2N4C1=NN=C4SCC(=O)NC5=NC(=CS5)C6=CC=C(C=C6)OC)OCCO3,CC1=CC2=CC3=C(C=C2N4C1=NN=C4SCC(=O)NC5=NC(=CS5)C6=CC=C(C=C6)OC)OCCO3,IC50,>32000,nM,ChEMBL,CHEMBL218,CHEMBL1724290,PubChem BioAssay data set
132,P21554,NUBZLTKBXBEFPN-ZPUQHVIOSA-N,C1CC1NC(=O)C=CC=CC2=CC3=C(C=C2)OCCO3,C1CC1NC(=O)/C=C/C=C/C2=CC3=C(C=C2)OCCO3,IC50,>10000,nM,ChEMBL,CHEMBL218,CHEMBL3596743,"MedChemComm, (2014) 5:10:1571"
133,P21554,NRDCILSNYFGEBU-HEVZOGSJSA-N,CCCN(CCC)CC1=C(N=NN1C2=NON=C2N)C(=O)NN=CC(=CC3=CC=CC=C3)C,CCCN(CCC)CC1=C(N=NN1C2=NON=C2N)C(=O)NN=C/C(=C\C3=CC=CC=C3)/C,IC50,>32000,nM,ChEMBL,CHEMBL218,CHEMBL1369676,PubChem BioAssay data set
135,P21554,DHFXWMWQLNJHLK-FMIVXFBMSA-N,CCC(C)(NC(=O)CCC(=O)C=CC1=CC=C(C=C1)OCC2=CC=CC=C2)O,CCC(C)(NC(=O)CCC(=O)/C=C/C1=CC=C(C=C1)OCC2=CC=CC=C2)O,IC50,>1.0e+4,nM,BindingDB,,239148,22214210
137,P21554,MXHPCVFJFJSCMB-UHFFFAOYSA-N,C1CC(C1)CNC(=O)C2=C(C=CC=N2)NC(=O)C3=CC=C(C4=CC=CC=C43)CN5C=CC=C5,C1CC(C1)CNC(=O)C2=C(C=CC=N2)NC(=O)C3=CC=C(C4=CC=CC=C43)CN5C=CC=C5,IC50,89000,nM,BindingDB,,50424462,23227781
138,P21554,VUPXFPKISNJNJD-UHFFFAOYSA-N,CC(C)NS(=O)(=O)C1=CC=C(C=C1)NC(=S)NC(=O)C2=CC=C(C=C2)C3=CC=CC=C3,CC(C)NS(=O)(=O)C1=CC=C(C=C1)NC(=S)NC(=O)C2=CC=C(C=C2)C3=CC=CC=C3,IC50,>32000,nM,ChEMBL,CHEMBL218,CHEMBL1452827,PubChem BioAssay data set
139,P21554,IMMJKXDQRLJWTD-UHFFFAOYSA-N,CCC1=C(NC2=C1C=C(C=C2)Cl)C(=O)N3CCN(CC3)C4=CC=CC=C4,CCC1=C(NC2=C1C=C(C=C2)Cl)C(=O)N3CCN(CC3)C4=CC=CC=C4,IC50,>10000,nM,BindingDB,,50066830,25797163
140,P21554,WJAPFKRDKPDSGT-VZKPYBMVSA-N,CN1CCC(C1)C(=O)N2CCC(C3C2CCCC3)(C4=CC=CC=C4)O,CN1CCC(C1)C(=O)N2CC[C@@]([C@@H]3[C@H]2CCCC3)(C4=CC=CC=C4)O,IC50,>17000,nM,ChEMBL,CHEMBL218,CHEMBL1765248,21420857
141,P21554,UVAFHMYGZBIABL-UHFFFAOYSA-N,CC1=C(C(=CC=C1)N2CCN(CC2)C(=O)C3=CC(=CC=C3)S(=O)(=O)N4CCOCC4)C,CC1=C(C(=CC=C1)N2CCN(CC2)C(=O)C3=CC(=CC=C3)S(=O)(=O)N4CCOCC4)C,IC50,>32000,nM,ChEMBL,CHEMBL218,CHEMBL1727119,PubChem BioAssay data set
142,P21554,VGPHZQSTCRIBBO-UHFFFAOYSA-N,C1CCCC2=C(CC1)C=C(C(=O)N2CC3CCCCC3)C(=O)NC4=CC=C(C=C4)CC(=O)O,C1CCCC2=C(CC1)C=C(C(=O)N2CC3CCCCC3)C(=O)NC4=CC=C(C=C4)CC(=O)O,IC50,>2000,nM,ChEMBL,CHEMBL218,CHEMBL2023577,22421019
143,P21554,DQQGWNHGAPIOQI-QGZVFWFLSA-N,CC(C)(C)C(C#N)NC(=O)N1C2=CC=CC=C2N(C1=O)CCN3CCOCC3,CC(C)(C)[C@@H](C#N)NC(=O)N1C2=CC=CC=C2N(C1=O)CCN3CCOCC3,IC50,>10000,nM,ChEMBL,CHEMBL218,CHEMBL494986,18440813
144,P21554,XENMXZNGXMHMSP-UHFFFAOYSA-N,CCCCCOC1=C(C=CC2=C1OC(=O)C(=C2)C(=O)NC3CCCCC3)OC,CCCCCOC1=C(C=CC2=C1OC(=O)C(=C2)C(=O)NC3CCCCC3)OC,IC50,>10000,nM,BindingDB,,50073100,25644673
145,P21554,AVRJCVJBBAXEGT-UHFFFAOYSA-N,CCCN1C=C2C(=N1)C=NN(C2=O)C3CC(CC(C3)(C)C)(C)C,CCCN1C=C2C(=N1)C=NN(C2=O)C3CC(CC(C3)(C)C)(C)C,IC50,>10000,nM,BindingDB,,163068,
146,P21554,CPYNBZXFIWYXIZ-LZSLGQGWSA-N,C1CC1NC(=O)C=CC=CC2=CC3=CC=CC=C3C=C2,C1CC1NC(=O)/C=C/C=C/C2=CC3=CC=CC=C3C=C2,IC50,>10000,nM,ChEMBL,CHEMBL218,CHEMBL3596738,"MedChemComm, (2014) 5:10:1571"
147,P21554,BZXFRVYHKUFYBJ-UHFFFAOYSA-N,COC1=C(C=C(C=C1)S(=O)(=O)N2CCOCC2)NC(=O)C3=CC4=C(S3)CCCCC4,COC1=C(C=C(C=C1)S(=O)(=O)N2CCOCC2)NC(=O)C3=CC4=C(S3)CCCCC4,IC50,20600,nM,BindingDB,,68311,
148,P21554,VMCNPERZTWTVQD-UHFFFAOYSA-N,CC1=CC2=CC3=C(C=C2N4C1=NN=C4SCC(=O)NC5=NC(=CS5)C6=CC=CC=C6)OCO3,CC1=CC2=CC3=C(C=C2N4C1=NN=C4SCC(=O)NC5=NC(=CS5)C6=CC=CC=C6)OCO3,IC50,15800,nM,ChEMBL,CHEMBL218,CHEMBL1722279,PubChem BioAssay data set
149,P21554,LFOLMZAFPOQKOJ-UHFFFAOYSA-N,CCCOC1=C2C(=CC(=C1)Br)C=C(C(=O)O2)C(=O)NC3CCCCC3,CCCOC1=C2C(=CC(=C1)Br)C=C(C(=O)O2)C(=O)NC3CCCCC3,IC50,>10000,nM,ChEMBL,CHEMBL218,CHEMBL3410714,25644673
150,P21554,KZUBDNGKPYBRMI-UHFFFAOYSA-N,COC1=CC=C(C=C1)C2=NC3=CC=CC=C3C(=C2)C(=O)NC4=CC=C(C=C4)S(=O)(=O)NC5=NC=CC=N5,COC1=CC=C(C=C1)C2=NC3=CC=CC=C3C(=C2)C(=O)NC4=CC=C(C=C4)S(=O)(=O)NC5=NC=CC=N5,IC50,24500,nM,ChEMBL,CHEMBL218,CHEMBL1305795,PubChem BioAssay data set
151,P21554,SYOAAQQVEDDGIG-UHFFFAOYSA-N,CCCCOC1=C(C=CC2=C1OC(=O)C(=C2)C(=O)NC3CCCCC3)OC,CCCCOC1=C(C=CC2=C1OC(=O)C(=C2)C(=O)NC3CCCCC3)OC,IC50,>10000,nM,ChEMBL,CHEMBL218,CHEMBL3410722,25644673
153,P21554,GTRZQCQBDURIOU-JXMROGBWSA-N,CC(=O)NC1=CC=C(C=C1)OC(=O)CCC(=O)C=CC2=CC=CC=C2,CC(=O)NC1=CC=C(C=C1)OC(=O)CCC(=O)/C=C/C2=CC=CC=C2,IC50,>1.0e+4,nM,BindingDB,,239150,22214210
154,P21554,YXWKIWOKIYMBMA-UHFFFAOYSA-N,CC(C)OC1=C(C=C(C=C1)S(=O)(=O)N2CCOCC2)NC(=O)C3=CC=C(C=C3)N4CCCC4=O,CC(C)OC1=C(C=C(C=C1)S(=O)(=O)N2CCOCC2)NC(=O)C3=CC=C(C=C3)N4CCCC4=O,IC50,>32000,nM,ChEMBL,CHEMBL218,CHEMBL1701470,PubChem BioAssay data set
157,P21554,QHPGFWKRMZAINM-CQSZACIVSA-N,C1COCCN1C2=C3C=NC=CN3C(=N2)C(=O)NC(C4=CC=CC=N4)C(F)(F)F,C1COCCN1C2=C3C=NC=CN3C(=N2)C(=O)N[C@H](C4=CC=CC=N4)C(F)(F)F,IC50,>17000,nM,BindingDB,,50340322,21420860
158,P21554,PTAXWGQFEGHLRE-UHFFFAOYSA-N,CC1=C(SC2=CC=CC(=C12)F)C(=O)NC3=C(C=CC(=C3)S(=O)(=O)N4CCOCC4)OC,CC1=C(SC2=CC=CC(=C12)F)C(=O)NC3=C(C=CC(=C3)S(=O)(=O)N4CCOCC4)OC,IC50,>32000,nM,ChEMBL,CHEMBL218,CHEMBL1715811,PubChem BioAssay data set
161,P21554,HOLAEUJDCSCFDT-UHFFFAOYSA-N,CC1CCC2=C(C1)SC3=NC(=NC(=C23)N4CCN(CC4)C(=O)C5=CC6=C(C=C5)N(C(=N6)C)C)C,CC1CCC2=C(C1)SC3=NC(=NC(=C23)N4CCN(CC4)C(=O)C5=CC6=C(C=C5)N(C(=N6)C)C)C,IC50,19600,nM,BindingDB,,76040,
162,P21554,SPWSCHICTCZHHM-DHZHZOJOSA-N,CCOC(=O)CNC(=O)CCC(=O)C=CC1=CC=C(C=C1)OCC2=CC=CC=C2,CCOC(=O)CNC(=O)CCC(=O)/C=C/C1=CC=C(C=C1)OCC2=CC=CC=C2,IC50,>1.0e+4,nM,BindingDB,,239149,22214210
163,P21554,DLPNYXAJRXKNEW-UHFFFAOYSA-N,CC1=CC2=C(C=CC(=C2)OC)N3C1=NN=C3SCC(=O)N(C)C4=NC(=CS4)C5=CC=CC=C5,CC1=CC2=C(C=CC(=C2)OC)N3C1=NN=C3SCC(=O)N(C)C4=NC(=CS4)C5=CC=CC=C5,IC50,>32000,nM,ChEMBL,CHEMBL218,CHEMBL1459029,PubChem BioAssay data set
164,P21554,IFNYGHXKMOTXNI-GFCCVEGCSA-N,CC(C(C)(C)C)NC(=O)C1=NC(=C2N1C=CN=C2)N3CCC(CC3)(F)F,C[C@H](C(C)(C)C)NC(=O)C1=NC(=C2N1C=CN=C2)N3CCC(CC3)(F)F,IC50,>17000,nM,BindingDB,,50340321,21420860
166,P21554,WOLXXMBHIMTGNW-CISYCMJJSA-N,CC(C(=O)N)N=C(NS(=O)(=O)C1=CC=C(C=C1)O)N2CC(C(=N2)C3=CC=C(C=C3)Cl)C4=CC=CC=C4,C[C@@H](C(=O)N)N=C(NS(=O)(=O)C1=CC=C(C=C1)O)N2CC(C(=N2)C3=CC=C(C=C3)Cl)C4=CC=CC=C4,IC50,>500,nM,ChEMBL,CHEMBL218,CHEMBL2153762,22959249
168,P21554,HYEYYISNOFZJHL-UHFFFAOYSA-N,CCC1=C(NC2=C1C=C(C=C2)Cl)C(=O)NCCC3=CC=C(C=C3)NC(=O)C,CCC1=C(NC2=C1C=C(C=C2)Cl)C(=O)NCCC3=CC=C(C=C3)NC(=O)C,IC50,>10000,nM,BindingDB,,50066797,25797163
170,P21554,SXHBRLSHSAJBTD-UHFFFAOYSA-N,CCCCCCC1=C(C=C(C=C1)OCCCCCCCCCCC(=O)NCC2CC2)O,CCCCCCC1=C(C=C(C=C1)OCCCCCCCCCCC(=O)NCC2CC2)O,IC50,>10000,nM,ChEMBL,CHEMBL218,CHEMBL228566,17561406
171,P21554,SCODIYYFUHKDLG-VOTSOKGWSA-N,C1=CC=C(C=C1)C=CC(=O)CCC(=O)NC(CO)(CO)CO,C1=CC=C(C=C1)/C=C/C(=O)CCC(=O)NC(CO)(CO)CO,IC50,>1.0e+4,nM,BindingDB,,239140,22214210
172,P21554,HJQBIEJQZPGVPT-UHFFFAOYSA-N,C1COCCN1CCNS(=O)(=O)C2=C(C=C(C=C2)NC3=C(C=C(C=C3)Cl)Cl)C(F)(F)F,C1COCCN1CCNS(=O)(=O)C2=C(C=C(C=C2)NC3=C(C=C(C=C3)Cl)Cl)C(F)(F)F,IC50,34090,nM,BindingDB,,242429,
173,P21554,BUZUBEPVBWMZKB-GPNIZQGCSA-N,CC(C)C(C(=O)NCC(=O)N)N=C(NS(=O)(=O)C1=CC=C(C=C1)OC)N2CC(C(=N2)C3=CC=C(C=C3)Cl)C4=CC=CC=C4,CC(C)[C@@H](C(=O)NCC(=O)N)N=C(NS(=O)(=O)C1=CC=C(C=C1)OC)N2CC(C(=N2)C3=CC=C(C=C3)Cl)C4=CC=CC=C4,IC50,>100,nM,ChEMBL,CHEMBL218,CHEMBL2153770,22959249
174,P21554,XZJOVEWPFJEOBL-UHFFFAOYSA-N,CCCCOC1=C(C=CC2=C1OC(=O)C(=C2)C(=O)NCC3CC3)OC,CCCCOC1=C(C=CC2=C1OC(=O)C(=C2)C(=O)NCC3CC3)OC,IC50,>10000,nM,ChEMBL,CHEMBL218,CHEMBL3410724,25644673
176,P21554,OTOQTMSQNZLZDG-UHFFFAOYSA-N,C1=CC=C2C=C(C=CC2=C1)OCCCCCC(=O)NCCO,C1=CC=C2C=C(C=CC2=C1)OCCCCCC(=O)NCCO,IC50,>10000,nM,ChEMBL,CHEMBL218,CHEMBL3596745,"MedChemComm, (2014) 5:10:1571"
177,P21554,CPYIIHGSBLUWEM-UHFFFAOYSA-N,CCC1=C(C=C(S1)C(=O)NC2=C(C=CC(=C2)S(=O)(=O)N3CCOCC3)OC)C,CCC1=C(C=C(S1)C(=O)NC2=C(C=CC(=C2)S(=O)(=O)N3CCOCC3)OC)C,IC50,>32000,nM,BindingDB,,68298,
180,P21554,OAKRXGHCBOVQLB-UHFFFAOYSA-N,CCC1=C(C2=CC=CC=C2S1)C(=O)C3=CC=C(C=C3)OC,CCC1=C(C2=CC=CC=C2S1)C(=O)C3=CC=C(C=C3)OC,IC50,>10000,nM,ChEMBL,CHEMBL218,CHEMBL3935866,27560280
181,P21554,CKLPLPZSUQEDRT-WPCRTTGESA-N,CC1CC2=C(C3(N1)C4=C(C=CC(=C4)Cl)NC3=O)NC5=CC(=C(C=C25)F)Cl,C[C@H]1CC2=C([C@]3(N1)C4=C(C=CC(=C4)Cl)NC3=O)NC5=CC(=C(C=C25)F)Cl,IC50,>10000,nM,BindingDB,,50318666,20813948
183,P21554,LNYHVDOVNSAWJJ-UHFFFAOYSA-N,C1=CC=C2C(=C1)C3=C(N2CCF)C=CC(=C3)NC(=O)CCC4=NC(=NO4)C5=C(C=C(C=C5)F)Br,C1=CC=C2C(=C1)C3=C(N2CCF)C=CC(=C3)NC(=O)CCC4=NC(=NO4)C5=C(C=C(C=C5)F)Br,IC50,>1000,nM,ChEMBL,CHEMBL218,CHEMBL3093378,24139843
184,P21554,HTSLEZOTMYUPLU-UHFFFAOYSA-N,CC1=CC(=C2C(=C1)C(=CC(=N2)C3=CC=CC=N3)C(=O)NC4=CC=C(C=C4)S(=O)(=O)NC5=C(C(=NO5)C)C)C,CC1=CC(=C2C(=C1)C(=CC(=N2)C3=CC=CC=N3)C(=O)NC4=CC=C(C=C4)S(=O)(=O)NC5=C(C(=NO5)C)C)C,IC50,24600,nM,ChEMBL,CHEMBL218,CHEMBL1310336,PubChem BioAssay data set
185,P21554,AJVPUNJYFILEKO-UHFFFAOYSA-N,CCCOC1=C(C=CC2=C1OC(=O)C(=C2)C(=O)NC3CCCCC3)OC,CCCOC1=C(C=CC2=C1OC(=O)C(=C2)C(=O)NC3CCCCC3)OC,IC50,>10000,nM,ChEMBL,CHEMBL218,CHEMBL3410721,25644673
186,P21554,PXJXUUDEYSHZAX-UHFFFAOYSA-N,COC1=CC=C(C=C1)C2=NC3=CC=CC=C3N2C(=O)C4=CC=C(C=C4)OC,COC1=CC=C(C=C1)C2=NC3=CC=CC=C3N2C(=O)C4=CC=C(C=C4)OC,IC50,>10000,nM,BindingDB,,50207270,27560280
188,P21554,BDKPJSNASAZMCK-RZUBCFFCSA-N,CN1CCC(CC1)C(=O)N2CCC(C3C2CCCC3)(C4=CC=CC=C4)O,CN1CCC(CC1)C(=O)N2CC[C@]([C@H]3[C@@H]2CCCC3)(C4=CC=CC=C4)O,IC50,>17000,nM,BindingDB,,50341949,21420857
189,P21554,YHYFBIDRNOUKBC-UHFFFAOYSA-N,CCC1=C(SC(=C1)C(=O)NC2=C(C=CC(=C2)S(=O)(=O)N3CCOCC3)OC)C,CCC1=C(SC(=C1)C(=O)NC2=C(C=CC(=C2)S(=O)(=O)N3CCOCC3)OC)C,IC50,>32000,nM,ChEMBL,CHEMBL218,CHEMBL1730617,PubChem BioAssay data set
190,P21554,WPWVKRXNRXHFQK-UHFFFAOYSA-N,COC1=C(C=C(C=C1)S(=O)(=O)N2CCOCC2)NC(=O)C3=CC=C(C=C3)OC(F)F,COC1=C(C=C(C=C1)S(=O)(=O)N2CCOCC2)NC(=O)C3=CC=C(C=C3)OC(F)F,IC50,>32000,nM,BindingDB,,68301,
192,P21554,JJXMAMRNQTUEMS-UHFFFAOYSA-N,CCCCN1C2=C(CCCCCC2)C=C(C1=O)C(=O)NC3(CCCCC3)C(=O)O,CCCCN1C2=C(CCCCCC2)C=C(C1=O)C(=O)NC3(CCCCC3)C(=O)O,IC50,>2000,nM,BindingDB,,50380887,22444677
193,P21554,CDFBPUHOZFSRSQ-UHFFFAOYSA-N,CC1=NC(=C2C3=C(CCCC3)SC2=N1)N4CCN(CC4)C(=O)C(C)C,CC1=NC(=C2C3=C(CCCC3)SC2=N1)N4CCN(CC4)C(=O)C(C)C,IC50,14743,nM,BindingDB,,76091,
194,P21554,FSQHUGISRUAOMQ-UHFFFAOYSA-N,C1CCC(CC1)CNC(=O)C2=C(N=CC=C2)NC(=O)C3=CC=CC4=CC=CC=C43,C1CCC(CC1)CNC(=O)C2=C(N=CC=C2)NC(=O)C3=CC=CC4=CC=CC=C43,IC50,>10000,nM,BindingDB,,50424486,23227781
195,P21554,IMRLDBWTVGRTPM-UHFFFAOYSA-N,COC1=CC(=CC(=C1)NC2=CC(=C(C=C2)S(=O)(=O)NCC3=CC=CO3)C(F)(F)F)OC,COC1=CC(=CC(=C1)NC2=CC(=C(C=C2)S(=O)(=O)NCC3=CC=CO3)C(F)(F)F)OC,IC50,11380,nM,ChEMBL,CHEMBL218,CHEMBL3906589,None
196,P21554,OPANEYQXRVAEPR-UHFFFAOYSA-N,CCS(=O)(=O)NCCCCCSC1=CC2=CC=CC=C2C=C1,CCS(=O)(=O)NCCCCCSC1=CC2=CC=CC=C2C=C1,IC50,>10000,nM,ChEMBL,CHEMBL218,CHEMBL3596755,"MedChemComm, (2014) 5:10:1571"
197,P21554,HRQXJJWQYKYFHP-UHFFFAOYSA-N,COC1=C(C=C(C=C1)S(=O)(=O)N2CCOCC2)NC(=O)C3=CC4=C(S3)CCCC4,COC1=C(C=C(C=C1)S(=O)(=O)N2CCOCC2)NC(=O)C3=CC4=C(S3)CCCC4,IC50,>32000,nM,ChEMBL,CHEMBL218,CHEMBL1494709,PubChem BioAssay data set
198,P21554,PXRYIQIOPUQBLS-UHFFFAOYSA-N,C1CCC(C1)N2C3=C(C=C(C2=N)C(=O)NCC4=CN=CC=C4)C(=O)N5C=CC=CC5=N3,C1CCC(C1)N2C3=C(C=C(C2=N)C(=O)NCC4=CN=CC=C4)C(=O)N5C=CC=CC5=N3,IC50,>32000,nM,ChEMBL,CHEMBL218,CHEMBL1720072,PubChem BioAssay data set
201,P21554,WRVNPBBTMQTXBC-UHFFFAOYSA-N,CCCCC1(C(=O)N(N(C1=O)C2=CC=CC=C2)C3=CC=CC=C3)CC4=CC(=CC=C4)[N+](=O)[O-],CCCCC1(C(=O)N(N(C1=O)C2=CC=CC=C2)C3=CC=CC=C3)CC4=CC(=CC=C4)[N+](=O)[O-],IC50,11000,nM,ChEMBL,CHEMBL218,CHEMBL1421591,PubChem BioAssay data set
202,P21554,DUVOCISEPNTRPD-UHFFFAOYSA-N,C1CN(CCC1N2C(=O)OC(=N2)C3=CC=CC=C3)C(=O)CC4=CC=C(C=C4)F,C1CN(CCC1N2C(=O)OC(=N2)C3=CC=CC=C3)C(=O)CC4=CC=C(C=C4)F,IC50,11700,nM,BindingDB,,76056,
203,P21554,YDUZZETWBAQFAY-UHFFFAOYSA-N,COC1=CC=C(C=C1)CN2C3=CC=CC=C3N=C2C4=CC=C(C=C4)OC,COC1=CC=C(C=C1)CN2C3=CC=CC=C3N=C2C4=CC=C(C=C4)OC,IC50,>10000,nM,ChEMBL,CHEMBL218,CHEMBL1531383,27560280
204,P21554,CDGLHYPUOWFNMC-CYSDGLOUSA-N,C1CCC2C(C1)C(CCN2C(=O)C3=CC(=NN3)C4=CC=CC=C4F)(C5=CC=CC=C5)O,C1CC[C@@H]2[C@H](C1)[C@](CCN2C(=O)C3=CC(=NN3)C4=CC=CC=C4F)(C5=CC=CC=C5)O,IC50,>17000,nM,BindingDB,,50341931,21420857
206,P21554,BJFUCXISNSPGTJ-QMHWCDLVSA-N,C1CCC2C(C1)C(CCN2C(=O)C3=C4C(=CC=C3)NC=N4)(C5=CC=CC=C5)O,C1CC[C@H]2[C@@H](C1)[C@@](CCN2C(=O)C3=C4C(=CC=C3)NC=N4)(C5=CC=CC=C5)O,IC50,>17000,nM,ChEMBL,CHEMBL218,CHEMBL1765262,21420857
207,P21554,LKHROGMZUBZXNT-UHFFFAOYSA-N,CCCNC1=C(C(=O)N(N=C1)C2=CC(=CC(=C2)C(F)(F)F)C(F)(F)F)Cl,CCCNC1=C(C(=O)N(N=C1)C2=CC(=CC(=C2)C(F)(F)F)C(F)(F)F)Cl,IC50,>10000,nM,BindingDB,,163055,
208,P21554,AWXPIFQUFWZVAF-UHFFFAOYSA-N,CCCC1=NC2=CC=CC=C2N1C(=O)C3=CC=C(C=C3)OC,CCCC1=NC2=CC=CC=C2N1C(=O)C3=CC=C(C=C3)OC,IC50,>10000,nM,BindingDB,,50207260,27560280
209,P21554,SYNHSNBHAZTNRH-HWKANZROSA-N,COC1=C(C=C(C=C1)C=CC(=O)CCC(=O)NCCO)OC,COC1=C(C=C(C=C1)/C=C/C(=O)CCC(=O)NCCO)OC,IC50,>10000,nM,ChEMBL,CHEMBL218,CHEMBL1288089,21074998
210,P21554,RNGSYLUPRZVMDV-UHFFFAOYSA-N,CCCCCOC1=C2C(=CC(=C1)Br)C=C(C(=O)O2)C(=O)NC3CCCCC3,CCCCCOC1=C2C(=CC(=C1)Br)C=C(C(=O)O2)C(=O)NC3CCCCC3,IC50,>10000,nM,ChEMBL,CHEMBL218,CHEMBL3410716,25644673
212,P21554,SAPMRIJLGBJLJJ-UHFFFAOYSA-N,CC(C(=O)NC1=C(C=C2C3=CC=CC=C3OC2=C1)OC)SC4=CC=C(C=C4)NC(=O)C,CC(C(=O)NC1=C(C=C2C3=CC=CC=C3OC2=C1)OC)SC4=CC=C(C=C4)NC(=O)C,IC50,>32000,nM,ChEMBL,CHEMBL218,CHEMBL1332976,PubChem BioAssay data set
213,P21554,RPDYYKRMKKEWQC-UHFFFAOYSA-N,C1OC2=C(O1)C=C(C=C2)OCCCCCNC(=O)N,C1OC2=C(O1)C=C(C=C2)OCCCCCNC(=O)N,IC50,>10000,nM,ChEMBL,CHEMBL218,CHEMBL3596758,"MedChemComm, (2014) 5:10:1571"
214,P21554,CVSFQMUELAWQBC-UHFFFAOYSA-N,CC1=NN(C(=C1C(=O)NN2CCCCC2)N3C=CC=C3)C4=CC=C(C=C4)Cl,CC1=NN(C(=C1C(=O)NN2CCCCC2)N3C=CC=C3)C4=CC=C(C=C4)Cl,IC50,>5000,nM,ChEMBL,CHEMBL218,CHEMBL412252,18293908
215,P21554,ZVMFOTLGDWTGMA-UHFFFAOYSA-N,COC1=CC=C(C=C1)C(=O)N2C3=CC=CC=C3N=C2C4CCCCC4,COC1=CC=C(C=C1)C(=O)N2C3=CC=CC=C3N=C2C4CCCCC4,IC50,>10000,nM,ChEMBL,CHEMBL218,CHEMBL3922512,27560280
217,P21554,YSBFLLZNALVODA-RBUKOAKNSA-N,CCCC(C)(C)C1=CC2=C(C=C1)C3CC(=CCC3C(O2)(C)C)C,CCCC(C)(C)C1=CC2=C(C=C1)[C@@H]3CC(=CC[C@H]3C(O2)(C)C)C,IC50,>10000,nM,ChEMBL,CHEMBL218,CHEMBL371214,"MedChemComm, (2014) 5:10:1571"
219,P21554,BEJODQWULIPCQD-UHFFFAOYSA-N,CCCC1=NC2=CC=CC=C2N1C(=O)C3=CC=CC4=CC=CC=C43,CCCC1=NC2=CC=CC=C2N1C(=O)C3=CC=CC4=CC=CC=C43,IC50,>10000,nM,ChEMBL,CHEMBL218,CHEMBL3981255,27560280
222,P21554,HZWTWWBWQVRNNN-UHFFFAOYSA-N,CCCCCOC1=C(C=CC2=C1OC(=O)C(=C2)C(=O)NCC3=CC4=C(C=C3)OCO4)OC,CCCCCOC1=C(C=CC2=C1OC(=O)C(=C2)C(=O)NCC3=CC4=C(C=C3)OCO4)OC,IC50,>10000,nM,ChEMBL,CHEMBL218,CHEMBL3410729,25644673
223,P21554,DFIVWRVLJYNACC-UHFFFAOYSA-N,CC1(CC(CC(C1)(C)C)N2C(=O)C(=C(C=N2)Cl)Cl)C,CC1(CC(CC(C1)(C)C)N2C(=O)C(=C(C=N2)Cl)Cl)C,IC50,>10000,nM,BindingDB,,163039,
224,P21554,YFPOEFGJMGESDL-DEOSSOPVSA-N,C1CCCC2=C(CC1)C=C(C(=O)N2CC3CCCCC3)C(=O)NC(C4=CC=CC=C4)C(=O)O,C1CCCC2=C(CC1)C=C(C(=O)N2CC3CCCCC3)C(=O)N[C@@H](C4=CC=CC=C4)C(=O)O,IC50,>2000,nM,BindingDB,,50382747,22421019
225,P21554,JOZYTWDCUDUIGI-UHFFFAOYSA-N,CC(=O)NC1=CC=C(C=C1)OC(=O)CCC(=O)NC2=CC=CC3=CC=CC=C32,CC(=O)NC1=CC=C(C=C1)OC(=O)CCC(=O)NC2=CC=CC3=CC=CC=C32,IC50,>1.0e+4,nM,BindingDB,,239154,22214210
228,P21554,JKOKWNBLJPOKNE-GOSISDBHSA-N,CC1=NOC(=N1)C(C(C)(C)C)NC(=O)N2C3=CC=CC=C3N(C2=O)CCN4CCOCC4,CC1=NOC(=N1)[C@H](C(C)(C)C)NC(=O)N2C3=CC=CC=C3N(C2=O)CCN4CCOCC4,IC50,>10000,nM,BindingDB,,50260674,18440813
230,P21554,UROZAHXMNISVLP-UHFFFAOYSA-N,CC1=C(ON=C1C)NS(=O)(=O)C2=CC=C(C=C2)NC(=O)C3=CC(=NC4=CC=CC=C43)C5=CC=CC=C5Cl,CC1=C(ON=C1C)NS(=O)(=O)C2=CC=C(C=C2)NC(=O)C3=CC(=NC4=CC=CC=C43)C5=CC=CC=C5Cl,IC50,18800,nM,BindingDB,,76087,
231,P21554,RARSOSZGLZWADN-UHFFFAOYSA-N,C1C(C(=NN1C(=NCC(=O)N)NS(=O)(=O)C2=CC=C(C=C2)Cl)C3=CC=C(C=C3)Cl)C4=CC=CC=C4,C1C(C(=NN1C(=NCC(=O)N)NS(=O)(=O)C2=CC=C(C=C2)Cl)C3=CC=C(C=C3)Cl)C4=CC=CC=C4,IC50,>1000,nM,ChEMBL,CHEMBL218,CHEMBL2153662,22959249
232,P21554,RCNJZTHWNBKXOO-UHFFFAOYSA-N,CCCCCC(=O)NC1=CC=C(C=C1)CCNC(=O)C2=C(C3=C(N2)C=CC(=C3)Cl)CC,CCCCCC(=O)NC1=CC=C(C=C1)CCNC(=O)C2=C(C3=C(N2)C=CC(=C3)Cl)CC,IC50,>10000,nM,BindingDB,,50066799,25797163
234,P21554,WMSFTUDINNLMBX-UHFFFAOYSA-N,CCNC(=O)NCCCCCOC1=CC=CC2=CC=CC=C21,CCNC(=O)NCCCCCOC1=CC=CC2=CC=CC=C21,IC50,>10000,nM,ChEMBL,CHEMBL218,CHEMBL3596203,"MedChemComm, (2014) 5:10:1571"
235,P21554,GDOISIIWVAYJII-YJBOKZPZSA-N,C1CCC(C(C1)NC(=O)N2C3=CC=CC=C3N(C2=O)CCN4CCOCC4)O,C1CC[C@@H]([C@H](C1)NC(=O)N2C3=CC=CC=C3N(C2=O)CCN4CCOCC4)O,IC50,>10000,nM,ChEMBL,CHEMBL218,CHEMBL494564,18440813
236,P21554,LCVVPMVFUGNKDK-UHFFFAOYSA-N,CC(C)C1=NC2=CC=CC=C2N1C(=O)C3=CC=CC4=CC=CC=C43,CC(C)C1=NC2=CC=CC=C2N1C(=O)C3=CC=CC4=CC=CC=C43,IC50,>10000,nM,ChEMBL,CHEMBL218,CHEMBL3932295,27560280
238,P21554,DIHHKZBFMIBXSG-KEKNWZKVSA-N,C1C(C(=NN1C(=NC(CC(=O)N)C(=O)N)NS(=O)(=O)C2=CC=C(C=C2)Cl)C3=CC=C(C=C3)Cl)C4=CC=CC=C4,C1C(C(=NN1C(=N[C@@H](CC(=O)N)C(=O)N)NS(=O)(=O)C2=CC=C(C=C2)Cl)C3=CC=C(C=C3)Cl)C4=CC=CC=C4,IC50,>100,nM,BindingDB,,50392306,22959249
242,P21554,YEAPPULZCJSLHC-UHFFFAOYSA-N,C1CCC(C1)C2=NC3=CC=CC=C3N2C(=O)C4=CC=CC5=CC=CC=C54,C1CCC(C1)C2=NC3=CC=CC=C3N2C(=O)C4=CC=CC5=CC=CC=C54,IC50,>10000,nM,BindingDB,,50207250,27560280
243,P21554,BIICSDGTLAHWES-UHFFFAOYSA-N,C1COCCC1CNC(=O)C2=C(C=CC=N2)NC(=O)C3=CC=C(C4=CC=CC=C43)C(=O)O,C1COCCC1CNC(=O)C2=C(C=CC=N2)NC(=O)C3=CC=C(C4=CC=CC=C43)C(=O)O,IC50,>10000000,nM,BindingDB,,50424480,23227781
244,P21554,RFBPLZZVEFTOML-UHFFFAOYSA-N,CC(C(=O)NC1=CC(=CC=C1)S(=O)(=O)N2CCOCC2)SC3=NC4=C(S3)C=CC(=C4)Cl,CC(C(=O)NC1=CC(=CC=C1)S(=O)(=O)N2CCOCC2)SC3=NC4=C(S3)C=CC(=C4)Cl,IC50,>32000,nM,ChEMBL,CHEMBL218,CHEMBL1398595,PubChem BioAssay data set
246,P21554,PXJALOAVEBCCNR-XODKDNOYSA-N,CN1CCOCC1C(=O)N2CCC(C3C2CCCC3)(C4=CC=CC=C4)O,CN1CCOC[C@H]1C(=O)N2CC[C@]([C@H]3[C@@H]2CCCC3)(C4=CC=CC=C4)O,IC50,>17000,nM,BindingDB,,50341952,21420857
247,P21554,YBAMKQFFVRKROL-UHFFFAOYSA-N,CC1=CC2=C(C=CC(=C2)OC)N3C1=NN=C3SCC(=O)NC4=NC(=CS4)C,CC1=CC2=C(C=CC(=C2)OC)N3C1=NN=C3SCC(=O)NC4=NC(=CS4)C,IC50,>32000,nM,BindingDB,,68328,
249,P21554,LBIFDVNEGZHVAM-UHFFFAOYSA-N,CCNC(=O)C1=CC2=C(N=C3C=CC=CN3C2=O)N(C1=N)C4CCCC4,CCNC(=O)C1=CC2=C(N=C3C=CC=CN3C2=O)N(C1=N)C4CCCC4,IC50,>32000,nM,BindingDB,,76044,
250,P21554,LLVSVPLTBJKUOS-UHFFFAOYSA-N,CC1=C(C(=CC=C1)N2CCN(CC2)C(=O)C3=CC(=CC=C3)S(=O)(=O)N(C)C)C,CC1=C(C(=CC=C1)N2CCN(CC2)C(=O)C3=CC(=CC=C3)S(=O)(=O)N(C)C)C,IC50,>32000,nM,ChEMBL,CHEMBL218,CHEMBL1718746,PubChem BioAssay data set
252,P21554,OIZQVTBUZIXHPS-UHFFFAOYSA-N,CC1=CN2C(=NC3=C(C2=O)C=C(C(=N)N3C4CCCC4)C(=O)NCC5=CC=CO5)C=C1,CC1=CN2C(=NC3=C(C2=O)C=C(C(=N)N3C4CCCC4)C(=O)NCC5=CC=CO5)C=C1,IC50,>32000,nM,ChEMBL,CHEMBL218,CHEMBL1441155,PubChem BioAssay data set
253,P21554,LYRSIZVFIURJHI-MDZDMXLPSA-N,CCC(C)(NC(=O)CCC(=O)C=CC1=CC=CC=C1)O,CCC(C)(NC(=O)CCC(=O)/C=C/C1=CC=CC=C1)O,IC50,>1.0e+4,nM,BindingDB,,239139,22214210
255,P21554,FDWNYBZVBFOYJL-UHFFFAOYSA-N,CCNC(=O)NCCCCCOC1=CC2=CC=CC=C2C=C1,CCNC(=O)NCCCCCOC1=CC2=CC=CC=C2C=C1,IC50,>10000,nM,ChEMBL,CHEMBL218,CHEMBL3596752,"MedChemComm, (2014) 5:10:1571"
258,P21554,DOFHYXBPOKRVPS-UHFFFAOYSA-N,CC1=C(C(=CC=C1)N2CCN(CC2)C(=O)C3=CC(=CC=C3)S(=O)(=O)N4CCCCC4)C,CC1=C(C(=CC=C1)N2CCN(CC2)C(=O)C3=CC(=CC=C3)S(=O)(=O)N4CCCCC4)C,IC50,>32000,nM,ChEMBL,CHEMBL218,CHEMBL1704166,PubChem BioAssay data set
262,P21554,FBEFPALAZDNXFG-UHFFFAOYSA-N,C1CCCC2=C(CC1)C=C(C(=O)N2CC3CCCCC3)C(=O)NC4=NC(=CS4)C(=O)O,C1CCCC2=C(CC1)C=C(C(=O)N2CC3CCCCC3)C(=O)NC4=NC(=CS4)C(=O)O,IC50,>2000,nM,ChEMBL,CHEMBL218,CHEMBL2023579,22421019
263,P21554,HRCYLFULZXRXQY-UHFFFAOYSA-N,CC(C)C1=CC=CC=C1NC(=O)NC2=CC=CC(=C2)C3=NC(=CC=C3)N4CCCC4,CC(C)C1=CC=CC=C1NC(=O)NC2=CC=CC(=C2)C3=NC(=CC=C3)N4CCCC4,IC50,>10000,nM,ChEMBL,CHEMBL218,CHEMBL3341890,25162172
264,P21554,JWFYXZLYYOPUMO-UHFFFAOYSA-N,C1=CC=C2C(=C1)C3=C(N2CCCCO)C=CC(=C3)NC(=O)CCC4=NC(=NO4)C5=C(C=C(C=C5)F)Br,C1=CC=C2C(=C1)C3=C(N2CCCCO)C=CC(=C3)NC(=O)CCC4=NC(=NO4)C5=C(C=C(C=C5)F)Br,IC50,>1000,nM,ChEMBL,CHEMBL218,CHEMBL3093369,24139843
265,P21554,FCFRRERPZXNRCF-UHFFFAOYSA-N,CCOC(=O)C1=CC2=C(N=C3C=CC=CN3C2=O)N(C1=N)CC4=CC=CC=C4,CCOC(=O)C1=CC2=C(N=C3C=CC=CN3C2=O)N(C1=N)CC4=CC=CC=C4,IC50,>32000,nM,ChEMBL,CHEMBL218,CHEMBL1420151,PubChem BioAssay data set
266,P21554,OAFBBLQLICKSQI-UHFFFAOYSA-N,C1C(CN1S(=O)(=O)C2=CC(=CC(=C2)C(F)(F)F)C(F)(F)F)NC(=O)CC3=CC=C(C=C3)C(F)(F)F,C1C(CN1S(=O)(=O)C2=CC(=CC(=C2)C(F)(F)F)C(F)(F)F)NC(=O)CC3=CC=C(C=C3)C(F)(F)F,IC50,>10000,nM,ChEMBL,CHEMBL218,CHEMBL522945,19320488
267,P21554,BAUQELIGAWYSBS-UHFFFAOYSA-N,C1CCC2=C(C1)C=C(S2)C(=O)NC3=CC(=CC=C3)S(=O)(=O)N4CCOCC4,C1CCC2=C(C1)C=C(S2)C(=O)NC3=CC(=CC=C3)S(=O)(=O)N4CCOCC4,IC50,>32000,nM,BindingDB,,68330,
268,P21554,YGIKSMCSADYGOY-UHFFFAOYSA-N,CCC1=C(NC2=C1C=C(C=C2)Cl)C(=O)NC3=CC=CC(=C3)C4=NC(=CC=C4)N(C)C,CCC1=C(NC2=C1C=C(C=C2)Cl)C(=O)NC3=CC=CC(=C3)C4=NC(=CC=C4)N(C)C,IC50,>10000,nM,ChEMBL,CHEMBL218,CHEMBL3401610,25797163
270,P21554,ZHODJNPRVCPMFG-CSKARUKUSA-N,CCOC(=O)CNC(=O)CCC(=O)C=CC1=CC2=CC=CC=C2C=C1,CCOC(=O)CNC(=O)CCC(=O)/C=C/C1=CC2=CC=CC=C2C=C1,IC50,>10000,nM,ChEMBL,CHEMBL218,CHEMBL1288150,21074998
271,P21554,MLHWGNKOTOBZKF-UHFFFAOYSA-N,CN=C(NS(=O)(=O)C1=CC=C(C=C1)C(=O)O)N2CC(C(=N2)C3=CC=C(C=C3)Cl)C4=CC=CC=C4,CN=C(NS(=O)(=O)C1=CC=C(C=C1)C(=O)O)N2CC(C(=N2)C3=CC=C(C=C3)Cl)C4=CC=CC=C4,IC50,>5000,nM,ChEMBL,CHEMBL218,CHEMBL2153649,22959249
273,P21554,KHABPDQLPRMQRS-UHFFFAOYSA-N,CCCCCCC1=C(C=C(C=C1)OCCCCCCCCCCC(=O)NCC2=CC(=C(C=C2)OC)O)O,CCCCCCC1=C(C=C(C=C1)OCCCCCCCCCCC(=O)NCC2=CC(=C(C=C2)OC)O)O,IC50,>10000,nM,BindingDB,,50215226,17561406
274,P21554,FFZVSWSBYQHFGC-UHFFFAOYSA-N,CCOC1=CC=CC=C1N2CCN(CC2)C(=O)C3=C(C=CC(=C3)S(=O)(=O)N(C)C)N4CCCC4,CCOC1=CC=CC=C1N2CCN(CC2)C(=O)C3=C(C=CC(=C3)S(=O)(=O)N(C)C)N4CCCC4,IC50,>32000,nM,ChEMBL,CHEMBL218,CHEMBL1592197,PubChem BioAssay data set
276,P21554,VTIQOPXBRQFVHQ-UHFFFAOYSA-N,CC1=CC2=CC=CC=C2N3C1=NN=C3SCC(=O)NC4=NC(=CS4)C5=CC=C(C=C5)OC,CC1=CC2=CC=CC=C2N3C1=NN=C3SCC(=O)NC4=NC(=CS4)C5=CC=C(C=C5)OC,IC50,>32000,nM,ChEMBL,CHEMBL218,CHEMBL1714272,PubChem BioAssay data set
278,P21554,QOXMHGXEHCEFOH-UHFFFAOYSA-N,CC1(CC(CC(C1)(C)C)N2C(=O)C3=CN(N=C3C=N2)CCN4CCOCC4)C,CC1(CC(CC(C1)(C)C)N2C(=O)C3=CN(N=C3C=N2)CCN4CCOCC4)C,IC50,>10000,nM,BindingDB,,163070,
279,P21554,BNPTZRKICZEZPR-SQWHNCPASA-N,CN1CC(CCC1=O)C(=O)N2CCC(C3C2CCCC3)(C4=CC=CC=C4)O,CN1CC(CCC1=O)C(=O)N2CC[C@]([C@H]3[C@@H]2CCCC3)(C4=CC=CC=C4)O,IC50,>17000,nM,BindingDB,,50341959,21420857
280,P21554,RBCNHSTYGFNEOG-UHFFFAOYSA-N,CCCCC1=NC2=CC=CC=C2N1C(=O)C3=CC=C(C=C3)OC,CCCCC1=NC2=CC=CC=C2N1C(=O)C3=CC=C(C=C3)OC,IC50,>10000,nM,BindingDB,,50207248,27560280
281,P21554,OLYFYXVHVAYYNB-UHFFFAOYSA-N,COC1=CC(=CC(=C1)NC2=CC(=C(C=C2)S(=O)(=O)N3CCC4=CC=CC=C43)C(F)(F)F)OC,COC1=CC(=CC(=C1)NC2=CC(=C(C=C2)S(=O)(=O)N3CCC4=CC=CC=C43)C(F)(F)F)OC,IC50,12000,nM,BindingDB,,242457,
282,P21554,DMYLIFKDVYIQAM-UHFFFAOYSA-N,C1CCC(CC1)C(=O)N2C3CC2CN(C3)S(=O)(=O)C4=CC=CC5=CC=CC=C54,C1CCC(CC1)C(=O)N2C3CC2CN(C3)S(=O)(=O)C4=CC=CC5=CC=CC=C54,IC50,>10000,nM,ChEMBL,CHEMBL218,CHEMBL484478,19320488
283,P21554,NHAAXFJNCOPWPB-UHFFFAOYSA-N,C1CCN(C1)C2=CC=CC(=N2)C3=CC(=CC=C3)NC(=O)NC4=CC=CC5=CC=CC=C54,C1CCN(C1)C2=CC=CC(=N2)C3=CC(=CC=C3)NC(=O)NC4=CC=CC5=CC=CC=C54,IC50,>10000,nM,BindingDB,,50023685,25162172
284,P21554,MFYZOIPEYIFSRO-UHFFFAOYSA-N,CC(C)CC1=NC2=CC=CC=C2N1C(=O)C3=CC=C(C=C3)OC,CC(C)CC1=NC2=CC=CC=C2N1C(=O)C3=CC=C(C=C3)OC,IC50,>10000,nM,ChEMBL,CHEMBL218,CHEMBL3932516,27560280
285,P21554,HEKAKRIKHWYOMJ-UHFFFAOYSA-N,CN(C)S(=O)(=O)C1=CC(=C(C=C1)N2CCCC2)C(=O)N3CCN(CC3)C4=CC=CC=C4,CN(C)S(=O)(=O)C1=CC(=C(C=C1)N2CCCC2)C(=O)N3CCN(CC3)C4=CC=CC=C4,IC50,>32000,nM,BindingDB,,68299,
287,P21554,KTYYVXHOAFGXSL-UHFFFAOYSA-N,CC1CCC2=C(C1)SC3=NC(=NC(=C23)N4CCN(CC4)C(=O)C5CC5)C,CC1CCC2=C(C1)SC3=NC(=NC(=C23)N4CCN(CC4)C(=O)C5CC5)C,IC50,17900,nM,ChEMBL,CHEMBL218,CHEMBL1721827,PubChem BioAssay data set
288,P21554,VRSJAHQGJHDACS-UHFFFAOYSA-N,CC1=C(C(=CC=C1)N2CCN(CC2)C(=O)C3=C(C=CC(=C3)S(=O)(=O)N(C)C)N4CCCC4)C,CC1=C(C(=CC=C1)N2CCN(CC2)C(=O)C3=C(C=CC(=C3)S(=O)(=O)N(C)C)N4CCCC4)C,IC50,21700,nM,ChEMBL,CHEMBL218,CHEMBL1385076,PubChem BioAssay data set
290,P21554,FWUQHSBFLPLCAJ-UHFFFAOYSA-N,COC1=CC=C(C=C1)C(=O)N2C3=CC=CC=C3N=C2C4CCCC4,COC1=CC=C(C=C1)C(=O)N2C3=CC=CC=C3N=C2C4CCCC4,IC50,>10000,nM,ChEMBL,CHEMBL218,CHEMBL3950235,27560280
294,P21554,UOXHGECIQXHSKI-FJIJXJHWSA-N,C1CCC2C(C1)C(CCN2C(=O)C3=C4C=CNC4=CC=C3)(C5=CC=CC=C5)O,C1CC[C@@H]2[C@H](C1)[C@](CCN2C(=O)C3=C4C=CNC4=CC=C3)(C5=CC=CC=C5)O,IC50,>17000,nM,ChEMBL,CHEMBL218,CHEMBL1765246,21420857
295,P21554,WRBFPGYDKJBYBI-SJORKVTESA-N,CN1C=NC(=C1SC2=NC=C(C=C2)Cl)C3=CC=C(C=C3)C4CC4C(=O)N(C)C,CN1C=NC(=C1SC2=NC=C(C=C2)Cl)C3=CC=C(C=C3)[C@H]4C[C@@H]4C(=O)N(C)C,IC50,30000,nM,ChEMBL,CHEMBL218,CHEMBL2386558,24900701
296,P21554,RQVUMULNDKKRDG-SOFGYWHQSA-N,C1=CC=C2C=C(C=CC2=C1)C=CC(=O)CCC(=O)NCCO,C1=CC=C2C=C(C=CC2=C1)/C=C/C(=O)CCC(=O)NCCO,IC50,>10000,nM,ChEMBL,CHEMBL218,CHEMBL1288120,21074998
297,P21554,UWFGRWQWQQPOFQ-UHFFFAOYSA-N,CNC1=CC=C(C=C1)CCNC(=O)C2=CC3=C(N2)C=CC(=C3)Cl,CNC1=CC=C(C=C1)CCNC(=O)C2=CC3=C(N2)C=CC(=C3)Cl,IC50,>10000,nM,ChEMBL,CHEMBL218,CHEMBL2071074,22571451
298,P21554,HIBNODAHGAXOTR-UHFFFAOYSA-N,CCC1=C(NC2=C1C=C(C=C2)Cl)C(=O)NCCC3=CC(=C(C=C3)OC)O,CCC1=C(NC2=C1C=C(C=C2)Cl)C(=O)NCCC3=CC(=C(C=C3)OC)O,IC50,>10000,nM,ChEMBL,CHEMBL218,CHEMBL3401606,25797163
300,P21554,NSTSWSVXSSYQCZ-UHFFFAOYSA-N,C1CC(C1)C(=O)N2CCN(CC2)C(C3=CC=CC=C3)C4=C(C=C(C=C4)Cl)Cl,C1CC(C1)C(=O)N2CCN(CC2)C(C3=CC=CC=C3)C4=C(C=C(C=C4)Cl)Cl,IC50,>10000,nM,BindingDB,,50312589,20047779
301,P21554,XKELDNSNSJFQKT-UHFFFAOYSA-N,CCCCCCC1=C(C=C(C=C1)OCCCCCCCCCCCC(=O)NCCO)O,CCCCCCC1=C(C=C(C=C1)OCCCCCCCCCCCC(=O)NCCO)O,IC50,>10000,nM,ChEMBL,CHEMBL218,CHEMBL229820,17561406
302,P21554,HFHMZZBOHTVBEJ-UHFFFAOYSA-N,CCC1CCC2=C(C1)C=C(S2)C(=O)NC3=C(C=CC(=C3)S(=O)(=O)N4CCOCC4)OC,CCC1CCC2=C(C1)C=C(S2)C(=O)NC3=C(C=CC(=C3)S(=O)(=O)N4CCOCC4)OC,IC50,>32000,nM,BindingDB,,68316,
303,P21554,HJNDHOPNLQLLID-UHFFFAOYSA-N,CC1(CC(CC(C1)(C)C)N2C(=O)C(=C(C=N2)NC)Cl)C,CC1(CC(CC(C1)(C)C)N2C(=O)C(=C(C=N2)NC)Cl)C,IC50,>10000,nM,ChEMBL,CHEMBL218,CHEMBL3696822,None
304,P21554,SZAKZPXJYDZZEA-UHFFFAOYSA-N,C1CCN(CC1)NC(=O)C2=NN(C(=C2C#N)N3C=CC=C3)C4=CC=CC=C4,C1CCN(CC1)NC(=O)C2=NN(C(=C2C#N)N3C=CC=C3)C4=CC=CC=C4,IC50,>5000,nM,ChEMBL,CHEMBL218,CHEMBL411303,18293908
305,P21554,BHUFAMDEGOUAKE-UHFFFAOYSA-N,C1CCN(CC1)C(=O)N2CCN(CC2)C(C3=CC=CC=C3)C4=C(C=C(C=C4)Cl)Cl,C1CCN(CC1)C(=O)N2CCN(CC2)C(C3=CC=CC=C3)C4=C(C=C(C=C4)Cl)Cl,IC50,>10000,nM,BindingDB,,50312593,20047779
307,P21554,XOMQERYBMDFBAG-SFQUDFHCSA-N,CN(C1=CC=CC=C1)S(=O)(=O)C2=CC=C(C=C2)NC(=S)NC(=O)C=CC3=CC=CC=C3OC,CN(C1=CC=CC=C1)S(=O)(=O)C2=CC=C(C=C2)NC(=S)NC(=O)/C=C/C3=CC=CC=C3OC,IC50,>32000,nM,ChEMBL,CHEMBL218,CHEMBL1532240,PubChem BioAssay data set
308,P21554,WOJIUTKWJQPBIU-SOFGYWHQSA-N,C1=CC=C2C=C(C=CC2=C1)C=CC(=O)CCC(=O)N(CCO)CCO,C1=CC=C2C=C(C=CC2=C1)/C=C/C(=O)CCC(=O)N(CCO)CCO,IC50,>10000,nM,ChEMBL,CHEMBL218,CHEMBL1288179,21074998
309,P21554,WXBVFZVJSITTKR-UHFFFAOYSA-N,CN(C)S(=O)(=O)C1=CC(=C(C=C1)N2CCCC2)C(=O)N3CCN(CC3)C4=CC=C(C=C4)[N+](=O)[O-],CN(C)S(=O)(=O)C1=CC(=C(C=C1)N2CCCC2)C(=O)N3CCN(CC3)C4=CC=C(C=C4)[N+](=O)[O-],IC50,>32000,nM,ChEMBL,CHEMBL218,CHEMBL1585996,PubChem BioAssay data set
311,P21554,PQUSMSKDJBVHID-UHFFFAOYSA-N,CC1=CC2=C3C(=C1)C(=CC(N3C(=O)C24N(C(=O)CS4)C5=CC=C(C=C5)O)(C)C)C,CC1=CC2=C3C(=C1)C(=CC(N3C(=O)C24N(C(=O)CS4)C5=CC=C(C=C5)O)(C)C)C,IC50,>32000,nM,ChEMBL,CHEMBL218,CHEMBL1581985,PubChem BioAssay data set
312,P21554,LAEJFMXDNTZBEC-ONTIZHBOSA-N,C1CCC2C(C1)C(CCN2C(=O)C3=CC=CC=C3)(C4=CC=CC=C4)O,C1CC[C@H]2[C@H](C1)[C@](CCN2C(=O)C3=CC=CC=C3)(C4=CC=CC=C4)O,IC50,>17000,nM,BindingDB,,50341921,21420857
313,P21554,DTRFFFACTSWSNK-UHFFFAOYSA-N,CCCCCCOC1=C2C(=CC(=C1)Br)C=C(C(=O)O2)C(=O)NC3CCCCC3,CCCCCCOC1=C2C(=CC(=C1)Br)C=C(C(=O)O2)C(=O)NC3CCCCC3,IC50,>10000,nM,ChEMBL,CHEMBL218,CHEMBL3410717,25644673
315,P21554,HTUSIRLLEGBZGH-MRXNPFEDSA-N,CC(C)(C)C(C(=O)N)NC(=O)N1C2=CC=CC=C2N(C1=O)CCC3(CCOCC3)O,CC(C)(C)[C@@H](C(=O)N)NC(=O)N1C2=CC=CC=C2N(C1=O)CCC3(CCOCC3)O,IC50,>10000,nM,BindingDB,,50260751,18440813
316,P21554,NIHVVAYWHTUYRX-UHFFFAOYSA-N,CC1=CC(=CC(=C1)N2C(=O)C(=C(C=N2)NCCN3CCOCC3)Cl)C,CC1=CC(=CC(=C1)N2C(=O)C(=C(C=N2)NCCN3CCOCC3)Cl)C,IC50,>10000,nM,ChEMBL,CHEMBL218,CHEMBL3696835,None
317,P21554,MIQCJUOSZDCDIS-CISYCMJJSA-N,CC(C(=O)O)N=C(NS(=O)(=O)C1=CC=C(C=C1)Cl)N2CC(C(=N2)C3=CC=C(C=C3)Cl)C4=CC=CC=C4,C[C@@H](C(=O)O)N=C(NS(=O)(=O)C1=CC=C(C=C1)Cl)N2CC(C(=N2)C3=CC=C(C=C3)Cl)C4=CC=CC=C4,IC50,>1000,nM,BindingDB,,50392317,22959249
320,P21554,YJJXLJXTINUIHK-UHFFFAOYSA-N,CC(C)(C)C1=NC2=CC=CC=C2N1C(=O)C3=CC=CC4=CC=CC=C43,CC(C)(C)C1=NC2=CC=CC=C2N1C(=O)C3=CC=CC4=CC=CC=C43,IC50,>10000,nM,ChEMBL,CHEMBL218,CHEMBL3901140,27560280
321,P21554,KFLDWHRPRZSDAU-UHFFFAOYSA-N,COC(=O)C1=C(C2=CC=CC=C2C1(C#N)C3=CC=CC=C3)N,COC(=O)C1=C(C2=CC=CC=C2C1(C#N)C3=CC=CC=C3)N,IC50,>32000,nM,ChEMBL,CHEMBL218,CHEMBL1572633,PubChem BioAssay data set
322,P21554,NIGNSSJZUNHUFJ-UHFFFAOYSA-N,COCCN(CCOC)S(=O)(=O)C1=C(C=C(C=C1)NC2=CC(=CC(=C2)OC)OC)C(F)(F)F,COCCN(CCOC)S(=O)(=O)C1=C(C=C(C=C1)NC2=CC(=CC(=C2)OC)OC)C(F)(F)F,IC50,12000,nM,ChEMBL,CHEMBL218,CHEMBL3940055,None
323,P21554,ZUORCZYEOXPHGZ-UHFFFAOYSA-N,CC(C)OC1=C(C=C(C=C1)S(=O)(=O)N2CCOCC2)NC(=O)C3=CC4=CC=CC=C4S3,CC(C)OC1=C(C=C(C=C1)S(=O)(=O)N2CCOCC2)NC(=O)C3=CC4=CC=CC=C4S3,IC50,>32000,nM,BindingDB,,68310,
324,P21554,FIDJJNCJJRGHEV-UHFFFAOYSA-N,CCCNC1=CC(=O)N(N=C1)C2CC(CC(C2)(C)C)(C)C,CCCNC1=CC(=O)N(N=C1)C2CC(CC(C2)(C)C)(C)C,IC50,>10000,nM,ChEMBL,CHEMBL218,CHEMBL3696827,None
328,P21554,COTDGHSAHNTADR-UHFFFAOYSA-N,CC(C1=CC=C(C=C1)F)NC(=O)N2C3=CC=CC=C3N(C2=O)CCN4CCOCC4,CC(C1=CC=C(C=C1)F)NC(=O)N2C3=CC=CC=C3N(C2=O)CCN4CCOCC4,IC50,>10000,nM,ChEMBL,CHEMBL218,CHEMBL493804,18440813
329,P21554,XGTFHIJGWDETSN-UHFFFAOYSA-N,CCCNC1=C(C(=O)N(N=C1)C2=CC(=CC(=C2)Cl)Cl)Cl,CCCNC1=C(C(=O)N(N=C1)C2=CC(=CC(=C2)Cl)Cl)Cl,IC50,>10000,nM,ChEMBL,CHEMBL218,CHEMBL3696840,None
330,P21554,MGJMAZRUTZKUAL-RZUBCFFCSA-N,CC1=NC=C(C=C1)C(=O)N2CCC(C3C2CCCC3)(C4=CC=CC=C4)O,CC1=NC=C(C=C1)C(=O)N2CC[C@]([C@H]3[C@@H]2CCCC3)(C4=CC=CC=C4)O,IC50,>17000,nM,ChEMBL,CHEMBL218,CHEMBL1765276,21420857
331,P21554,YFIBTPCBIAMZLW-GOSISDBHSA-N,CC(C)(C)C(C(=O)N(C)C)NC(=O)N1C2=CC=CC=C2N(C1=O)CCN3CCOCC3,CC(C)(C)[C@@H](C(=O)N(C)C)NC(=O)N1C2=CC=CC=C2N(C1=O)CCN3CCOCC3,IC50,>10000,nM,ChEMBL,CHEMBL218,CHEMBL522675,18440813
333,P21554,OHLHCTKUOCPKJM-UHFFFAOYSA-N,CCNC(=O)NCCCCCSC1=CC2=CC=CC=C2C=C1,CCNC(=O)NCCCCCSC1=CC2=CC=CC=C2C=C1,IC50,>10000,nM,ChEMBL,CHEMBL218,CHEMBL3596756,"MedChemComm, (2014) 5:10:1571"
334,P21554,NQAXYXKWUOWLNN-UHFFFAOYSA-N,CC1=CC2=C(C=C(C=C2)OC)N3C1=NN=C3SCC(=O)NC4=NC(=CS4)C5=CC=C(C=C5)F,CC1=CC2=C(C=C(C=C2)OC)N3C1=NN=C3SCC(=O)NC4=NC(=CS4)C5=CC=C(C=C5)F,IC50,>32000,nM,ChEMBL,CHEMBL218,CHEMBL1718432,PubChem BioAssay data set
339,P21554,PXJALOAVEBCCNR-KXZRCVDZSA-N,CN1CCOCC1C(=O)N2CCC(C3C2CCCC3)(C4=CC=CC=C4)O,CN1CCOCC1C(=O)N2CC[C@]([C@H]3[C@@H]2CCCC3)(C4=CC=CC=C4)O,IC50,>17000,nM,BindingDB,,50341947,21420857
340,P21554,CDIRHUZPZXHKIP-UHFFFAOYSA-N,CCCCOC1=C2C(=CC(=C1)Br)C=C(C(=O)O2)C(=O)NC3CC3,CCCCOC1=C2C(=CC(=C1)Br)C=C(C(=O)O2)C(=O)NC3CC3,IC50,>10000,nM,BindingDB,,50073075,25644673
342,P21554,IJBXDCHWDJGFKN-UHFFFAOYSA-N,CC1=C(N(N=C1C(=O)NN2CCOCC2)C3=C(C=C(C=C3)F)F)N4C=CC=C4,CC1=C(N(N=C1C(=O)NN2CCOCC2)C3=C(C=C(C=C3)F)F)N4C=CC=C4,IC50,>5000,nM,ChEMBL,CHEMBL218,CHEMBL270345,18293908
343,P21554,KFPUJRPTEYGPLI-UHFFFAOYSA-N,CC1=C(C(=CC=C1)N2CCN(CC2)C(=O)C3=C(C=CC(=C3)S(=O)(=O)N(C)C)Cl)C,CC1=C(C(=CC=C1)N2CCN(CC2)C(=O)C3=C(C=CC(=C3)S(=O)(=O)N(C)C)Cl)C,IC50,15600,nM,BindingDB,,68308,
345,P21554,CHYSWBCIWZVCOY-UHFFFAOYSA-N,CC1=CC=C(C=C1)CN2C(=NN(C2=O)C(=O)NC3CCCCC3)C4=CC=C(C=C4)C,CC1=CC=C(C=C1)CN2C(=NN(C2=O)C(=O)NC3CCCCC3)C4=CC=C(C=C4)C,IC50,17800,nM,ChEMBL,CHEMBL218,CHEMBL3120205,24445310
346,P21554,YISNSDXPXOUONZ-UHFFFAOYSA-N,C1CN(CCC1N2C(=O)OC(=N2)C3=CC=CC=C3)C(=O)CC4=CC5=C(C=C4)OCO5,C1CN(CCC1N2C(=O)OC(=N2)C3=CC=CC=C3)C(=O)CC4=CC5=C(C=C4)OCO5,IC50,15800,nM,BindingDB,,76057,
348,P21554,XIJWUJXUEHLSSA-UHFFFAOYSA-N,C1=CC=C2C(=C1)C=CC=C2OCCCCCNC(=O)N,C1=CC=C2C(=C1)C=CC=C2OCCCCCNC(=O)N,IC50,>10000,nM,ChEMBL,CHEMBL218,CHEMBL3596754,"MedChemComm, (2014) 5:10:1571"
349,P21554,JIHCQCFTFIQJAA-UHFFFAOYSA-N,CCS(=O)(=O)NCCCCCOC1=CC=CC2=CC=CC=C21,CCS(=O)(=O)NCCCCCOC1=CC=CC2=CC=CC=C21,IC50,>10000,nM,ChEMBL,CHEMBL218,CHEMBL3596753,"MedChemComm, (2014) 5:10:1571"
350,P21554,WWJKJCDOYFKZBJ-UHFFFAOYSA-N,CC1=CC=C(C=C1)C2(CC2)C(=O)N3CCC(CC3)N4C(=O)OC(=N4)C5=CC=CC=C5,CC1=CC=C(C=C1)C2(CC2)C(=O)N3CCC(CC3)N4C(=O)OC(=N4)C5=CC=CC=C5,IC50,17700,nM,ChEMBL,CHEMBL218,CHEMBL1366039,PubChem BioAssay data set
352,P21554,QBYLLDNNOIUGPW-UHFFFAOYSA-N,CCCN(C)C1=C(C(=O)N(N=C1)C2=CC(=CC(=C2)Cl)Cl)Cl,CCCN(C)C1=C(C(=O)N(N=C1)C2=CC(=CC(=C2)Cl)Cl)Cl,IC50,>10000,nM,BindingDB,,196289,
355,P21554,UFLLNLMDBQIUTH-UHFFFAOYSA-N,CCC1=C(NC2=C1C=C(C=C2)Cl)C(=O)NCCC3=CC(=CC=C3)O,CCC1=C(NC2=C1C=C(C=C2)Cl)C(=O)NCCC3=CC(=CC=C3)O,IC50,>10000,nM,BindingDB,,50066806,25797163
359,P21554,NDBQYKYBJSDAAH-GGWOSOGESA-N,CCOC(=O)CNC(=O)C=CC=CC1=CC2=C(C=C1)OCCO2,CCOC(=O)CNC(=O)/C=C/C=C/C1=CC2=C(C=C1)OCCO2,IC50,>10000,nM,ChEMBL,CHEMBL218,CHEMBL3596744,"MedChemComm, (2014) 5:10:1571"
362,P21554,LEABGADKSLIYJL-UHFFFAOYSA-N,C1CCC(C1)N2C3=C(C=C(C2=N)C(=O)NCCC4=CC=CC=C4)C(=O)N5C=CC=CC5=N3,C1CCC(C1)N2C3=C(C=C(C2=N)C(=O)NCCC4=CC=CC=C4)C(=O)N5C=CC=CC5=N3,IC50,>32000,nM,BindingDB,,76049,
364,P21554,GUUSLCMBMVQETC-UHFFFAOYSA-N,CC1=C(N(N=C1C(=O)NN2CCCCC2)C3=CC=CC=C3)N4C=CC=C4,CC1=C(N(N=C1C(=O)NN2CCCCC2)C3=CC=CC=C3)N4C=CC=C4,IC50,>5000,nM,ChEMBL,CHEMBL218,CHEMBL261612,18293908
365,P21554,OYJUZWUTANVDTM-SLYNCCJLSA-N,C1CCC2C(C1)C(CCN2C(=O)C3=C(C=NC=C3)F)(C4=CC=CC=C4)O,C1CC[C@H]2[C@@H](C1)[C@@](CCN2C(=O)C3=C(C=NC=C3)F)(C4=CC=CC=C4)O,IC50,>17000,nM,ChEMBL,CHEMBL218,CHEMBL1765265,21420857
366,P21554,FMDLVZUWUFDOQJ-UHFFFAOYSA-N,C1=CC=C2C(=C1)N=C(S2)SCC(=O)N3C4=CC=CC=C4SC5=C3C=C(C=C5)Cl,C1=CC=C2C(=C1)N=C(S2)SCC(=O)N3C4=CC=CC=C4SC5=C3C=C(C=C5)Cl,IC50,>32000,nM,ChEMBL,CHEMBL218,CHEMBL1545328,PubChem BioAssay data set
367,P21554,UUKHMCQBTJVIKW-UHFFFAOYSA-N,CC1=C(C(=NN1)C2=C(C=C(C=C2)O)O)C3=CC=C(C=C3)Cl,CC1=C(C(=NN1)C2=C(C=C(C=C2)O)O)C3=CC=C(C=C3)Cl,IC50,>32000,nM,ChEMBL,CHEMBL218,CHEMBL1546161,PubChem BioAssay data set
374,P21554,WGHYZMUZGXWEMW-UHFFFAOYSA-N,COC1=CC(=CC(=C1OC)OC)NC(=O)NC2=CC=CC(=C2)C3=NC(=CC=C3)N4CCCC4,COC1=CC(=CC(=C1OC)OC)NC(=O)NC2=CC=CC(=C2)C3=NC(=CC=C3)N4CCCC4,IC50,>10000,nM,ChEMBL,CHEMBL218,CHEMBL3341886,25162172
375,P21554,CJAROWKGLMPEIV-UHFFFAOYSA-N,CCCCCCC1=C(C=C(C=C1)OCCCCCCCCCCCC(=O)NC2CC2)O,CCCCCCC1=C(C=C(C=C1)OCCCCCCCCCCCC(=O)NC2CC2)O,IC50,>10000,nM,ChEMBL,CHEMBL218,CHEMBL229821,17561406
376,P21554,QDXFKAFGRSGQKQ-UHFFFAOYSA-N,C1COCCN1C2=C3C=NC=CN3C(=N2)C(=O)NC(C4=CN=CC=C4)C(F)(F)F,C1COCCN1C2=C3C=NC=CN3C(=N2)C(=O)NC(C4=CN=CC=C4)C(F)(F)F,IC50,>17000,nM,ChEMBL,CHEMBL218,CHEMBL1760943,21420860
377,P21554,YSWPLEPAAGQXAS-UHFFFAOYSA-N,C1CCC2=C(C1)C=C(S2)C(=O)NC3=C(C=CC(=C3)S(=O)(=O)N4CCOCC4)Cl,C1CCC2=C(C1)C=C(S2)C(=O)NC3=C(C=CC(=C3)S(=O)(=O)N4CCOCC4)Cl,IC50,>32000,nM,ChEMBL,CHEMBL218,CHEMBL1707797,PubChem BioAssay data set
378,P21554,UBGHTIXJJGYNFD-MQWDNKACSA-N,C1CCC2C(C1)C(CCN2C(=O)C3CCC(=O)N3)(C4=CC=CC=C4)O,C1CC[C@H]2[C@@H](C1)[C@@](CCN2C(=O)C3CCC(=O)N3)(C4=CC=CC=C4)O,IC50,>17000,nM,ChEMBL,CHEMBL218,CHEMBL1765287,21420857
379,P21554,HXVFRQYCTJRNBG-UHFFFAOYSA-N,CC1=C(C=CC(=C1O)C2=NNC(=C2OC3=CC=CC=C3)C)O,CC1=C(C=CC(=C1O)C2=NNC(=C2OC3=CC=CC=C3)C)O,IC50,11700,nM,ChEMBL,CHEMBL218,CHEMBL1549881,PubChem BioAssay data set
382,P21554,CJSBTRINGAHLPW-LZSLGQGWSA-N,C1CC1NC(=O)C=CC=CC2=CC3=C(CC4=CC=CC=C43)C=C2,C1CC1NC(=O)/C=C/C=C/C2=CC3=C(CC4=CC=CC=C43)C=C2,IC50,>10000,nM,ChEMBL,CHEMBL218,CHEMBL3596741,"MedChemComm, (2014) 5:10:1571"
383,P21554,SFRFNXGRGVFFSN-ASVGJQBISA-N,CCOC(=O)CNC(=O)C=CC=CC1=CC2=CC=CC=C2C=C1,CCOC(=O)CNC(=O)/C=C/C=C/C1=CC2=CC=CC=C2C=C1,IC50,>10000,nM,ChEMBL,CHEMBL218,CHEMBL3596739,"MedChemComm, (2014) 5:10:1571"
384,P21554,WJAPFKRDKPDSGT-ZRTMLZEBSA-N,CN1CCC(C1)C(=O)N2CCC(C3C2CCCC3)(C4=CC=CC=C4)O,CN1CCC(C1)C(=O)N2CC[C@@]([C@@H]3[C@@H]2CCCC3)(C4=CC=CC=C4)O,IC50,>17000,nM,ChEMBL,CHEMBL218,CHEMBL1765158,21420857
385,P21554,XQSQSSKBPGOFTB-UHFFFAOYSA-N,CC(=CC(=O)NC1=CC=C(C=C1)OCC2=CC=CC=C2)C,CC(=CC(=O)NC1=CC=C(C=C1)OCC2=CC=CC=C2)C,IC50,>32000,nM,ChEMBL,CHEMBL218,CHEMBL1389833,PubChem BioAssay data set
388,P21554,DVXLIZQMENMCFX-UHFFFAOYSA-N,CC1=CC=CC=C1N2CCN(CC2)C(=O)C3=C(C=CC(=C3)S(=O)(=O)N4CCCCC4)N5CCCC5,CC1=CC=CC=C1N2CCN(CC2)C(=O)C3=C(C=CC(=C3)S(=O)(=O)N4CCCCC4)N5CCCC5,IC50,>32000,nM,BindingDB,,68314,
391,P21554,DWDPGNXYRREXDD-UHFFFAOYSA-N,CC1=CN2C(=NC3=C(C2=O)C=C(C(=N)N3C4CCCC4)C(=O)NC5CCCC5)C=C1,CC1=CN2C(=NC3=C(C2=O)C=C(C(=N)N3C4CCCC4)C(=O)NC5CCCC5)C=C1,IC50,24900,nM,ChEMBL,CHEMBL218,CHEMBL1698745,PubChem BioAssay data set
392,P21554,TZPXYCYKOYZUNZ-UHFFFAOYSA-N,CCN1C2=CC=CC=C2C(C1=O)(C3=CC=C(C=C3)O)C4=CC=C(C=C4)O,CCN1C2=CC=CC=C2C(C1=O)(C3=CC=C(C=C3)O)C4=CC=C(C=C4)O,IC50,22000,nM,ChEMBL,CHEMBL218,CHEMBL1452959,PubChem BioAssay data set
393,P21554,BYBLEWFAAKGYCD-UHFFFAOYSA-N,C1=CC(=C(C=C1Cl)Cl)COC(CN2C=CN=C2)C3=C(C=C(C=C3)Cl)Cl,C1=CC(=C(C=C1Cl)Cl)COC(CN2C=CN=C2)C3=C(C=C(C=C3)Cl)Cl,IC50,21050,nM,ChEMBL,CHEMBL218,CHEMBL91,DrugMatrix in vitro pharmacology data
394,P21554,ZWHGWVPWIBDREY-UHFFFAOYSA-N,C=CCN(CC=C)S(=O)(=O)C1=CC=C(C=C1)NC(=S)NC(=O)C2=CC=C(C=C2)C3=CC=CC=C3,C=CCN(CC=C)S(=O)(=O)C1=CC=C(C=C1)NC(=S)NC(=O)C2=CC=C(C=C2)C3=CC=CC=C3,IC50,>32000,nM,ChEMBL,CHEMBL218,CHEMBL1416366,PubChem BioAssay data set
397,P21554,JBFDVHIPOLZSCA-UHFFFAOYSA-N,C1=CC=C2C(=C1)N=C(S2)SCC(=O)N3C4=CC=CC=C4SC5=C3C=C(C=C5)C(F)(F)F,C1=CC=C2C(=C1)N=C(S2)SCC(=O)N3C4=CC=CC=C4SC5=C3C=C(C=C5)C(F)(F)F,IC50,>32000,nM,ChEMBL,CHEMBL218,CHEMBL1544821,PubChem BioAssay data set
398,P21554,JQTDZQNKKMHKLE-UHFFFAOYSA-N,CCCCOC1=C2C(=CC(=C1)Br)C=C(C(=O)O2)C(=O)NN3CCOCC3,CCCCOC1=C2C(=CC(=C1)Br)C=C(C(=O)O2)C(=O)NN3CCOCC3,IC50,>10000,nM,ChEMBL,CHEMBL218,CHEMBL3407533,25644673
403,P21554,QKXYXSPMMQZDDM-UHFFFAOYSA-N,CC1=CC(=NN1C2=CC=C(C=C2)C(=O)NC3=C(C=CC(=C3)S(=O)(=O)N4CCOCC4)OC)C,CC1=CC(=NN1C2=CC=C(C=C2)C(=O)NC3=C(C=CC(=C3)S(=O)(=O)N4CCOCC4)OC)C,IC50,20300,nM,ChEMBL,CHEMBL218,CHEMBL1367646,PubChem BioAssay data set
404,P21554,SGGSZTHEFQRUQY-UHFFFAOYSA-N,C1CC1NC(=O)CCCCCOC2=CC=CC3=CC=CC=C32,C1CC1NC(=O)CCCCCOC2=CC=CC3=CC=CC=C32,IC50,>10000,nM,ChEMBL,CHEMBL218,CHEMBL3596749,"MedChemComm, (2014) 5:10:1571"
405,P21554,NXZXPZLVPNFNQN-UHFFFAOYSA-N,C1=CC=C2C(=C1)C3=C(N2CCF)C=CC(=C3)NC(=O)CCC4=NC(=NO4)C5=C(C=C(C=C5)F)C#N,C1=CC=C2C(=C1)C3=C(N2CCF)C=CC(=C3)NC(=O)CCC4=NC(=NO4)C5=C(C=C(C=C5)F)C#N,IC50,>1000,nM,ChEMBL,CHEMBL218,CHEMBL3093383,24139843
408,P21554,DXTSJXPAIJCYKQ-UHFFFAOYSA-N,CCN(CC)S(=O)(=O)C1=CC(=C(C=C1)N2CCC(CC2)C)C(=O)N3CCN(CC3)C4=CC=CC=C4,CCN(CC)S(=O)(=O)C1=CC(=C(C=C1)N2CCC(CC2)C)C(=O)N3CCN(CC3)C4=CC=CC=C4,IC50,>32000,nM,BindingDB,,68304,
411,P21554,DDRWLXCQGHGFRU-VUMITEIJSA-N,C1CCC2C(C1)C(CCN2C(=O)C3CNCCN3)(C4=CC=CC=C4)O,C1CC[C@H]2[C@@H](C1)[C@@](CCN2C(=O)C3CNCCN3)(C4=CC=CC=C4)O,IC50,>17000,nM,BindingDB,,50341948,21420857
412,P21554,LFSXWIRCSGJIBI-UHFFFAOYSA-N,CC1(CC(CC(C1)(C)C)N2C(=O)C(=C(C=N2)NCCN3CCOCC3)Br)C,CC1(CC(CC(C1)(C)C)N2C(=O)C(=C(C=N2)NCCN3CCOCC3)Br)C,IC50,>10000,nM,BindingDB,,163051,
413,P21554,KURZUHVSGOMTJC-HHXXYDBFSA-N,C1CCC2C(C1)C(CCN2C(=O)C3=CSC=N3)(C4=CC=CC=C4)O,C1CC[C@H]2[C@@H](C1)[C@@](CCN2C(=O)C3=CSC=N3)(C4=CC=CC=C4)O,IC50,>17000,nM,ChEMBL,CHEMBL218,CHEMBL1765279,21420857
422,P21554,VWZRUULACALJDQ-UHFFFAOYSA-N,C1CCCC2=C(CC1)C=C(C(=O)N2CC3CCCCC3)C(=O)NC4=NC=C(S4)C(=O)O,C1CCCC2=C(CC1)C=C(C(=O)N2CC3CCCCC3)C(=O)NC4=NC=C(S4)C(=O)O,IC50,>2000,nM,ChEMBL,CHEMBL218,CHEMBL2023580,22421019
423,P21554,XNZCEUIXIZLUQA-UHFFFAOYSA-N,COCCCNC(=O)C1=CC2=C(N=C3C=CC=CN3C2=O)N(C1=N)C4CCCC4,COCCCNC(=O)C1=CC2=C(N=C3C=CC=CN3C2=O)N(C1=N)C4CCCC4,IC50,>32000,nM,ChEMBL,CHEMBL218,CHEMBL1703615,PubChem BioAssay data set
424,P21554,MFPHRBJAQJRIQG-LZSLGQGWSA-N,C1C2=C(C=C(C=C2)C=CC=CC(=O)NCCO)C3=CC=CC=C31,C1C2=C(C=C(C=C2)/C=C/C=C/C(=O)NCCO)C3=CC=CC=C31,IC50,>10000,nM,ChEMBL,CHEMBL218,CHEMBL3596740,"MedChemComm, (2014) 5:10:1571"
426,P21554,HQWKXTOANKDROA-UHFFFAOYSA-N,CCCN(CCC)CC1=C(N=NN1C2=NON=C2N)C(=O)NN=CC3=CNC4=CC=CC=C43,CCCN(CCC)CC1=C(N=NN1C2=NON=C2N)C(=O)NN=CC3=CNC4=CC=CC=C43,IC50,>32000,nM,ChEMBL,CHEMBL218,CHEMBL1469952,PubChem BioAssay data set
430,P21554,NDZDTDOQWRSSOX-UHFFFAOYSA-N,CC1=NC(=C2C3=C(CCCC3)SC2=N1)N4CCN(CC4)C(=O)C5CCCO5,CC1=NC(=C2C3=C(CCCC3)SC2=N1)N4CCN(CC4)C(=O)C5CCCO5,IC50,>32000,nM,ChEMBL,CHEMBL218,CHEMBL1705807,PubChem BioAssay data set
432,P21554,QZAKIHCFBWFSFX-QNKGQHBXSA-N,CCCN(CCC)CC1=C(N=NN1C2=NON=C2N)C(=O)NN=CC(=CC3=CC=CO3)C,CCCN(CCC)CC1=C(N=NN1C2=NON=C2N)C(=O)NN=C/C(=C\C3=CC=CO3)/C,IC50,>32000,nM,ChEMBL,CHEMBL218,CHEMBL1471590,PubChem BioAssay data set
433,P21554,JOOWQDRRSLVPOP-UHFFFAOYSA-N,C1=CC=C2C(=C1)C3=C(N2CCF)C=CC(=C3)NC(=O)CCC4=NC(=NO4)C5=CC=C(C=C5)F,C1=CC=C2C(=C1)C3=C(N2CCF)C=CC(=C3)NC(=O)CCC4=NC(=NO4)C5=CC=C(C=C5)F,IC50,>1000,nM,ChEMBL,CHEMBL218,CHEMBL3093379,24139843
434,P21554,ZICJRISHCDNMLQ-WPVUHESFSA-N,C1CCC2C(C1)C(CCN2C(=O)C3CC(=O)NC3)(C4=CC=CC=C4)O,C1CC[C@H]2[C@@H](C1)[C@@](CCN2C(=O)C3CC(=O)NC3)(C4=CC=CC=C4)O,IC50,>17000,nM,ChEMBL,CHEMBL218,CHEMBL1765286,21420857
438,P21554,WHNNOHLGTSGBMC-UNWVZKJWSA-N,C1CCC2C(C1)C(CCN2C(=O)C3=C4C=NNC4=CC=C3)(C5=CC=CC=C5)O,C1CC[C@H]2[C@@H](C1)[C@@](CCN2C(=O)C3=C4C=NNC4=CC=C3)(C5=CC=CC=C5)O,IC50,>17000,nM,BindingDB,,50341938,21420857
443,P21554,DHEVDMHYABXIBV-UHFFFAOYSA-N,C1CCC2=C(C1)C3=C(N=C(N=C3S2)C4CC4)N5CCN(CC5)C(=O)C6=CC=CO6,C1CCC2=C(C1)C3=C(N=C(N=C3S2)C4CC4)N5CCN(CC5)C(=O)C6=CC=CO6,IC50,>32000,nM,ChEMBL,CHEMBL218,CHEMBL1507657,PubChem BioAssay data set
444,P21554,SWCKVRRVEDFLED-RVKKMQEKSA-N,C1CCC2C(C1)C(CCN2C(=O)C3=NC=NN3)(C4=CC=CC=C4)O,C1CC[C@H]2[C@@H](C1)[C@@](CCN2C(=O)C3=NC=NN3)(C4=CC=CC=C4)O,IC50,>17000,nM,BindingDB,,50341944,21420857
445,P21554,QPASHVDHBXCMPZ-HHXXYDBFSA-N,C1CCC2C(C1)C(CCN2C(=O)C3=NOC=C3)(C4=CC=CC=C4)O,C1CC[C@H]2[C@@H](C1)[C@@](CCN2C(=O)C3=NOC=C3)(C4=CC=CC=C4)O,IC50,>17000,nM,BindingDB,,50341939,21420857
446,P21554,YPWCXXFHARYVQC-UHFFFAOYSA-N,C1CCC(C1)N2C3=C(C=C(C2=N)C(=O)NCCN4CCOCC4)C(=O)N5C=CC=CC5=N3,C1CCC(C1)N2C3=C(C=C(C2=N)C(=O)NCCN4CCOCC4)C(=O)N5C=CC=CC5=N3,IC50,>32000,nM,ChEMBL,CHEMBL218,CHEMBL1715078,PubChem BioAssay data set
447,P21554,WJIZZYNTUBCGPU-UHFFFAOYSA-N,CCCCOC1=C(C=CC2=C1OC(=O)C(=C2)C(=O)NC(C)CCC)OC,CCCCOC1=C(C=CC2=C1OC(=O)C(=C2)C(=O)NC(C)CCC)OC,IC50,>10000,nM,BindingDB,,50073004,25644673
449,P21554,HFVCCRXDSGFIRL-RMKNXTFCSA-N,CC1=CC=C(C=C1)C=CC(=O)CCC(=O)NC2=CC=C(C=C2)O,CC1=CC=C(C=C1)/C=C/C(=O)CCC(=O)NC2=CC=C(C=C2)O,IC50,>1.0e+4,nM,BindingDB,,239144,22214210
450,P21554,PIYWKJKVVMSCGG-UHFFFAOYSA-N,C1CN(CCN1C(=O)C2=CC=CC=C2)S(=O)(=O)C3=CC(=CC(=C3)C(F)(F)F)C(F)(F)F,C1CN(CCN1C(=O)C2=CC=CC=C2)S(=O)(=O)C3=CC(=CC(=C3)C(F)(F)F)C(F)(F)F,IC50,>10000,nM,ChEMBL,CHEMBL218,CHEMBL521163,19320488
451,P21554,WYXWYRJQYHUVCP-RCQQVGEISA-N,CC(CO)NC(=O)CCC(=O)C=CC1=CC2=CC=CC=C2C=C1,C[C@H](CO)NC(=O)CCC(=O)/C=C/C1=CC2=CC=CC=C2C=C1,IC50,>10000,nM,ChEMBL,CHEMBL218,CHEMBL1288180,21074998
452,P21554,FWWKVNVJDHDHCS-UHFFFAOYSA-N,C1=CC(=CC=C1CCNC(=O)C2=CC3=C(N2)C=CC(=C3)Cl)N,C1=CC(=CC=C1CCNC(=O)C2=CC3=C(N2)C=CC(=C3)Cl)N,IC50,>10000,nM,ChEMBL,CHEMBL218,CHEMBL2071073,22571451
454,P21554,IMSSROKUHAOUJS-MJCUULBUSA-N,CC12CCC3C(C1CCC2(C#C)O)CCC4=C3C=CC(=C4)OC,C[C@]12CC[C@H]3[C@H]([C@@H]1CC[C@]2(C#C)O)CCC4=C3C=CC(=C4)OC,IC50,28540,nM,ChEMBL,CHEMBL218,CHEMBL1201151,DrugMatrix in vitro pharmacology data
455,P21554,NUQRZCQCNZXQOX-UHFFFAOYSA-N,C1CC(=O)N(C1)C2=CC=C(C=C2)C(=O)NC3=C(C=CC(=C3)S(=O)(=O)N4CCOCC4)OCC(F)(F)F,C1CC(=O)N(C1)C2=CC=C(C=C2)C(=O)NC3=C(C=CC(=C3)S(=O)(=O)N4CCOCC4)OCC(F)(F)F,IC50,>32000,nM,ChEMBL,CHEMBL218,CHEMBL1731489,PubChem BioAssay data set
459,P21554,XYRMLZVYRVONRR-PEZBUJJGSA-N,CC1=C(SC(=NS(=O)(=O)C2=CC=CC=C2)N1C)C(C)(C)C,CC1=C(S/C(=N\S(=O)(=O)C2=CC=CC=C2)/N1C)C(C)(C)C,IC50,>50000,nM,BindingDB,,5035,17643986
463,P21554,JHBQPAAZUBDTAT-UHFFFAOYSA-N,C1CCC(CC1)NC(=O)N2C3=CC=CC=C3N(C2=O)CCN4CCOCC4,C1CCC(CC1)NC(=O)N2C3=CC=CC=C3N(C2=O)CCN4CCOCC4,IC50,>10000,nM,BindingDB,,50261100,18440813
473,P21554,RXZNAAUIJIPXFQ-DHZHZOJOSA-N,CCC(C)(NC(=O)CCC(=O)C=CC1=CC=C(C=C1)N(C)C)O,CCC(C)(NC(=O)CCC(=O)/C=C/C1=CC=C(C=C1)N(C)C)O,IC50,>1.0e+4,nM,BindingDB,,239145,22214210
475,P21554,QTCBPDCQKFDOSJ-UHFFFAOYSA-N,CC1=CC=CN2C1=NC3=C(C2=O)C=C(C(=N)N3C4CCCC4)C(=O)NCC5=CC=CO5,CC1=CC=CN2C1=NC3=C(C2=O)C=C(C(=N)N3C4CCCC4)C(=O)NCC5=CC=CO5,IC50,>32000,nM,ChEMBL,CHEMBL218,CHEMBL1578189,PubChem BioAssay data set
477,P21554,JOORKYOCCQYLAN-UHFFFAOYSA-N,C1CN(CN1C(=O)CC2=CC=C(C=C2)C(F)(F)F)S(=O)(=O)C3=CC(=CC(=C3)C(F)(F)F)C(F)(F)F,C1CN(CN1C(=O)CC2=CC=C(C=C2)C(F)(F)F)S(=O)(=O)C3=CC(=CC(=C3)C(F)(F)F)C(F)(F)F,IC50,>10000,nM,BindingDB,,50267868,19320488
478,P21554,TZLMVQBDEXRXIT-UHFFFAOYSA-N,CNC(=O)C1=CC2=C(N=C3C=CC=CN3C2=O)N(C1=N)C4CCCC4,CNC(=O)C1=CC2=C(N=C3C=CC=CN3C2=O)N(C1=N)C4CCCC4,IC50,>32000,nM,ChEMBL,CHEMBL218,CHEMBL1717402,PubChem BioAssay data set
479,P21554,PPMHQBISMUKOLP-SOFGYWHQSA-N,COC1=C(C=C(C=C1)C=CC(=O)CCC(=O)N2CCCCC2)OC,COC1=C(C=C(C=C1)/C=C/C(=O)CCC(=O)N2CCCCC2)OC,IC50,>10000,nM,ChEMBL,CHEMBL218,CHEMBL1288088,21074998
482,P21554,UBPUFJUMTJUBND-UHFFFAOYSA-N,COC(=O)C1=C(C2=C(C1(C#N)C3=CC=CC=C3)C=CC=C2F)N,COC(=O)C1=C(C2=C(C1(C#N)C3=CC=CC=C3)C=CC=C2F)N,IC50,>32000,nM,ChEMBL,CHEMBL218,CHEMBL1582765,PubChem BioAssay data set
484,P21554,ZZIWGLBNJCBKPU-MDZDMXLPSA-N,CCC(C)(NC(=O)CCC(=O)C=CC1=CC=C(C=C1)C)O,CCC(C)(NC(=O)CCC(=O)/C=C/C1=CC=C(C=C1)C)O,IC50,>1.0e+4,nM,BindingDB,,239142,22214210
485,P21554,QYOBROHKSSZKAX-LZSLGQGWSA-N,C1=CC=C2C=C(C=CC2=C1)C=CC=CC(=O)NCCO,C1=CC=C2C=C(C=CC2=C1)/C=C/C=C/C(=O)NCCO,IC50,>10000,nM,ChEMBL,CHEMBL218,CHEMBL3596737,"MedChemComm, (2014) 5:10:1571"
486,P21554,YELPJZYQBXJZNM-VNYPPZAHSA-N,CC(C(=O)NC(CO)C(=O)N)N=C(NS(=O)(=O)C1=CC=C(C=C1)OC)N2CC(C(=N2)C3=CC=C(C=C3)Cl)C4=CC=CC=C4,C[C@@H](C(=O)N[C@@H](CO)C(=O)N)N=C(NS(=O)(=O)C1=CC=C(C=C1)OC)N2CC(C(=N2)C3=CC=C(C=C3)Cl)C4=CC=CC=C4,IC50,>100,nM,ChEMBL,CHEMBL218,CHEMBL2153768,22959249
487,P21554,RUTICLNESJNANB-UHFFFAOYSA-N,CC1(CC(CC(C1)(C)C)N2C(=O)C=C(C=N2)NC)C,CC1(CC(CC(C1)(C)C)N2C(=O)C=C(C=N2)NC)C,IC50,>10000,nM,ChEMBL,CHEMBL218,CHEMBL3696825,None
493,P21554,HIFURZHDSOPSKN-IMFGXOCKSA-N,C1CCC2C(C1)C(CCN2C(=O)C3=CN(C=N3)CC(F)(F)F)(C4=CC=CC=C4)O,C1CC[C@H]2[C@@H](C1)[C@@](CCN2C(=O)C3=CN(C=N3)CC(F)(F)F)(C4=CC=CC=C4)O,IC50,>17000,nM,ChEMBL,CHEMBL218,CHEMBL1765284,21420857
494,P21554,YFPOEFGJMGESDL-XMMPIXPASA-N,C1CCCC2=C(CC1)C=C(C(=O)N2CC3CCCCC3)C(=O)NC(C4=CC=CC=C4)C(=O)O,C1CCCC2=C(CC1)C=C(C(=O)N2CC3CCCCC3)C(=O)N[C@H](C4=CC=CC=C4)C(=O)O,IC50,>2000,nM,ChEMBL,CHEMBL218,CHEMBL2023046,22421019
497,P21554,FFHBJVYAXROHEA-DHZHZOJOSA-N,C1=CC=C(C=C1)C2=CC=C(C=C2)C=CC(=O)CCC(=O)NCCO,C1=CC=C(C=C1)C2=CC=C(C=C2)/C=C/C(=O)CCC(=O)NCCO,IC50,>10000,nM,ChEMBL,CHEMBL218,CHEMBL1288238,21074998
500,P21554,HCHQMTSFRNJTLA-UHFFFAOYSA-N,C1CC(=O)N(C1)C2=CC=C(C=C2)C(=O)NC3=CC(=CC=C3)S(=O)(=O)N4CCOCC4,C1CC(=O)N(C1)C2=CC=C(C=C2)C(=O)NC3=CC(=CC=C3)S(=O)(=O)N4CCOCC4,IC50,>32000,nM,BindingDB,,68294,
503,P21554,NYYDIRAMLLWGJX-UHFFFAOYSA-N,CC1=CC(=C2C(=C1)C(=CC(=N2)C3=CC=CC=N3)C(=O)NC4=CC=C(C=C4)S(=O)(=O)NC5=NOC(=C5)C)C,CC1=CC(=C2C(=C1)C(=CC(=N2)C3=CC=CC=N3)C(=O)NC4=CC=C(C=C4)S(=O)(=O)NC5=NOC(=C5)C)C,IC50,>32000,nM,ChEMBL,CHEMBL218,CHEMBL1507172,PubChem BioAssay data set
505,P21554,BZWCPMNJOQACEK-UHFFFAOYSA-N,CC1=CC2=CC3=C(C=C2N4C1=NN=C4SCC(=O)NC5=NC(=CS5)C6=CC=CC=C6)OCCO3,CC1=CC2=CC3=C(C=C2N4C1=NN=C4SCC(=O)NC5=NC(=CS5)C6=CC=CC=C6)OCCO3,IC50,12700,nM,ChEMBL,CHEMBL218,CHEMBL1734382,PubChem BioAssay data set
506,P21554,DNMGXMJBUOJKLE-PGMHBOJBSA-N,CCCCCCCCCCCCCC(=C)CCCC(=O)OC=CCOC(=O)C,CCCCCCCCCCCCCC(=C)CCCC(=O)O/C=C\COC(=O)C,IC50,>10000,nM,BindingDB,,50359304,21999614
510,P21554,QQJZBMHHFXIKEI-KAGYGMCKSA-N,CC1=CC=CC(=N1)C(=O)N2CCC(C3C2CCCC3)(C4=CC=CC=C4)O,CC1=CC=CC(=N1)C(=O)N2CC[C@]([C@H]3[C@@H]2CCCC3)(C4=CC=CC=C4)O,IC50,>17000,nM,ChEMBL,CHEMBL218,CHEMBL1765267,21420857
511,P21554,YJIRWQOGDZGCGD-UHFFFAOYSA-N,C1=CC=C(C=C1)C2=CC=C(C=C2)CCC(=O)CCC(=O)NCCO,C1=CC=C(C=C1)C2=CC=C(C=C2)CCC(=O)CCC(=O)NCCO,IC50,>10000,nM,ChEMBL,CHEMBL218,CHEMBL1288239,21074998
512,P21554,QWXZWGIRNZRBGH-SOFGYWHQSA-N,C1=CC=C2C=C(C=CC2=C1)C=CC(=O)CCC(=O)O,C1=CC=C2C=C(C=CC2=C1)/C=C/C(=O)CCC(=O)O,IC50,>10000,nM,ChEMBL,CHEMBL218,CHEMBL1288693,21074998
518,P21554,CXCNTDBGIZFJEC-UHFFFAOYSA-N,C1CCN(CC1)NC(=O)C2=NN(C(=C2)N3C=CC=C3)C4=CC=CC=C4,C1CCN(CC1)NC(=O)C2=NN(C(=C2)N3C=CC=C3)C4=CC=CC=C4,IC50,>5000,nM,ChEMBL,CHEMBL218,CHEMBL411110,18293908
519,P21554,PBNJGMAIWKFONB-UHFFFAOYSA-N,COC(=O)C1=C(C2=C(C1(C#N)C3=CC=C(C=C3)F)C=CC=C2F)N,COC(=O)C1=C(C2=C(C1(C#N)C3=CC=C(C=C3)F)C=CC=C2F)N,IC50,30700,nM,ChEMBL,CHEMBL218,CHEMBL1466203,PubChem BioAssay data set
522,P21554,PNUGNNRMKKJQGI-UHFFFAOYSA-N,C1CC1C2=NC(=C3N2C=CC=C3)C(=O)NC(C4CC4)C5CC5,C1CC1C2=NC(=C3N2C=CC=C3)C(=O)NC(C4CC4)C5CC5,IC50,>17000,nM,BindingDB,,50340316,21420860
528,P21554,BKXSBAGLWSKFLM-UHFFFAOYSA-N,C1=CC=C2C(=C1)C=CC=C2OCCCCCC(=O)NCCO,C1=CC=C2C(=C1)C=CC=C2OCCCCCC(=O)NCCO,IC50,>10000,nM,ChEMBL,CHEMBL218,CHEMBL3596748,"MedChemComm, (2014) 5:10:1571"
531,P21554,YUIBOLHUZFTEEH-FNORWQNLSA-N,CCOC(=O)CNC(=O)CCC(=O)C=CC1=CC(=C(C=C1)OC)OC,CCOC(=O)CNC(=O)CCC(=O)/C=C/C1=CC(=C(C=C1)OC)OC,IC50,>1.0e+4,nM,BindingDB,,239146,22214210
532,P21554,NSERVXSNVYYJSH-UHFFFAOYSA-N,CC1CCC2=C(C1)SC3=NC(=NC(=C23)N4CCN(CC4)C(=O)C5=CC=NC=C5)C,CC1CCC2=C(C1)SC3=NC(=NC(=C23)N4CCN(CC4)C(=O)C5=CC=NC=C5)C,IC50,13300,nM,ChEMBL,CHEMBL218,CHEMBL1702412,PubChem BioAssay data set
538,P21554,GGJMSWYYQFRHNN-UHFFFAOYSA-N,CCCCCC1=C(C2=CC=CC=C2S1)C(=O)C3=CC=C(C=C3)OC,CCCCCC1=C(C2=CC=CC=C2S1)C(=O)C3=CC=C(C=C3)OC,IC50,>10000,nM,BindingDB,,50207261,27560280
540,P21554,UOXHGECIQXHSKI-SSPYTLHUSA-N,C1CCC2C(C1)C(CCN2C(=O)C3=C4C=CNC4=CC=C3)(C5=CC=CC=C5)O,C1CC[C@H]2[C@H](C1)[C@](CCN2C(=O)C3=C4C=CNC4=CC=C3)(C5=CC=CC=C5)O,IC50,>17000,nM,BindingDB,,50341924,21420857
543,P21554,ISCNSICLXHENIG-UHFFFAOYSA-N,CCS(=O)(=O)NCCCCCOC1=CC2=CC=CC=C2C=C1,CCS(=O)(=O)NCCCCCOC1=CC2=CC=CC=C2C=C1,IC50,>10000,nM,ChEMBL,CHEMBL218,CHEMBL3596751,"MedChemComm, (2014) 5:10:1571"
544,P21554,QGPGSBQJJPTHDE-UHFFFAOYSA-N,CC1=CC=CC(=C1)C2=NC3=CC=CC=C3C(=C2)C(=O)NC4=C(C(=C(S4)C)C)C(=O)N,CC1=CC=CC(=C1)C2=NC3=CC=CC=C3C(=C2)C(=O)NC4=C(C(=C(S4)C)C)C(=O)N,IC50,24100,nM,ChEMBL,CHEMBL218,CHEMBL1448070,PubChem BioAssay data set
555,P21554,HGEWULDSRVJHHZ-UHFFFAOYSA-N,C1CC1NC(=O)CCCCCOC2=CC3=CC=CC=C3C=C2,C1CC1NC(=O)CCCCCOC2=CC3=CC=CC=C3C=C2,IC50,>10000,nM,ChEMBL,CHEMBL218,CHEMBL3596746,"MedChemComm, (2014) 5:10:1571"
560,P21554,GDPDARVUXXOYAJ-UHFFFAOYSA-N,CC1=NC(=C2C3=C(CCCC3)SC2=N1)N4CCN(CC4)C(=O)C5=CC=CO5,CC1=NC(=C2C3=C(CCCC3)SC2=N1)N4CCN(CC4)C(=O)C5=CC=CO5,IC50,>32000,nM,ChEMBL,CHEMBL218,CHEMBL1402920,PubChem BioAssay data set
567,P21554,GEOWISNUVFADMB-UHFFFAOYSA-N,COC1=C(C=C(C=C1)S(=O)(=O)N2CCOCC2)NC(=O)C3=CC=C(C=C3)Cl,COC1=C(C=C(C=C1)S(=O)(=O)N2CCOCC2)NC(=O)C3=CC=C(C=C3)Cl,IC50,>32000,nM,ChEMBL,CHEMBL218,CHEMBL1453578,PubChem BioAssay data set
572,P21554,ITECAINUXYCJRB-WYMLVPIESA-N,C1CCN(CC1)C(=O)CCCC(=O)C=CC2=CC3=CC=CC=C3C=C2,C1CCN(CC1)C(=O)CCCC(=O)/C=C/C2=CC3=CC=CC=C3C=C2,IC50,>10000,nM,ChEMBL,CHEMBL218,CHEMBL1288181,21074998
577,P21554,WJFKNYWRSNBZNX-UHFFFAOYSA-N,C1=CC=C2C(=C1)NC3=CC=CC=C3S2,C1=CC=C2C(=C1)NC3=CC=CC=C3S2,IC50,24857,nM,ChEMBL,CHEMBL218,CHEMBL828,DrugMatrix in vitro pharmacology data
581,P21554,VOPPBYOHCAKAGC-UHFFFAOYSA-N,C1CCC(C1)N2C3=C(C=C(C2=N)C(=O)NCC4=CC=CO4)C(=O)N5C=CC=CC5=N3,C1CCC(C1)N2C3=C(C=C(C2=N)C(=O)NCC4=CC=CO4)C(=O)N5C=CC=CC5=N3,IC50,31500,nM,ChEMBL,CHEMBL218,CHEMBL1586567,PubChem BioAssay data set
583,P21554,NKWVJBIWWHOTRE-PKNBQFBNSA-N,C1=CC=C2C=C(C=CC2=C1)C=CC(=O)CCCC(=O)O,C1=CC=C2C=C(C=CC2=C1)/C=C/C(=O)CCCC(=O)O,IC50,>10000,nM,ChEMBL,CHEMBL218,CHEMBL1288694,21074998
584,P21554,CJYUVSWHDWDMGC-UHFFFAOYSA-N,CCNC(=O)NCCCCCOC1=CC2=C(C=C1)OCO2,CCNC(=O)NCCCCCOC1=CC2=C(C=C1)OCO2,IC50,>10000,nM,ChEMBL,CHEMBL218,CHEMBL3596757,"MedChemComm, (2014) 5:10:1571"
586,P21554,LKJVNMUZFRSIBN-UHFFFAOYSA-N,CN(C)S(=O)(=O)C1=CC(=C(C=C1)N2CCCC2)C(=O)N3CCN(CC3)C4=CC(=CC=C4)Cl,CN(C)S(=O)(=O)C1=CC(=C(C=C1)N2CCCC2)C(=O)N3CCN(CC3)C4=CC(=CC=C4)Cl,IC50,27100,nM,ChEMBL,CHEMBL218,CHEMBL1724849,PubChem BioAssay data set
588,P21554,GYVSQNBUFKWWPG-UHFFFAOYSA-N,C1CC(C1)CNC(=O)C2=C(C=CC(=N2)OCCO)NC(=O)C3=CC=NC4=CC=CC=C34,C1CC(C1)CNC(=O)C2=C(C=CC(=N2)OCCO)NC(=O)C3=CC=NC4=CC=CC=C34,IC50,73000,nM,BindingDB,,50424458,23227781
591,P21554,LEZWWPYKPKIXLL-UHFFFAOYSA-N,C1=CC(=CC=C1COC(CN2C=CN=C2)C3=C(C=C(C=C3)Cl)Cl)Cl,C1=CC(=CC=C1COC(CN2C=CN=C2)C3=C(C=C(C=C3)Cl)Cl)Cl,IC50,36270,nM,ChEMBL,CHEMBL218,CHEMBL808,DrugMatrix in vitro pharmacology data
596,P21554,ZNDWAMNMKWTCSD-UHFFFAOYSA-N,CC(=O)C1=C(NC2=C1C=C(C=C2)Cl)C(=O)NCCC3=CC=C(C=C3)N4CCCCC4,CC(=O)C1=C(NC2=C1C=C(C=C2)Cl)C(=O)NCCC3=CC=C(C=C3)N4CCCCC4,IC50,>10000,nM,ChEMBL,CHEMBL218,CHEMBL2071067,22571451
597,P21554,DJDOKEGYGRKFBK-PGZSYUIRSA-N,CC(C(C(=O)N)N=C(NS(=O)(=O)C1=CC=C(C=C1)Cl)N2CC(C(=N2)C3=CC=C(C=C3)Cl)C4=CC=CC=C4)O,C[C@@H]([C@H](C(=O)N)N=C(NS(=O)(=O)C1=CC=C(C=C1)Cl)N2CC(C(=N2)C3=CC=C(C=C3)Cl)C4=CC=CC=C4)O,IC50,>100,nM,ChEMBL,CHEMBL218,CHEMBL2153675,22959249
615,P21554,OELBGKBNRANKOH-UHFFFAOYSA-N,CCOC(=O)CNC(=O)CCC(=O)NC1=CC=CC2=CC=CC=C21,CCOC(=O)CNC(=O)CCC(=O)NC1=CC=CC2=CC=CC=C21,IC50,>1.0e+4,nM,BindingDB,,239153,22214210
621,P21554,MBCLKEZDZBEIIE-UHFFFAOYSA-N,CC1=NC2=CC=CC=C2N1C(=O)C3=CC=CC4=CC=CC=C43,CC1=NC2=CC=CC=C2N1C(=O)C3=CC=CC4=CC=CC=C43,IC50,>10000,nM,BindingDB,,50207243,27560280
623,P21554,FABLAHMQSQFDHR-UHFFFAOYSA-N,CC1=CC=CC2=C1NC(=O)C2(C3=CC=C(C=C3)O)C4=CC=C(C=C4)O,CC1=CC=CC2=C1NC(=O)C2(C3=CC=C(C=C3)O)C4=CC=C(C=C4)O,IC50,31300,nM,ChEMBL,CHEMBL218,CHEMBL394883,PubChem BioAssay data set
629,P21554,DOQFHXQSFNOXOF-UHFFFAOYSA-N,CC1=CC(=C2C(=C1)C(=CC(=N2)C3=CN=CC=C3)C(=O)NC4=CC=C(C=C4)S(=O)(=O)NC5=C(C(=NO5)C)C)C,CC1=CC(=C2C(=C1)C(=CC(=N2)C3=CN=CC=C3)C(=O)NC4=CC=C(C=C4)S(=O)(=O)NC5=C(C(=NO5)C)C)C,IC50,>32000,nM,ChEMBL,CHEMBL218,CHEMBL1567371,PubChem BioAssay data set
