smiles,value,cano_smiles
CC(C(CC1=CC=C(C=C1)Cl)C2=CC=CC(=C2)C#N)NS(=O)(=O)C3=C(C(=CC=C3)Cl)Cl,-2.3047058982127653,CC(NS(=O)(=O)c1cccc(Cl)c1Cl)C(Cc1ccc(Cl)cc1)c1cccc(C#N)c1
CCC1=C(NC2=CC=CC=C21)C(=O)NCCC3=CC=C(C=C3)N4CCCCC4,-3.952792443044092,CCc1c(C(=O)NCCc2ccc(N3CCCCC3)cc2)[nH]c2ccccc12
CCCCCOC1=C(C=CC2=C1NC(=O)C(=C2)NC(=O)CC3=CC4=C(C=C3)OCO4)OC,-1.3004867879860291,CCCCCOc1c(OC)ccc2cc(NC(=O)Cc3ccc4c(c3)OCO4)c(=O)[nH]c12
CC(C)(C)C(=O)C1=C(C2=CC(=C(N=C2O1)C3=CC=CC=C3Cl)C4=CC=C(C=C4)Cl)N,-3.2787536009528284,CC(C)(C)C(=O)c1oc2nc(-c3ccccc3Cl)c(-c3ccc(Cl)cc3)cc2c1N
CC1=C(N(N=C1C2=NC(=O)C(N2C)(C)C)C3=C(C=C(C=C3)Cl)Cl)C4=CC=C(C=C4)OC,-3.0246908623554307,COc1ccc(-c2c(C)c(C3=NC(=O)C(C)(C)N3C)nn2-c2ccc(Cl)cc2Cl)cc1
CC(=O)OC1C(OC(C(C1OC(=O)C)OC(=O)C)SC2C=CC3C4CC5=C6C3(C2OC6=C(C=C5)OC)CCN4C)CO,-0.3010299956639812,COc1ccc2c3c1OC1C(SC4OC(CO)C(OC(C)=O)C(OC(C)=O)C4OC(C)=O)C=CC4C(C2)N(C)CCC341
CCOC(=O)COC1=C(C=CC(=C1)C2=NC(=NC(=N2)OC)NCCC3=CC=C(C=C3)F)Cl,-1.0,CCOC(=O)COc1cc(-c2nc(NCCc3ccc(F)cc3)nc(OC)n2)ccc1Cl
CCCCCN1C=C(C(=O)N2C1=NC(=N2)SC)C(=O)NC34CC5CC(C3)CC(C5)C4,-2.143014800254095,CCCCCn1cc(C(=O)NC23CC4CC(CC(C4)C2)C3)c(=O)n2nc(SC)nc12
CC(C)(C1=C(C=CC(=C1)C2=NC(=NC(=N2)OC)NCCC3=CC=C(C=C3)F)OC)O,-0.0,COc1nc(NCCc2ccc(F)cc2)nc(-c2ccc(OC)c(C(C)(C)O)c2)n1
CC(C)(C1CC1)NS(=O)(=O)C2=C(C=C(C=C2)NC3=C(C=C(C=C3)C(=O)O)Cl)C(F)(F)F,-3.0979510709941502,CC(C)(NS(=O)(=O)c1ccc(Nc2ccc(C(=O)O)cc2Cl)cc1C(F)(F)F)C1CC1
CC(C)(C(=O)C1=C(C2=CC(=C(N=C2O1)C3=CC=CC=C3Cl)C4=CC=C(C=C4)Cl)N)O,-3.322219294733919,CC(C)(O)C(=O)c1oc2nc(-c3ccccc3Cl)c(-c3ccc(Cl)cc3)cc2c1N
CC1=C(C=CC(=C1)NC2=C(C=C(C=C2)OC)OC)S(=O)(=O)NCC3CC3,-2.9071425310031405,COc1ccc(Nc2ccc(S(=O)(=O)NCC3CC3)c(C)c2)c(OC)c1
CC(C(CC1=CC=C(C=C1)Cl)C2=CC=CC(=C2)C#N)NS(=O)(=O)C3=CC(=CC(=C3)F)F,-3.0330214446829107,CC(NS(=O)(=O)c1cc(F)cc(F)c1)C(Cc1ccc(Cl)cc1)c1cccc(C#N)c1
COC1=NC(=NC(=N1)NCCC2=CC=C(C=C2)F)C3=CC=NC4=CC=CC=C34,-1.041392685158225,COc1nc(NCCc2ccc(F)cc2)nc(-c2ccnc3ccccc23)n1
C1CCC2C(C1)C(CCN2C(=O)C3=CC=CC=C3)(C4=CC(=CC=C4)Cl)O,-2.6928469192772297,O=C(c1ccccc1)N1CCC(O)(c2cccc(Cl)c2)C2CCCCC21
CC=CC=CC=CCCC=CC=CC(=O)NCC(C)(C)O,-2.3502480183341627,CC=CC=CC=CCCC=CC=CC(=O)NCC(C)(C)O
CC(=O)C1=C(C2=CC(=C(N=C2N(C1=O)C)C3=C(C=C(C=C3)Cl)Cl)C4=CC=C(C=C4)Cl)NC(=O)COC,-3.505149978319906,COCC(=O)Nc1c(C(C)=O)c(=O)n(C)c2nc(-c3ccc(Cl)cc3Cl)c(-c3ccc(Cl)cc3)cc12
C1COCCN1CCNS(=O)(=O)C2=C(C=C(C=C2)NC3=C(C=C(C=C3)Cl)Cl)C(F)(F)F,-3.264109156305808,O=S(=O)(NCCN1CCOCC1)c1ccc(Nc2ccc(Cl)cc2Cl)cc1C(F)(F)F
C1COCCN1CC2=C3C=CC=CN3C(=N2)C(=O)C4=C(C(=CC=C4)Cl)Cl,-0.6989700043360189,O=C(c1cccc(Cl)c1Cl)c1nc(CN2CCOCC2)c2ccccn12
CCCC1COC2=C3N1C=C(C(=O)C3=C(C=C2)C)C(=O)NC4CCCCC4,-2.0863598306747484,CCCC1COc2ccc(C)c3c(=O)c(C(=O)NC4CCCCC4)cn1c23
COC1=NC(=NC(=N1)NCCC2=CC=C(C=C2)F)C3=CC4=C(N3)C=CC(=C4)Cl,-1.146128035678238,COc1nc(NCCc2ccc(F)cc2)nc(-c2cc3cc(Cl)ccc3[nH]2)n1
C1CN(CC1(F)F)C2=C3C=NC=CN3C(=N2)C(=O)NC(C4=CC=C(C=C4)F)C5=CC=NC=C5,-1.9637878273455556,O=C(NC(c1ccncc1)c1ccc(F)cc1)c1nc(N2CCC(F)(F)C2)c2cnccn12
CCCN1C=C2C(=N1)C=NN(C2=O)C3CC(CC(C3)(C)C)(C)C,-2.380211241711606,CCCn1cc2c(=O)n(C3CC(C)(C)CC(C)(C)C3)ncc2n1
CCCCS(=O)(=O)NC(C)C(CC1=CC=C(C=C1)Cl)C2=CC=CC(=C2)C#N,-3.1586639808139894,CCCCS(=O)(=O)NC(C)C(Cc1ccc(Cl)cc1)c1cccc(C#N)c1
CCOC(=O)CNC(=O)CCC(=O)C=CC1=CC2=CC=CC=C2C=C1,-3.9921114877869495,CCOC(=O)CNC(=O)CCC(=O)C=Cc1ccc2ccccc2c1
CC1(CC(CC(C1)(C)C)N2C(=O)C3=CN(N=C3C=N2)CCN(C)C)C,-3.3100557377508912,CN(C)CCn1cc2c(=O)n(C3CC(C)(C)CC(C)(C)C3)ncc2n1
C1CCCC(CC1)NC(=O)C2=CN3C(COC4=CC=CC(=C43)C2=O)C5=CC=CC=C5,-0.7185016888672743,O=C(NC1CCCCCC1)c1cn2c3c(cccc3c1=O)OCC2c1ccccc1
COC1=NC(=NC(=N1)NCCC2=CC=C(C=C2)F)C3=CC(=CC=C3)[N+](=O)[O-],-1.4623979978989559,COc1nc(NCCc2ccc(F)cc2)nc(-c2cccc([N+](=O)[O-])c2)n1
CC1=C(N(N=C1C2=NC(=O)C(N2CC3=CC=CC=C3)(C)C)C4=C(C=C(C=C4)Cl)Cl)C5=CC=C(C=C5)Cl,-3.7098548466247703,Cc1c(C2=NC(=O)C(C)(C)N2Cc2ccccc2)nn(-c2ccc(Cl)cc2Cl)c1-c1ccc(Cl)cc1
C1CC(C1)(C2=NN=C(S2)C3=NN(C(=C3CN4C=NC=N4)C5=CC=C(C=C5)Br)C6=CC=CC=C6C(F)(F)F)C(F)(F)F,-1.4409090820652175,FC(F)(F)c1ccccc1-n1nc(-c2nnc(C3(C(F)(F)F)CCC3)s2)c(Cn2cncn2)c1-c1ccc(Br)cc1
CC(C)(C)C1=NN=C(O1)C2=NN(C(=C2C3CC3)C4=CC=C(C=C4)Cl)C5=C(C=C(C=C5)Cl)Cl,-3.521138083704036,CC(C)(C)c1nnc(-c2nn(-c3ccc(Cl)cc3Cl)c(-c3ccc(Cl)cc3)c2C2CC2)o1
CNN(C)C(=O)C1=C(N=C(C(=C1)C2=CC=C(C=C2)Cl)C3=C(C=C(C=C3)Cl)Cl)OC4=CC(=C(C=C4)F)F,-2.812913356642856,CNN(C)C(=O)c1cc(-c2ccc(Cl)cc2)c(-c2ccc(Cl)cc2Cl)nc1Oc1ccc(F)c(F)c1
CC1=C(SC(=NS(=O)(=O)C2=CC=CC=C2)N1CC=C(C)C)C(C)(C)C,-2.230448921378274,CC(C)=CCn1c(C)c(C(C)(C)C)sc1=NS(=O)(=O)c1ccccc1
C1CCC(C1)(CNC(=O)C2=C3C=CC=CN3C(=N2)CN4CCC(CC4)(F)F)CO,-0.4771212547196624,O=C(NCC1(CO)CCCC1)c1nc(CN2CCC(F)(F)CC2)n2ccccc12
CC(C)(C)C1=NN=C(S1)C2=NN(C(=C2CN3C=NC=N3)C4=CC=C(C=C4)Br)C5=C(C=C(C=C5)Cl)Cl,-2.633468455579586,CC(C)(C)c1nnc(-c2nn(-c3ccc(Cl)cc3Cl)c(-c3ccc(Br)cc3)c2Cn2cncn2)s1
C1CC1C2=CC3=C(C=C2)C4=C(C3)C(=NN4C5=C(C=C(C=C5)Cl)Cl)C(=O)NC67CC8CC(C6)CC(C8)C7,-1.7062909572587637,O=C(NC12CC3CC(CC(C3)C1)C2)c1nn(-c2ccc(Cl)cc2Cl)c2c1Cc1cc(C3CC3)ccc1-2
CCCCOC1=C(C=CC2=C1OC(=O)C(=C2)C(=O)NCC3CC3)OC,-3.070776462843434,CCCCOc1c(OC)ccc2cc(C(=O)NCC3CC3)c(=O)oc12
C1=CC=C(C(=C1)C2=C(C=C(C(=N2)C3=CN=CC=C3)C#N)C4=CC=C(C=C4)Cl)Cl,-3.5682017240669954,N#Cc1cc(-c2ccc(Cl)cc2)c(-c2ccccc2Cl)nc1-c1cccnc1
C1CCC2C(C1)C(CCN2C(=O)C3=CC(=NN3)C4=CC=CC=C4F)(C5=CC=CC=C5)O,-3.109240968588203,O=C(c1cc(-c2ccccc2F)n[nH]1)N1CCC(O)(c2ccccc2)C2CCCCC21
CCCN(CC1CC1)C2=CC(=C(C=C2)S(=O)(=O)NCC3CCCO3)C(F)(F)F,-2.257678574869185,CCCN(CC1CC1)c1ccc(S(=O)(=O)NCC2CCCO2)c(C(F)(F)F)c1
COC(=O)C1=CC(=C(C=C1)NC2=CC(=C(C=C2)S(=O)(=O)NCC3CC3)C(F)(F)F)Cl,-3.0441476208787233,COC(=O)c1ccc(Nc2ccc(S(=O)(=O)NCC3CC3)c(C(F)(F)F)c2)c(Cl)c1
CC1CCC(CC1)NC(=O)C2=CC3=C(N=CC=C3)N(C2=O)CC4=CC=C(C=C4)F,-0.14144977340046735,CC1CCC(NC(=O)c2cc3cccnc3n(Cc3ccc(F)cc3)c2=O)CC1
CC(C)(C)C1=NN=C(S1)C2=NN(C(=C2CN3C=NC=N3)C4=CC=C(C=C4)Br)C5=CC=CC=C5Cl,-2.739572344450092,CC(C)(C)c1nnc(-c2nn(-c3ccccc3Cl)c(-c3ccc(Br)cc3)c2Cn2cncn2)s1
CC(C)(C)C(=O)C1=C(C2=CC(=C(N=C2O1)C3=CC=CC=C3Cl)C4=CC=C(C=C4)Cl)NC(=O)CO,-3.531478917042255,CC(C)(C)C(=O)c1oc2nc(-c3ccccc3Cl)c(-c3ccc(Cl)cc3)cc2c1NC(=O)CO
CCCC1=NC2=CC=CC=C2N1C(=O)C3=CC=C(C=C3)OC,-3.880813592280792,CCCc1nc2ccccc2n1C(=O)c1ccc(OC)cc1
CC1(CC1)C2=NN=C(O2)C3=NN(C(=C3CN4C=NC=N4)C5=CC=C(C=C5)Br)C6=C(C=C(C=C6)Cl)Cl,-2.60959440922522,CC1(c2nnc(-c3nn(-c4ccc(Cl)cc4Cl)c(-c4ccc(Br)cc4)c3Cn3cncn3)o2)CC1
COC1=CC=C(C=C1)C(=O)N2C3=CC=CC=C3N=C2C4CCCC4,-3.342422680822206,COc1ccc(C(=O)n2c(C3CCCC3)nc3ccccc32)cc1
CC1(CC(C2=C(O1)N=C(C(=C2)C3=CC=C(C=C3)Cl)C4=C(C=C(C=C4)Cl)Cl)NC(=O)CCO)C,-3.3909351071033798,CC1(C)CC(NC(=O)CCO)c2cc(-c3ccc(Cl)cc3)c(-c3ccc(Cl)cc3Cl)nc2O1
CCOC(=O)C(=CC1=CN(C2=CC=CC=C21)CCN3CCCCC3)C(=O)C4=CC=CC=C4,-3.7387805584843687,CCOC(=O)C(=Cc1cn(CCN2CCCCC2)c2ccccc12)C(=O)c1ccccc1
CC1=C(C2=CC(=C(N=C2N(C1=O)C)C3=C(C=C(C=C3)Cl)Cl)C4=CC=C(C=C4)Cl)NC(=O)C,-3.1760912590556813,CC(=O)Nc1c(C)c(=O)n(C)c2nc(-c3ccc(Cl)cc3Cl)c(-c3ccc(Cl)cc3)cc12
CC1=C(N(N=C1C2=NC(=S)C(N2C)(C)C)C3=C(C=C(C=C3)Cl)Cl)C4=CC=C(C=C4)Cl,-2.954917553734959,Cc1c(C2=NC(=S)C(C)(C)N2C)nn(-c2ccc(Cl)cc2Cl)c1-c1ccc(Cl)cc1
CCCCCN1C=C(C(=O)N2C1=NC(=N2)C3=CC=C(C=C3)C)C(=O)NC4CCCCCC4,-1.8061799739838869,CCCCCn1cc(C(=O)NC2CCCCCC2)c(=O)n2nc(-c3ccc(C)cc3)nc12
CC1(CC(=O)C2=C(O1)N=C(C(=C2)C3=CC=C(C=C3)Cl)C4=C(C=C(C=C4)Cl)Cl)C,-3.113943352306837,CC1(C)CC(=O)c2cc(-c3ccc(Cl)cc3)c(-c3ccc(Cl)cc3Cl)nc2O1
C1=CC=C(C=C1)C2=CC=C(C=C2)CCC(=O)CCC(=O)NCCO,-3.9469432706978256,O=C(CCC(=O)NCCO)CCc1ccc(-c2ccccc2)cc1
CC1=C(N(N=C1C(=O)NN2CCCCC2)C3=C(C=C(C=C3)Cl)Cl)C4=CC=C(S4)C#CC(C)(C)C,-3.2787764579556447,Cc1c(C(=O)NN2CCCCC2)nn(-c2ccc(Cl)cc2Cl)c1-c1ccc(C#CC(C)(C)C)s1
CCCN(CC1CC1)C2=CC(=C(C=C2)S(=O)(=O)NCC3CC3)C(F)(F)F,-2.606381365110605,CCCN(CC1CC1)c1ccc(S(=O)(=O)NCC2CC2)c(C(F)(F)F)c1
CC(C)C1=NC2=CC=CC=C2N1C(=O)C3=CC=CC4=CC=CC=C43,-3.322219294733919,CC(C)c1nc2ccccc2n1C(=O)c1cccc2ccccc12
CC(C(CC1=CC=C(C=C1)Cl)C2=CC=CC(=C2)C#N)NS(=O)(=O)CC3=CC(=CC=C3)Cl,-3.3010299956639813,CC(NS(=O)(=O)Cc1cccc(Cl)c1)C(Cc1ccc(Cl)cc1)c1cccc(C#N)c1
CC1=CC=C(C=C1)CN2C=C(C=C2C3=CC(=C(C=C3)Cl)C)C(=O)NCC4CCC5CC4C5(C)C,-3.2591158441850663,Cc1ccc(Cn2cc(C(=O)NCC3CCC4CC3C4(C)C)cc2-c2ccc(Cl)c(C)c2)cc1
CC1COC2=CC=CC3=C2N1C=C(C3=O)C(=O)NC45CC6CC(C4)CC(C6)C5,-2.397940008672037,CC1COc2cccc3c(=O)c(C(=O)NC45CC6CC(CC(C6)C4)C5)cn1c23
CC1=C(N(N=C1C(=O)NCC2CCCCC2)C3=CC=C(C=C3)Cl)N4C=CC=C4,-2.6989700043360187,Cc1c(C(=O)NCC2CCCCC2)nn(-c2ccc(Cl)cc2)c1-n1cccc1
CCCN1C(=NC(=O)C1(C)C)C2=NN(C(=C2C)C3=CC=C(C=C3)Cl)C4=C(C=C(C=C4)Cl)Cl,-3.7411594807127835,CCCN1C(c2nn(-c3ccc(Cl)cc3Cl)c(-c3ccc(Cl)cc3)c2C)=NC(=O)C1(C)C
C1CN(CCC1(F)F)CC2=C3C=CC=CN3C(=N2)C(=O)C4=C(C(=CC=C4)Cl)Cl,0.5228787452803376,O=C(c1cccc(Cl)c1Cl)c1nc(CN2CCC(F)(F)CC2)c2ccccn12
CC=CC=CC=CCCC=CC(=O)NCC(C)(C)O,-2.1172712956557644,CC=CC=CC=CCCC=CC(=O)NCC(C)(C)O
CC(C)(C)C1=NN=C(O1)C2=NN(C(=C2C(=O)NC3=CC=CC=C3)C4=CC=C(C=C4)Br)C5=C(C=C(C=C5)Cl)Cl,-2.5865873046717547,CC(C)(C)c1nnc(-c2nn(-c3ccc(Cl)cc3Cl)c(-c3ccc(Br)cc3)c2C(=O)Nc2ccccc2)o1
CC1=C(N(N=C1C(=O)NN2CCCCC2)C3=C(C=C(C=C3)Cl)Cl)C4=CC=C(S4)Br,-2.9516288938366384,Cc1c(C(=O)NN2CCCCC2)nn(-c2ccc(Cl)cc2Cl)c1-c1ccc(Br)s1
CC(C)(C)C1=NN=C(S1)C2=NN(C(=C2CN3C=NC=N3)C4=CC=C(C=C4)Cl)C5=C(C=C(C=C5)Cl)Cl,-3.0569048513364727,CC(C)(C)c1nnc(-c2nn(-c3ccc(Cl)cc3Cl)c(-c3ccc(Cl)cc3)c2Cn2cncn2)s1
C1=CC=C2C(=C1)C=CC=C2C(=O)C3=CC4=CC=CC=C4S3,-3.612783856719736,O=C(c1cc2ccccc2s1)c1cccc2ccccc12
COC1=NC(=C(C=C1)NC(=O)C2=CC=C(C3=CC=CC=C32)CN4C=CN=N4)C(=O)NCC5CCCCC5,-2.041392685158225,COc1ccc(NC(=O)c2ccc(Cn3ccnn3)c3ccccc23)c(C(=O)NCC2CCCCC2)n1
CCOC(=O)CNC(=O)C=CC=CC1=CC2=C(C=C1)OCCO2,-3.986323777050765,CCOC(=O)CNC(=O)C=CC=Cc1ccc2c(c1)OCCO2
C1CCC2C(C1)C(CCN2C(=O)C3=CN=C(C=C3)C(F)(F)F)(C4=CC=CC=C4)O,-1.0791812460476249,O=C(c1ccc(C(F)(F)F)nc1)N1CCC(O)(c2ccccc2)C2CCCCC21
COC1=NC(=NC(=N1)NCCC2=CC=C(C=C2)F)C3=CC4=CC=CC=C4S3,-0.6020599913279624,COc1nc(NCCc2ccc(F)cc2)nc(-c2cc3ccccc3s2)n1
CN1CCC(C1)C(=O)N2CCC(C3C2CCCC3)(C4=CC=CC=C4)O,-0.7708520116421442,CN1CCC(C(=O)N2CCC(O)(c3ccccc3)C3CCCCC32)C1
C1CCCC2=C(CC1)C=C(C(=O)N2CC3=CC=C(C=C3)F)C(=O)NC4(CCCCC4)C(=O)O,-0.9542425094393248,O=C(NC1(C(=O)O)CCCCC1)c1cc2c(n(Cc3ccc(F)cc3)c1=O)CCCCCC2
C1C(C1NC(=O)C2=NN(C(=C2CN3C=NC=N3)C4=CC=C(C=C4)Br)C5=CC=CC=C5Cl)C6=CC=CC=C6,-3.505149978319906,O=C(NC1CC1c1ccccc1)c1nn(-c2ccccc2Cl)c(-c2ccc(Br)cc2)c1Cn1cncn1
CC1(CC(C2=C(O1)N=C(C(=C2)C3=CC=C(C=C3)Cl)C4=C(C=C(C=C4)Cl)Cl)NC(=O)C(CO)(F)F)C,-3.113943352306837,CC1(C)CC(NC(=O)C(F)(F)CO)c2cc(-c3ccc(Cl)cc3)c(-c3ccc(Cl)cc3Cl)nc2O1
C1CC(C1)CNC(=O)C2=C(C=CC=N2)NC(=O)C3=CC=NC4=CC=CC=C34,-1.9138138523837167,O=C(NCC1CCC1)c1ncccc1NC(=O)c1ccnc2ccccc12
C1CCCC2=C(CC1)C=C(C(=O)N2CC3CCCCC3)C(=O)NC(CC4=CC=CC=C4)C(=O)O,-2.1003705451175634,O=C(NC(Cc1ccccc1)C(=O)O)c1cc2c(n(CC3CCCCC3)c1=O)CCCCCC2
CC1(C2CCC1(C(C2)NC(=O)C3=NN(C4=C3CC5=C4C=CC(=C5)C6CC6)C7=C(C=C(C=C7)Cl)Cl)C)C,-1.4305587695227575,CC1(C)C2CCC1(C)C(NC(=O)c1nn(-c3ccc(Cl)cc3Cl)c3c1Cc1cc(C4CC4)ccc1-3)C2
CC1=CC(=NO1)NC(C)(C)C(=O)NC(C)C(CC2=CC=C(C=C2)Cl)C3=CC=CC(=C3)C#N,-3.712481337801919,Cc1cc(NC(C)(C)C(=O)NC(C)C(Cc2ccc(Cl)cc2)c2cccc(C#N)c2)no1
C1=CC(=CC=C1C2=C(N=C(C(=C2)C#N)OC3=CC=C(C=C3)Cl)C4=C(C=C(C=C4)Cl)Cl)Cl,-3.6232492903979,N#Cc1cc(-c2ccc(Cl)cc2)c(-c2ccc(Cl)cc2Cl)nc1Oc1ccc(Cl)cc1
CCCNC1=C(C(=O)N(N=C1)C2CC(CC(C2)(C)C)(C)C)Cl,-0.7323937598229685,CCCNc1cnn(C2CC(C)(C)CC(C)(C)C2)c(=O)c1Cl
C1CCC2C(C1)C(CCN2C(=O)C3CNCCN3)(C4=CC=CC=C4)O,-1.7923916894982541,O=C(C1CNCCN1)N1CCC(O)(c2ccccc2)C2CCCCC21
CS(=O)(=O)C1=CC=C(C=C1)C2(CCN(C3C2CCCC3)C(=O)C4=CC=CC=C4)O,-2.0253058652647704,CS(=O)(=O)c1ccc(C2(O)CCN(C(=O)c3ccccc3)C3CCCCC32)cc1
C1COCCN1C2=NC(=C3N2C=CC=C3)C(=O)NC(C4=CC=CC=N4)C(F)(F)F,-1.3222192947339193,O=C(NC(c1ccccn1)C(F)(F)F)c1nc(N2CCOCC2)n2ccccc12
CC(C)(C)C1=NC2=NC(=C(C=C2C(=O)N1)C3=CC=C(C=C3)Cl)C4=C(C=C(C=C4)Cl)Cl,-3.740362689494244,CC(C)(C)c1nc2nc(-c3ccc(Cl)cc3Cl)c(-c3ccc(Cl)cc3)cc2c(=O)[nH]1
C1CC1CONS(=O)(=O)C2=C(C=C(C=C2)NC3=C(C=C(C=C3)Cl)Cl)C(F)(F)F,-3.3544926005894364,O=S(=O)(NOCC1CC1)c1ccc(Nc2ccc(Cl)cc2Cl)cc1C(F)(F)F
CC(NC(=O)C1CC(N(C2=C1C=C(C(=N2)C3=C(C=C(C=C3)Cl)Cl)C4=CC=C(C=C4)Cl)C)(C)C)O,-3.1072099696478683,CC(O)NC(=O)C1CC(C)(C)N(C)c2nc(-c3ccc(Cl)cc3Cl)c(-c3ccc(Cl)cc3)cc21
CCCCCCC(C)(C)C1=CC(=C(C(=C1)OC)C2C3CCC(C2=O)(C3(C)C)C)OC,-2.5065050324048723,CCCCCCC(C)(C)c1cc(OC)c(C2C(=O)C3(C)CCC2C3(C)C)c(OC)c1
CC1(CC1)C2=NN=C(O2)C3=NN(C(=C3CN4C=NC=N4)C5=CC=C(C=C5)Cl)C6=C(C=C(C=C6)Cl)Cl,-2.979548374704095,CC1(c2nnc(-c3nn(-c4ccc(Cl)cc4Cl)c(-c4ccc(Cl)cc4)c3Cn3cncn3)o2)CC1
CCCCCN1C=C(C(=O)N2C1=NC(=N2)C3=CC=CC=C3)C(=O)NC45CC6CC(C4)CC(C6)C5,-0.9344984512435676,CCCCCn1cc(C(=O)NC23CC4CC(CC(C4)C2)C3)c(=O)n2nc(-c3ccccc3)nc12
C1CCCC2=C(CC1)C=C(C(=O)N2CC3CCCCC3)C(=O)NC4=NC(=CS4)CCC(=O)O,-1.1760912590556811,O=C(O)CCc1csc(NC(=O)c2cc3c(n(CC4CCCCC4)c2=O)CCCCCC3)n1
CC(=O)C1=C(C2=CC(=C(N=C2N(C1=O)C)C3=C(C=C(C=C3)Cl)Cl)C4=CC=C(C=C4)Cl)N,-3.0413926851582254,CC(=O)c1c(N)c2cc(-c3ccc(Cl)cc3)c(-c3ccc(Cl)cc3Cl)nc2n(C)c1=O
C1CC1(C2=CC=CC=C2)C3=NN=C(O3)C4=NN(C(=C4CN5C=NC=N5)C6=CC=C(C=C6)Cl)C7=C(C=C(C=C7)Cl)Cl,-3.05307844348342,Clc1ccc(-c2c(Cn3cncn3)c(-c3nnc(C4(c5ccccc5)CC4)o3)nn2-c2ccc(Cl)cc2Cl)cc1
COCC1=CC=C(C2=CC=CC=C12)C(=O)NC3=C(N=CC=C3)C(=O)NCC4CCC4,-1.2787536009528289,COCc1ccc(C(=O)Nc2cccnc2C(=O)NCC2CCC2)c2ccccc12
CCC1COC2=C(C=CC3=C2N1C=C(C3=O)C(=O)NC45CC6CC(C4)CC(C6)C5)OC,-1.3802112417116061,CCC1COc2c(OC)ccc3c(=O)c(C(=O)NC45CC6CC(CC(C6)C4)C5)cn1c23
CCC1COC2=CC=CC3=C2N1C=C(C3=O)C(=O)NC(C)CCC(C)C,-1.7923916894982541,CCC1COc2cccc3c(=O)c(C(=O)NC(C)CCC(C)C)cn1c23
C1CC1(C2=CC=C(C=C2)Cl)C3=NN=C(S3)C4=NN(C(=C4CN5C=NC=N5)C6=CC=C(C=C6)Cl)C7=CC=CC=C7Cl,-2.423245873936808,Clc1ccc(-c2c(Cn3cncn3)c(-c3nnc(C4(c5ccc(Cl)cc5)CC4)s3)nn2-c2ccccc2Cl)cc1
CC(C(CC1=CC=C(C=C1)Cl)C2=CC=CC(=C2)C#N)NC(=O)C(C)(C)NC3=C(C=C(C=N3)C(F)(F)F)Cl,-2.6222140229662947,CC(NC(=O)C(C)(C)Nc1ncc(C(F)(F)F)cc1Cl)C(Cc1ccc(Cl)cc1)c1cccc(C#N)c1
COC1=NC(=NC(=N1)NCCC2=CC=C(C=C2)OC(F)F)C3=CC(=C(C=C3)Cl)OCC(=O)N,-1.041392685158225,COc1nc(NCCc2ccc(OC(F)F)cc2)nc(-c2ccc(Cl)c(OCC(N)=O)c2)n1
CC(C(CC1=CC=C(C=C1)Cl)C2=CC=C(C=C2)Cl)NC(=O)C(C)(C)OC3=CC=C(C=C3)Cl,-3.0413926851582254,CC(NC(=O)C(C)(C)Oc1ccc(Cl)cc1)C(Cc1ccc(Cl)cc1)c1ccc(Cl)cc1
CC1=CC=C(C=C1)N2C(=NN(C2=O)C(=O)NC3CCCCC3)C4=CC=C(C=C4)OC,-3.611723308007341,COc1ccc(-c2nn(C(=O)NC3CCCCC3)c(=O)n2-c2ccc(C)cc2)cc1
CC(C)OC1=NC(=C(C=C1C#N)C2=CC=C(C=C2)Cl)C3=C(C=C(C=C3)Cl)Cl,-2.934498451243568,CC(C)Oc1nc(-c2ccc(Cl)cc2Cl)c(-c2ccc(Cl)cc2)cc1C#N
CC1=CC=C(C=C1)C2COC3=CC=CC4=C3N2C=C(C4=O)C(=O)NC5CCCCC5,-3.3904051564800812,Cc1ccc(C2COc3cccc4c(=O)c(C(=O)NC5CCCCC5)cn2c34)cc1
CCC1=C(C=C(N1C2=CC=CC=C2)C)C(=O)NC34CC5CC(C3)CC(C5)C4,-2.600210306409328,CCc1c(C(=O)NC23CC4CC(CC(C4)C2)C3)cc(C)n1-c1ccccc1
CC1=C(N(N=C1C(=O)NN2CCCCC2)C3=CC(=C(C=C3)Cl)Cl)N4C=CC=C4,-1.3979400086720375,Cc1c(C(=O)NN2CCCCC2)nn(-c2ccc(Cl)c(Cl)c2)c1-n1cccc1
CC(C)(C1=C(C=CC(=C1)C2=NC(=NC(=N2)OC)NCCC3=CC=C(C=C3)OCF)Cl)O,-0.5910646070264992,COc1nc(NCCc2ccc(OCF)cc2)nc(-c2ccc(Cl)c(C(C)(C)O)c2)n1
CCC1=C(N(N=C1C2=NC(=O)C(N2C)(C)C)C3=C(C=C(C=C3)Cl)Cl)C4=CC=C(C=C4)Cl,-3.4372113226245817,CCc1c(C2=NC(=O)C(C)(C)N2C)nn(-c2ccc(Cl)cc2Cl)c1-c1ccc(Cl)cc1
CC(C(CC1=CC=C(C=C1)Cl)C2=CC=CC(=C2)C#N)NS(=O)(=O)C3=CC(=CC(=C3)C(F)(F)F)C(F)(F)F,-3.2442771208018435,CC(NS(=O)(=O)c1cc(C(F)(F)F)cc(C(F)(F)F)c1)C(Cc1ccc(Cl)cc1)c1cccc(C#N)c1
CC(C(CC1=CC=C(C=C1)Cl)C2=CC=CC(=C2)C#N)NS(=O)(=O)C3=C(C=CC(=C3)Cl)Cl,-2.6974037232004875,CC(NS(=O)(=O)c1cc(Cl)ccc1Cl)C(Cc1ccc(Cl)cc1)c1cccc(C#N)c1
CC(=O)N(CC1CC1)S(=O)(=O)C2=C(C=C(C=C2)NC3CC4CCC3C4)C(F)(F)F,-2.6522463410033232,CC(=O)N(CC1CC1)S(=O)(=O)c1ccc(NC2CC3CCC2C3)cc1C(F)(F)F
CC1CCC(CC1)NC(=O)C2=CC3=C(N=CC=C3)N(C2=O)CCCCF,-0.7303784685876429,CC1CCC(NC(=O)c2cc3cccnc3n(CCCCF)c2=O)CC1
CCCCCN1C=C(C(=O)N2C1=NC(=N2)N(C)CC3=CC=CC=C3)C(=O)NC45CC6CC(C4)CC(C6)C5,-1.4623979978989559,CCCCCn1cc(C(=O)NC23CC4CC(CC(C4)C2)C3)c(=O)n2nc(N(C)Cc3ccccc3)nc12
C1CCC2(CC1)CC(C3=C(O2)N=C(C(=C3)C4=CC=C(C=C4)Cl)C5=CC=CC=C5Cl)NC(=O)CO,-3.6232492903979,O=C(CO)NC1CC2(CCCCC2)Oc2nc(-c3ccccc3Cl)c(-c3ccc(Cl)cc3)cc21
C1CCC(CC1)NC2=CC(=C(C=C2)S(=O)(=O)NCC3CC3)C(F)(F)F,-2.155336037465062,O=S(=O)(NCC1CC1)c1ccc(NC2CCCCC2)cc1C(F)(F)F
CCCCCOC1=C(C=CC2=C1NC(=O)C(=C2)C(=O)NCC3=CC(=C(C=C3)O)O)OC,-3.599995995780543,CCCCCOc1c(OC)ccc2cc(C(=O)NCc3ccc(O)c(O)c3)c(=O)[nH]c12
CC(C)C1=NC2=NC(=C(C=C2C(=O)N1CC3=NOC=N3)C4=CC=C(C=C4)Cl)C5=CC=CC=C5Cl,-3.991226075692495,CC(C)c1nc2nc(-c3ccccc3Cl)c(-c3ccc(Cl)cc3)cc2c(=O)n1Cc1ncon1
C1C2CC3CC1CC(C2)(C3)NC(=O)C4=CN5C(COC6=CC=CC(=C65)C4=O)C7=CC=CC=C7,-1.414973347970818,O=C(NC12CC3CC(CC(C3)C1)C2)c1cn2c3c(cccc3c1=O)OCC2c1ccccc1
CC(=O)N1CCC2=C1C=C(C=C2)NC3=CC(=C(C=C3)S(=O)(=O)NCC4CC4)C(F)(F)F,-3.0849335749367164,CC(=O)N1CCc2ccc(Nc3ccc(S(=O)(=O)NCC4CC4)c(C(F)(F)F)c3)cc21
CC(C)(C)C(=O)C1=C(C2=CC(=C(N=C2O1)C3=C(C=C(C=C3)Cl)Cl)C4=CC=C(C=C4)Cl)N,-2.6434526764861874,CC(C)(C)C(=O)c1oc2nc(-c3ccc(Cl)cc3Cl)c(-c3ccc(Cl)cc3)cc2c1N
C1CC1CNS(=O)(=O)C2=C(C=C(C=C2)NC3=C(C=C(C=C3)Cl)Cl)C(F)(F)F,-1.4771212547196624,O=S(=O)(NCC1CC1)c1ccc(Nc2ccc(Cl)cc2Cl)cc1C(F)(F)F
CCCCCC1=CC(=C(C(=C1)OC)C2=CC3CCC2(C3(C)C)C(=O)O)OC,-3.3201462861110542,CCCCCc1cc(OC)c(C2=CC3CCC2(C(=O)O)C3(C)C)c(OC)c1
C1CC1CNS(=O)(=O)C2=C(C=C(C=C2)NC3CC4CCC3C4)C(F)(F)F,-1.3010299956639813,O=S(=O)(NCC1CC1)c1ccc(NC2CC3CCC2C3)cc1C(F)(F)F
CC1=CC=C(N1C2=C(C(=NN2C3=C(C=C(C=C3)F)F)C(=O)NCC4=CC(=C(C=C4)Cl)Cl)C)C,-3.6989700043360174,Cc1c(C(=O)NCc2ccc(Cl)c(Cl)c2)nn(-c2ccc(F)cc2F)c1-n1c(C)ccc1C
C1CCC2C(C1)C(CCN2C(=O)C3=CC=CC=C3)(C4=CC=CC=C4)O,-1.6532125137753435,O=C(c1ccccc1)N1CCC(O)(c2ccccc2)C2CCCCC21
CC1(CC(CC(C1)(C)C)N2C(=O)C(=C(C=N2)N(C)C)Cl)C,-1.230448921378274,CN(C)c1cnn(C2CC(C)(C)CC(C)(C)C2)c(=O)c1Cl
CCCCC#CC1=CC=C(S1)C2=C(C(=NN2C3=C(C=C(C=C3)Cl)Cl)C(=O)NN4CCCCCC4)C,-2.751279103983342,CCCCC#Cc1ccc(-c2c(C)c(C(=O)NN3CCCCCC3)nn2-c2ccc(Cl)cc2Cl)s1
CC(C)(C)C1=NC2=NC(=C(C=C2C(=N1)N)C3=CC=C(C=C3)Cl)C4=CC=CC=C4Cl,-3.690196080028514,CC(C)(C)c1nc(N)c2cc(-c3ccc(Cl)cc3)c(-c3ccccc3Cl)nc2n1
CC1=C(C(=CC=C1)N2CCN(CC2)C(=O)C3=NN(C(=C3CN4C=NC=N4)C5=CC=C(C=C5)Br)C6=CC=CC=C6Cl)C,-2.737987326333431,Cc1cccc(N2CCN(C(=O)c3nn(-c4ccccc4Cl)c(-c4ccc(Br)cc4)c3Cn3cncn3)CC2)c1C
CCN(CC)CCNC1=C(C(=O)N(N=C1)C2CC(CC(C2)(C)C)(C)C)Cl,-3.1099158630237933,CCN(CC)CCNc1cnn(C2CC(C)(C)CC(C)(C)C2)c(=O)c1Cl
CC1(CC(C2=C(O1)N=C(C(=C2)C3=CC=C(C=C3)Cl)C4=C(C=C(C=C4)Cl)Cl)NC(=O)CC(C(F)(F)F)O)C,-2.397940008672037,CC1(C)CC(NC(=O)CC(O)C(F)(F)F)c2cc(-c3ccc(Cl)cc3)c(-c3ccc(Cl)cc3Cl)nc2O1
CC(C(CC1=CC=C(C=C1)Cl)C2=CC(=CC=C2)F)NC(=O)C(C)(C)OC3=CC=C(C=C3)Cl,-2.724275869600789,CC(NC(=O)C(C)(C)Oc1ccc(Cl)cc1)C(Cc1ccc(Cl)cc1)c1cccc(F)c1
CC1(CC(CC(C1)(C)C)N2C(=O)C(=C(C=N2)Cl)Cl)C,-2.589949601325708,CC1(C)CC(n2ncc(Cl)c(Cl)c2=O)CC(C)(C)C1
C1CC(C1)CNC(=O)C2=C(C=CC=N2)NC(=O)C3=CC=CC4=CC=CC=C43,-1.414973347970818,O=C(NCC1CCC1)c1ncccc1NC(=O)c1cccc2ccccc12
COC1=CC(=CC(=C1)NC2=CC(=C(C=C2)S(=O)(=O)NCC3CC3)OC(F)(F)F)OC,-2.751279103983342,COc1cc(Nc2ccc(S(=O)(=O)NCC3CC3)c(OC(F)(F)F)c2)cc(OC)c1
CC1=C(C=CC=C1C(F)(F)F)C(=O)N=C2C=C(N(N2CC3CC3)C)C(C)(C)C,-1.041392685158225,Cc1c(C(=O)N=c2cc(C(C)(C)C)n(C)n2CC2CC2)cccc1C(F)(F)F
CC1(CC(C2=C(O1)N=C(C(=C2)C3=CC=C(C=C3)Cl)C4=C(C=C(C=C4)Cl)Cl)NC(=O)C5=CC=CC=C5O)C,-3.5185139398778875,CC1(C)CC(NC(=O)c2ccccc2O)c2cc(-c3ccc(Cl)cc3)c(-c3ccc(Cl)cc3Cl)nc2O1
CC1CCC(CC1)NC(=O)C2=CC3=C(N=CC=C3)N(C2=O)CCCCO,-2.322219294733919,CC1CCC(NC(=O)c2cc3cccnc3n(CCCCO)c2=O)CC1
CC(C(CC1=CC=C(C=C1)Cl)C2=CC=CC=C2)NC(=O)C(C)(C)OC3=NC=C(C=C3)C(F)(F)F,-2.146128035678238,CC(NC(=O)C(C)(C)Oc1ccc(C(F)(F)F)cn1)C(Cc1ccc(Cl)cc1)c1ccccc1
C1CCC2C(C1)C(CCN2C(=O)C3=NOC=C3)(C4=CC=CC=C4)O,-1.041392685158225,O=C(c1ccon1)N1CCC(O)(c2ccccc2)C2CCCCC21
C1CCC2C(C1)C(CCN2C(=O)C3=NC4=C(C=C3)C=NC=C4)(C5=CC=CC=C5)O,-0.7403626894942439,O=C(c1ccc2cnccc2n1)N1CCC(O)(c2ccccc2)C2CCCCC21
C1CCCC(CC1)NC(=O)C2=CN3C(COC4=CC=CC(=C43)C2=O)C5CC5,-1.0934216851622351,O=C(NC1CCCCCC1)c1cn2c3c(cccc3c1=O)OCC2C1CC1
CC1(CC(CC(C1)(C)C)N2C(=O)C=C(C=N2)N(C)C)C,-2.57978359661681,CN(C)c1cnn(C2CC(C)(C)CC(C)(C)C2)c(=O)c1
CC(C)(C1=C(C=CC(=C1)C2=NC(=NC(=N2)OC)NCCC3=CC=C(C=C3)OC(F)F)F)O,-1.4771212547196624,COc1nc(NCCc2ccc(OC(F)F)cc2)nc(-c2ccc(F)c(C(C)(C)O)c2)n1
CC1=C(C=CC(=C1)C(=O)C2=CC=CC=C2)NC(=O)CC3CCCN4C3CCCC4,-2.599883072073688,Cc1cc(C(=O)c2ccccc2)ccc1NC(=O)CC1CCCN2CCCCC12
CC1=C(SC(=NS(=O)(=O)C2=CC=CC=C2)N1CC#C)C(C)(C)C,-2.322219294733919,C#CCn1c(C)c(C(C)(C)C)sc1=NS(=O)(=O)c1ccccc1
CC(C(CC1=CC=C(C=C1)Cl)C2=CC=CC(=C2)C#N)NS(=O)(=O)CC3=CC=C(C=C3)Cl,-3.2447717614952953,CC(NS(=O)(=O)Cc1ccc(Cl)cc1)C(Cc1ccc(Cl)cc1)c1cccc(C#N)c1
COC1=CC=C(C=C1)C2(CCN(C3C2CCCC3)C(=O)C4=CC=CC=C4)O,-2.5538830266438746,COc1ccc(C2(O)CCN(C(=O)c3ccccc3)C3CCCCC32)cc1
CC(C)(C)C1=NN=C(O1)C2=NN(C(=C2CN3C=CN=N3)C4=CC=C(C=C4)Cl)C5=C(C=C(C=C5)Cl)Cl,-3.049218022670181,CC(C)(C)c1nnc(-c2nn(-c3ccc(Cl)cc3Cl)c(-c3ccc(Cl)cc3)c2Cn2ccnn2)o1
CCC1COC2=C(C=CC3=C2N1C=C(C3=O)C(=O)NC45CC6CC(C4)CC(C6)C5)N7CCN(CC7)C.Cl,-2.292256071356476,CCC1COc2c(N3CCN(C)CC3)ccc3c(=O)c(C(=O)NC45CC6CC(CC(C6)C4)C5)cn1c23.Cl
C1CCCC2=C(CC1)C=C(C(=O)N2CC3CCCCC3)C(=O)NC4=NC(=CS4)CC(=O)O,-1.041392685158225,O=C(O)Cc1csc(NC(=O)c2cc3c(n(CC4CCCCC4)c2=O)CCCCCC3)n1
CCC1COC2=C(C=CC3=C2N1C=C(C3=O)C(=O)NC45CC6CC(C4)CC(C6)C5)N7CCCC7,-1.4623979978989559,CCC1COc2c(N3CCCC3)ccc3c(=O)c(C(=O)NC45CC6CC(CC(C6)C4)C5)cn1c23
C1C(C(=NN1C(=NCC(=O)N)NS(=O)(=O)C2=CC=C(C=C2)Cl)C3=CC=C(C=C3)Cl)C4=CC=CC=C4,-3.6989700043360183,NC(=O)CN=C(NS(=O)(=O)c1ccc(Cl)cc1)N1CC(c2ccccc2)C(c2ccc(Cl)cc2)=N1
CC(C(CC1=CC=C(C=C1)Cl)C2=CC=CC(=C2)C#N)NS(=O)(=O)C3=CC=CC4=CC=CC=C43,-3.048053173115609,CC(NS(=O)(=O)c1cccc2ccccc12)C(Cc1ccc(Cl)cc1)c1cccc(C#N)c1
CC(C)(C1=CC=CC(=C1)C2=NC(=NC(=N2)OC)NCCC3=CC=C(C=C3)OC(F)F)O,-1.2552725051033058,COc1nc(NCCc2ccc(OC(F)F)cc2)nc(-c2cccc(C(C)(C)O)c2)n1
CCCCCN1C=C(C(=O)N2C1=NC(=N2)C3=CC=C(C=C3)OC)C(=O)NC45CC6CC(C4)CC(C6)C5,-2.1072099696478683,CCCCCn1cc(C(=O)NC23CC4CC(CC(C4)C2)C3)c(=O)n2nc(-c3ccc(OC)cc3)nc12
C1CCC(C1)OC2=NC=C(C=C2C3=C(C=CC(=C3)C(F)(F)F)Cl)C(=O)NC4CCCCC4O,-3.3783979009481366,O=C(NC1CCCCC1O)c1cnc(OC2CCCC2)c(-c2cc(C(F)(F)F)ccc2Cl)c1
CCCCC#CC1=CC=C(S1)C2=C(C(=NN2C3=C(C=C(C=C3)Cl)Cl)C(=O)NCCCC)C,-2.8046164169872547,CCCCC#Cc1ccc(-c2c(C)c(C(=O)NCCCC)nn2-c2ccc(Cl)cc2Cl)s1
C1CCC2C(C1)C(CCN2C(=O)C3=CC=CC=C3)(C4=CC=CC=C4)O,-0.6232492903979004,O=C(c1ccccc1)N1CCC(O)(c2ccccc2)C2CCCCC21
CC(C)(C1=C(C=CC(=C1)C2=NC(=NC(=N2)OC)NCCC3=CC=C(C=C3)OC(F)F)Cl)O,-0.07918124604762483,COc1nc(NCCc2ccc(OC(F)F)cc2)nc(-c2ccc(Cl)c(C(C)(C)O)c2)n1
CC1=C(N(N=C1C2=NN=NN2C3CCCC3)C4=C(C=C(C=C4)Cl)Cl)C5=CC=C(C=C5)Br,-3.627365856592733,Cc1c(-c2nnnn2C2CCCC2)nn(-c2ccc(Cl)cc2Cl)c1-c1ccc(Br)cc1
CC(C)C1CC(=O)C2=C(O1)N=C(C(=C2)C3=CC=C(C=C3)Cl)C4=CC=CC=C4Cl,-3.5185139398778875,CC(C)C1CC(=O)c2cc(-c3ccc(Cl)cc3)c(-c3ccccc3Cl)nc2O1
COC1=CC(=CC(=C1)NC2=CC(=C(C=C2)S(=O)(=O)NCCN3CCOCC3)C(F)(F)F)OC,-3.5686709780098966,COc1cc(Nc2ccc(S(=O)(=O)NCCN3CCOCC3)c(C(F)(F)F)c2)cc(OC)c1
CCCN(CC1CC1)C2=CC(=C(C=C2)S(=O)(=O)NCC3CCOCC3)C(F)(F)F,-2.8709888137605755,CCCN(CC1CC1)c1ccc(S(=O)(=O)NCC2CCOCC2)c(C(F)(F)F)c1
CC1(CC(C2=C(O1)N=C(C(=C2)C3=CC=C(C=C3)Cl)C4=C(C=C(C=C4)Cl)Cl)OC)C,-3.5786392099680717,COC1CC(C)(C)Oc2nc(-c3ccc(Cl)cc3Cl)c(-c3ccc(Cl)cc3)cc21
CN1C=C(C=N1)C2=NC(=C(C=C2C#N)C3=CC=C(C=C3)Cl)C4=CC=CC=C4Cl,-3.5185139398778875,Cn1cc(-c2nc(-c3ccccc3Cl)c(-c3ccc(Cl)cc3)cc2C#N)cn1
C1CC1C2=NC(=C3N2C=CC=C3)C(=O)NC(C4CC4)C5CC5,-0.8450980400142568,O=C(NC(C1CC1)C1CC1)c1nc(C2CC2)n2ccccc12
CCCCNS(=O)(=O)C1=C(C=C(C=C1)NC2=C(C=C(C=C2)Cl)Cl)C(F)(F)F,-2.462397997898956,CCCCNS(=O)(=O)c1ccc(Nc2ccc(Cl)cc2Cl)cc1C(F)(F)F
CC(C(CC1=CC=C(C=C1)Cl)C2=CC=CC=C2)NC(=O)C(C)(C)OC3=CC(=CC=C3)Cl,-2.2787536009528293,CC(NC(=O)C(C)(C)Oc1cccc(Cl)c1)C(Cc1ccc(Cl)cc1)c1ccccc1
COCCCNC1=CC(=C(C=C1)S(=O)(=O)NCC2CC2)C(F)(F)F,-3.2038484637462346,COCCCNc1ccc(S(=O)(=O)NCC2CC2)c(C(F)(F)F)c1
CCCCOC1=C(C=CC2=C1OC(=O)C(=C2)C(=O)NC(CC)CC)OC,-1.3010299956639813,CCCCOc1c(OC)ccc2cc(C(=O)NC(CC)CC)c(=O)oc12
CC(C(=O)NC1CC2(CCCCC2)OC3=C1C=C(C(=N3)C4=CC=CC=C4Cl)C5=CC=C(C=C5)Cl)O,-3.5563025007672877,CC(O)C(=O)NC1CC2(CCCCC2)Oc2nc(-c3ccccc3Cl)c(-c3ccc(Cl)cc3)cc21
C1C2CC3CC1CC(C2)(C3)NC(=O)C4=NC(=C5N4C=CC=C5)C(C6=CN=CC=C6)O,-0.6532125137753437,O=C(NC12CC3CC(CC(C3)C1)C2)c1nc(C(O)c2cccnc2)c2ccccn12
C1C2CC3CC1CC(C2)(C3)NC(=O)C4=CN5C(COC6=CC=CC(=C65)C4=O)CC7=CC=CC=C7,-1.2430380486862944,O=C(NC12CC3CC(CC(C3)C1)C2)c1cn2c3c(cccc3c1=O)OCC2Cc1ccccc1
CC(C)(C)NC(=O)N1CCN(CC1)C(C2=CC=C(C=C2)Br)C3=CC=CC=C3Cl,-3.6946051989335684,CC(C)(C)NC(=O)N1CCN(C(c2ccc(Br)cc2)c2ccccc2Cl)CC1
CCCCCC1=CC(=C(C(=C1)O)CC=C(C)CCC=C(C)CCC=C(C)C)O,-2.8512583487190755,CCCCCc1cc(O)c(CC=C(C)CCC=C(C)CCC=C(C)C)c(O)c1
CC(C(CC1=CC=C(C=C1)Cl)C2=CC=CC(=C2)C#N)NS(=O)(=O)C3=CC=CC=C3Cl,-2.8249064713021124,CC(NS(=O)(=O)c1ccccc1Cl)C(Cc1ccc(Cl)cc1)c1cccc(C#N)c1
CC1=C(N(N=C1C(=O)NN2CCCCC2)C3=C(C=C(C=C3)Cl)Cl)C4=CC=C(S4)C#CC5CCCCC5,-3.1976664261935657,Cc1c(C(=O)NN2CCCCC2)nn(-c2ccc(Cl)cc2Cl)c1-c1ccc(C#CC2CCCCC2)s1
CC=CC=CC=CCCC=CC=CC(=O)NCC(C)(C)O,-2.2944662261615933,CC=CC=CC=CCCC=CC=CC(=O)NCC(C)(C)O
C1=CC(=CC=C1C2=CC(=C(N=C2C3=C(C=C(C=C3)Cl)Cl)OC4=CC(=C(C=C4)F)F)C(=O)N)Cl,-3.690196080028514,NC(=O)c1cc(-c2ccc(Cl)cc2)c(-c2ccc(Cl)cc2Cl)nc1Oc1ccc(F)c(F)c1
CC1=C(C(=NN1)C2=C(C=C(C=C2)OC)O)C3=CC=C(C=C3)Cl,-3.701136066092527,COc1ccc(-c2n[nH]c(C)c2-c2ccc(Cl)cc2)c(O)c1
C1CC1CNS(=O)(=O)C2=C(C=C(C=C2)NC3=CC=CC=C3)C(F)(F)F,-2.296665190261531,O=S(=O)(NCC1CC1)c1ccc(Nc2ccccc2)cc1C(F)(F)F
C1CC1CNS(=O)(=O)C2=C(C=C(C=C2)NC3=C(C=C(C=C3)C#N)Cl)C(F)(F)F,-1.7007037171450194,N#Cc1ccc(Nc2ccc(S(=O)(=O)NCC3CC3)c(C(F)(F)F)c2)c(Cl)c1
C1CCC2C(C1)C(CCN2C(=O)C3=CN(C=N3)CC(F)(F)F)(C4=CC=CC=C4)O,-1.414973347970818,O=C(c1cn(CC(F)(F)F)cn1)N1CCC(O)(c2ccccc2)C2CCCCC21
CN1CCOCC1C(=O)N2CCC(C3C2CCCC3)(C4=CC=CC=C4)O,-1.2041199826559248,CN1CCOCC1C(=O)N1CCC(O)(c2ccccc2)C2CCCCC21
CC1=C(C2=C3N1C(COC3=CC=C2)CN4CCOCC4)C(=O)C5=CC=CC6=CC=CC=C65,-0.7888751157754168,Cc1c(C(=O)c2cccc3ccccc23)c2cccc3c2n1C(CN1CCOCC1)CO3
CC1=CC=C(N1C2=C(C(=NN2C3=C(C=C(C=C3)Cl)Cl)C(=O)NC4CCCCC4)C)C,-2.041392685158225,Cc1c(C(=O)NC2CCCCC2)nn(-c2ccc(Cl)cc2Cl)c1-n1c(C)ccc1C
CCCC=CC1=CC=C(S1)C2=C(C(=NN2C3=C(C=C(C=C3)Cl)Cl)C(=O)NN4CC5CCCC5C4)C,-3.7334219804439055,CCCC=Cc1ccc(-c2c(C)c(C(=O)NN3CC4CCCC4C3)nn2-c2ccc(Cl)cc2Cl)s1
C1CCC2C(C1)C(CCN2C(=O)C3=CN=CO3)(C4=CC=CC=C4)O,-2.1931245983544616,O=C(c1cnco1)N1CCC(O)(c2ccccc2)C2CCCCC21
COC1=CC(=CC(=C1)NC2=CC(=C(C=C2)S(=O)(=O)NCC3=CC=NC=C3)C(F)(F)F)OC,-2.521138083704036,COc1cc(Nc2ccc(S(=O)(=O)NCc3ccncc3)c(C(F)(F)F)c2)cc(OC)c1
C1CCC2C(C1)C(CCN2C(=O)C3=NC4=CC=CC=C4C=C3)(C5=CC=CC=C5)O,-1.6127838567197357,O=C(c1ccc2ccccc2n1)N1CCC(O)(c2ccccc2)C2CCCCC21
CCCC#CC1=CC=C(S1)C2=C(C(=NN2C3=C(C=C(C=C3)Cl)Cl)C(=O)NN4CC5CCCC5C4)C,-2.894924977359544,CCCC#Cc1ccc(-c2c(C)c(C(=O)NN3CC4CCCC4C3)nn2-c2ccc(Cl)cc2Cl)s1
CC(C)(C)C1=NN=C(O1)C2=NN(C(=C2CN3C=CN=C3)C4=CC=C(C=C4)Cl)C5=C(C=C(C=C5)Cl)Cl,-2.5751878449276613,CC(C)(C)c1nnc(-c2nn(-c3ccc(Cl)cc3Cl)c(-c3ccc(Cl)cc3)c2Cn2ccnc2)o1
COC1=CC=C(C=C1)C2=C(C3=CC=CC=C3S2)C(=O)C4=CC=C(C=C4)OC,-2.6020599913279625,COc1ccc(C(=O)c2c(-c3ccc(OC)cc3)sc3ccccc23)cc1
CCCCCCC(C)(C)C1=CC(=C(C(=C1)OC)C2=CC3CCC2(C3(C)C)C(=O)O)OC,-2.5185139398778875,CCCCCCC(C)(C)c1cc(OC)c(C2=CC3CCC2(C(=O)O)C3(C)C)c(OC)c1
COC1=NC(=NC(=N1)NCCC2=CC=C(C=C2)F)C3=CC4=CC=CC=C4N=C3,-1.5314789170422551,COc1nc(NCCc2ccc(F)cc2)nc(-c2cnc3ccccc3c2)n1
CC1(CC(C2=C(O1)N=C(C(=C2)C3=CC=C(C=C3)Cl)C4=C(C=C(C=C4)Cl)Cl)C(=O)N)C,-3.3944516808262164,CC1(C)CC(C(N)=O)c2cc(-c3ccc(Cl)cc3)c(-c3ccc(Cl)cc3Cl)nc2O1
CC(C)(C)C(=O)C1=C(C2=CC(=C(N=C2O1)C3=CC=CC=C3Cl)C4=CC=C(C=C4)Cl)NC(=O)N(C)C,-3.2944662261615933,CN(C)C(=O)Nc1c(C(=O)C(C)(C)C)oc2nc(-c3ccccc3Cl)c(-c3ccc(Cl)cc3)cc12
CC1=CC=C(N1C2=C(C(=NN2C3=C(C=C(C=C3)Cl)Cl)C(=O)NN4CCCCC4)C)C,-3.0934216851622347,Cc1c(C(=O)NN2CCCCC2)nn(-c2ccc(Cl)cc2Cl)c1-n1c(C)ccc1C
CC(=O)C1=C(C2=CC(=C(N=C2N(C1=O)CCOC)C3=C(C=C(C=C3)Cl)Cl)C4=CC=C(C=C4)Cl)NC(=O)C,-3.255272505103306,COCCn1c(=O)c(C(C)=O)c(NC(C)=O)c2cc(-c3ccc(Cl)cc3)c(-c3ccc(Cl)cc3Cl)nc21
CCCCCN1C2=CC=CC=C2C(=C(C1=O)C(=O)NC34CC5CC(C3)CC(C5)C4)O,-0.3010299956639812,CCCCCn1c(=O)c(C(=O)NC23CC4CC(CC(C4)C2)C3)c(O)c2ccccc21
CCCCN1C(=NC(=O)C1(C)C)C2=NN(C(=C2C)C3=CC=C(C=C3)Cl)C4=C(C=C(C=C4)Cl)Cl,-3.677907934911045,CCCCN1C(c2nn(-c3ccc(Cl)cc3Cl)c(-c3ccc(Cl)cc3)c2C)=NC(=O)C1(C)C
CC(C)(C)CNC(=O)C1=C2C=CC=CN2C(=N1)C3CC3,-1.3222192947339193,CC(C)(C)CNC(=O)c1nc(C2CC2)n2ccccc12
CC(C)(C)C1=NC2=NC(=C(C=C2C3=NNC(=O)N31)C4=CC=C(C=C4)Cl)C5=CC=CC=C5Cl,-3.57978359661681,CC(C)(C)c1nc2nc(-c3ccccc3Cl)c(-c3ccc(Cl)cc3)cc2c2n[nH]c(=O)n12
CCCCC1=NC2=CC=CC=C2N1C(=O)C3=CC=CC4=CC=CC=C43,-3.230448921378274,CCCCc1nc2ccccc2n1C(=O)c1cccc2ccccc12
CC(C(CC1=CC=C(C=C1)Cl)C2=CC=CC=C2)NC(=O)C(C)(C)OC3=CC(=CC(=C3)F)F,-2.3010299956639813,CC(NC(=O)C(C)(C)Oc1cc(F)cc(F)c1)C(Cc1ccc(Cl)cc1)c1ccccc1
CC1=C(N(N=C1C(=O)NC2CCCCC2)C3=C(C=C(C=C3)F)F)N4C=CC=C4,-1.919078092376074,Cc1c(C(=O)NC2CCCCC2)nn(-c2ccc(F)cc2F)c1-n1cccc1
CCCCCCC(C)(C)C1=CC(=C(C(=C1)OC)C2=CC3CCC2(C3(C)C)CO)OC,-2.628388930050312,CCCCCCC(C)(C)c1cc(OC)c(C2=CC3CCC2(CO)C3(C)C)c(OC)c1
CC(C)(C)C1=NC2=NC(=C(C=C2C3=NNC(=O)N31)C4=CC=C(C=C4)Cl)C5=CC=CC=C5C#N,-3.3802112417116064,CC(C)(C)c1nc2nc(-c3ccccc3C#N)c(-c3ccc(Cl)cc3)cc2c2n[nH]c(=O)n12
CC1(CC(C2=C(O1)N=C(C(=C2)C3=CC=C(C=C3)Cl)C4=C(C=C(C=C4)Cl)Cl)(C)O)C,-3.4653828514484184,CC1(C)CC(C)(O)c2cc(-c3ccc(Cl)cc3)c(-c3ccc(Cl)cc3Cl)nc2O1
CC(C)(C)C1=NN=C(O1)C2=NN(C(=C2C=C)C3=CC=C(C=C3)Cl)C4=C(C=C(C=C4)Cl)Cl,-3.0211892990699383,C=Cc1c(-c2nnc(C(C)(C)C)o2)nn(-c2ccc(Cl)cc2Cl)c1-c1ccc(Cl)cc1
C1CCC(CC1)CNC(=O)C2=C(C=CN=C2)NC(=O)C3=CC=CC4=CC=CC=C43,-3.9542425094393248,O=C(NCC1CCCCC1)c1cnccc1NC(=O)c1cccc2ccccc12
CCCCOC1=C(C=CC2=C1NC(=O)C(=C2)C(=O)NCCC3=CC=C(C=C3)N)OC,-2.4366277134588232,CCCCOc1c(OC)ccc2cc(C(=O)NCCc3ccc(N)cc3)c(=O)[nH]c12
CC1=C(N(N=C1C(=O)NN2CCCCC2)C3=C(C=C(C=C3)Cl)Cl)C4=CC=C(S4)C#CCOC,-3.4373382629197944,COCC#Cc1ccc(-c2c(C)c(C(=O)NN3CCCCC3)nn2-c2ccc(Cl)cc2Cl)s1
C1=CC=C(C=C1)N2C(=C(C(=N2)C(=O)NCC3=CC(=C(C=C3)Cl)Cl)C#N)N4C=CC=C4,-3.6989700043360174,N#Cc1c(C(=O)NCc2ccc(Cl)c(Cl)c2)nn(-c2ccccc2)c1-n1cccc1
CC(C)(C1=CC=CC(=C1)C2=NC(=NC(=N2)OC)NCCC3=CC=C(C=C3)F)O,-0.9542425094393248,COc1nc(NCCc2ccc(F)cc2)nc(-c2cccc(C(C)(C)O)c2)n1
C1CCCC2=C(CC1)C=C(C(=O)N2CC3CCCCC3)C(=O)NC(C4=CC=CC=C4)C(=O)O,-0.7558748556724915,O=C(NC(C(=O)O)c1ccccc1)c1cc2c(n(CC3CCCCC3)c1=O)CCCCCC2
COC1=NC(=NC(=N1)NCCC2=CC=C(C=C2)F)C3=CC4=C(C=C3)NC=C4,-1.5314789170422551,COc1nc(NCCc2ccc(F)cc2)nc(-c2ccc3[nH]ccc3c2)n1
C1CCCC2=C(CC1)C=C(C(=O)N2CC3CCCCC3)C(=O)NC4=NC=C(S4)C(=O)O,-2.903089986991944,O=C(O)c1cnc(NC(=O)c2cc3c(n(CC4CCCCC4)c2=O)CCCCCC3)s1
CC(C(CC1=CC=C(C=C1)Cl)C2=CC=CC=C2)NC(=O)C(C)(C)OC3=CC(=CC=C3)F,-2.462397997898956,CC(NC(=O)C(C)(C)Oc1cccc(F)c1)C(Cc1ccc(Cl)cc1)c1ccccc1
CC1=C(N(N=C1C(=O)NCC2=CC(=C(C=C2)Cl)Cl)C3=C(C=C(C=C3)F)F)N4C=CC=C4,-2.6989700043360187,Cc1c(C(=O)NCc2ccc(Cl)c(Cl)c2)nn(-c2ccc(F)cc2F)c1-n1cccc1
C1CC1(C2=CC=CC=C2)C3=NN=C(O3)C4=NN(C(=C4CN5C=NC=N5)C6=CC=C(C=C6)Br)C7=C(C=C(C=C7)Cl)Cl,-2.383815365980431,Clc1ccc(-n2nc(-c3nnc(C4(c5ccccc5)CC4)o3)c(Cn3cncn3)c2-c2ccc(Br)cc2)c(Cl)c1
CC(C)CNC1=NC(=C(C=C1C#N)C2=CC=C(C=C2)Cl)C3=C(C=C(C=C3)Cl)Cl,-3.255272505103306,CC(C)CNc1nc(-c2ccc(Cl)cc2Cl)c(-c2ccc(Cl)cc2)cc1C#N
CC1=C(C(=NN1)C)C(=O)NC2CC(OC3=C2C=C(C(=N3)C4=C(C=C(C=C4)Cl)Cl)C5=CC=C(C=C5)Cl)(C)C,-3.361727836017593,Cc1n[nH]c(C)c1C(=O)NC1CC(C)(C)Oc2nc(-c3ccc(Cl)cc3Cl)c(-c3ccc(Cl)cc3)cc21
CC1=CC2=C3C(=C1)C(=O)C(=CN3C(CO2)C4=CC=CC=C4)C(=O)NC5CCCCC5,-2.041392685158225,Cc1cc2c3c(c1)c(=O)c(C(=O)NC1CCCCC1)cn3C(c1ccccc1)CO2
C1CCCC2=C(CC1)C=C(C(=O)N2CC3CCCCC3)C(=O)NC4=CC=C(C=C4)CC(=O)O,-1.9822712330395684,O=C(O)Cc1ccc(NC(=O)c2cc3c(n(CC4CCCCC4)c2=O)CCCCCC3)cc1
CCOC1=CC(=C(C=C1)C2=NNC(=C2C3=CC=C(C=C3)OC)C)O,-3.5786392099680717,CCOc1ccc(-c2n[nH]c(C)c2-c2ccc(OC)cc2)c(O)c1
C1=CC(=CC=C1C2=C(N=C(C(=C2)C#N)NC3=CC=C(C=C3)F)C4=C(C=C(C=C4)Cl)Cl)Cl,-3.4471580313422194,N#Cc1cc(-c2ccc(Cl)cc2)c(-c2ccc(Cl)cc2Cl)nc1Nc1ccc(F)cc1
CC1(CC(CC(C1)(C)C)N2C(=O)C(=C(C=N2)N(C)CCN(C)C)Cl)C,-1.3010299956639813,CN(C)CCN(C)c1cnn(C2CC(C)(C)CC(C)(C)C2)c(=O)c1Cl
CC(C)(C(=O)NC1CC2(CCCCC2)OC3=C1C=C(C(=N3)C4=CC=CC=C4Cl)C5=CC=C(C=C5)Cl)O,-3.505149978319906,CC(C)(O)C(=O)NC1CC2(CCCCC2)Oc2nc(-c3ccccc3Cl)c(-c3ccc(Cl)cc3)cc21
C1COCC2=C1C(=C(S2)NC(=O)C34CC5CC(C3)CC4C5)C(=O)N6CC(C6)(F)F,-0.4638929889859073,O=C(c1c(NC(=O)C23CC4CC(CC2C4)C3)sc2c1CCOC2)N1CC(F)(F)C1
C1=CC=C(C(=C1)C2=C(C=C(C(=N2)C3=CN=CN=C3)C#N)C4=CC=C(C=C4)Cl)Cl,-3.633468455579586,N#Cc1cc(-c2ccc(Cl)cc2)c(-c2ccccc2Cl)nc1-c1cncnc1
CCC1=C(N(N=C1C2=NC(=S)C(N2C)(C)C)C3=C(C=C(C=C3)Cl)Cl)C4=CC=C(C=C4)Cl,-3.67632773388132,CCc1c(C2=NC(=S)C(C)(C)N2C)nn(-c2ccc(Cl)cc2Cl)c1-c1ccc(Cl)cc1
CC1=C(N(N=C1C(=O)NN2CCCCC2)C3=C(C=C(C=C3)Cl)Cl)C4=CC=C(S4)C#CCOC(C)C,-3.2457840170775247,Cc1c(C(=O)NN2CCCCC2)nn(-c2ccc(Cl)cc2Cl)c1-c1ccc(C#CCOC(C)C)s1
C1CCC2C(C1)C(CCN2C(=O)C3=C(C=NC=C3)F)(C4=CC=CC=C4)O,-0.7993405494535817,O=C(c1ccncc1F)N1CCC(O)(c2ccccc2)C2CCCCC21
CC(C(CC1=CC=C(C=C1)Cl)C2=CC=CC(=C2)C#N)NC(=O)C(C)(C)NC3=CC=CC=N3,-3.2624510897304293,CC(NC(=O)C(C)(C)Nc1ccccn1)C(Cc1ccc(Cl)cc1)c1cccc(C#N)c1
CC(C(CC1=CC=C(C=C1)Cl)C2=CC=C(C=C2)Cl)NC(=O)C(C)(C)OC3=CC=C(C=C3)Cl,-2.7781512503836434,CC(NC(=O)C(C)(C)Oc1ccc(Cl)cc1)C(Cc1ccc(Cl)cc1)c1ccc(Cl)cc1
CC1COC2=CC=CC3=C2N1C=C(C3=O)C(=O)NC4CCCCC4,-1.9542425094393248,CC1COc2cccc3c(=O)c(C(=O)NC4CCCCC4)cn1c23
CC1=CC=C(N1C2=C(C(=NN2C3=CC(=C(C=C3)Cl)Cl)C(=O)NCC4=CC(=C(C=C4)Cl)Cl)C)C,-3.2405492482825995,Cc1c(C(=O)NCc2ccc(Cl)c(Cl)c2)nn(-c2ccc(Cl)c(Cl)c2)c1-n1c(C)ccc1C
CC1(C(=O)N=C(N1C)C2=NN(C(=C2C3CC3)C4=CC=C(C=C4)Cl)C5=C(C=C(C=C5)Cl)Cl)C,-2.9148718175400505,CN1C(c2nn(-c3ccc(Cl)cc3Cl)c(-c3ccc(Cl)cc3)c2C2CC2)=NC(=O)C1(C)C
CC12CC3CC(C1)(CC(C3)(C2)NC(=O)C4=CN5C(COC6=CC=CC(=C65)C4=O)C7=CC=CC=C7)C,-1.2624510897304295,CC12CC3CC(C)(C1)CC(NC(=O)c1cn4c5c(cccc5c1=O)OCC4c1ccccc1)(C3)C2
C1CC(C1)C(=O)NCCOC2=NC(=C(C=C2C#N)C3=CC=C(C=C3)Cl)C4=C(C=C(C=C4)Cl)Cl,-2.6532125137753435,N#Cc1cc(-c2ccc(Cl)cc2)c(-c2ccc(Cl)cc2Cl)nc1OCCNC(=O)C1CCC1
CN1CCCCC1C(=O)N2CCC(C3C2CCCC3)(C4=CC=CC=C4)O,-1.7481880270062005,CN1CCCCC1C(=O)N1CCC(O)(c2ccccc2)C2CCCCC21
CC1C(N2C=C(C(=O)C3=C2C(=CC=C3)O1)C(=O)NC4CCCCC4)C5=CC=CC=C5,-3.4391747398434687,CC1Oc2cccc3c(=O)c(C(=O)NC4CCCCC4)cn(c23)C1c1ccccc1
CC(C(CC1=CC=C(C=C1)Cl)C2=CC=CC(=C2)C#N)NC(=O)C(C)(C)OC3=NC=C(C=C3)C(F)(F)F,-2.462397997898956,CC(NC(=O)C(C)(C)Oc1ccc(C(F)(F)F)cn1)C(Cc1ccc(Cl)cc1)c1cccc(C#N)c1
CC(C(CC1=CC=C(C=C1)Cl)C2=CC=CC(=C2)C#N)NC(=O)C(C)(C)NC3=NOC(=C3)C4=CC=CC=C4,-2.369215857410143,CC(NC(=O)C(C)(C)Nc1cc(-c2ccccc2)on1)C(Cc1ccc(Cl)cc1)c1cccc(C#N)c1
C1CC(C1)CNC(=O)C2=C(C=CC=N2)NC(=O)C3=CC=CC4=C3C=CN=C4,-1.57978359661681,O=C(NCC1CCC1)c1ncccc1NC(=O)c1cccc2cnccc12
COC1=CC(=CC(=C1)NC2=CC(=C(C=C2)S(=O)(=O)NC3=CC=CC4=C3C=CN=C4)C(F)(F)F)OC,-3.7781512503836434,COc1cc(Nc2ccc(S(=O)(=O)Nc3cccc4cnccc34)c(C(F)(F)F)c2)cc(OC)c1
CCC1COC2=C(C=CC3=C2N1C=C(C3=O)C(=O)NC45CC6CC(C4)CC(C6)C5)N7CCN(CC7)C,-2.292256071356476,CCC1COc2c(N3CCN(C)CC3)ccc3c(=O)c(C(=O)NC45CC6CC(CC(C6)C4)C5)cn1c23
CCCCOC1=C(C=CC2=C1OC(=O)C(=C2)C(=O)NC(C)CCC)OC,-1.2787536009528289,CCCCOc1c(OC)ccc2cc(C(=O)NC(C)CCC)c(=O)oc12
C1CC(OC1)CNS(=O)(=O)C2=C(C=C(C=C2)NC3=C(C=C(C=C3)F)F)C(F)(F)F,-3.2143138974243994,O=S(=O)(NCC1CCCO1)c1ccc(Nc2ccc(F)cc2F)cc1C(F)(F)F
C1CCC(CC1)NC(=O)C2=CN3C(COC4=CC=CC(=C43)C2=O)C5=CC=CC=C5,-1.1818435879447726,O=C(NC1CCCCC1)c1cn2c3c(cccc3c1=O)OCC2c1ccccc1
C1CC1CNC(=O)C2=C(C=C(C=C2)NC3=C(C=C(C=C3)Cl)Cl)F,-3.3324384599156054,O=C(NCC1CC1)c1ccc(Nc2ccc(Cl)cc2Cl)cc1F
C1CCCC2=C(CC1)C=C(C(=O)N2CC3CCCCC3)C(=O)NC4=CC=CC=C4C(=O)O,-2.2227164711475837,O=C(O)c1ccccc1NC(=O)c1cc2c(n(CC3CCCCC3)c1=O)CCCCCC2
CC(=O)C1=C(C2=CC(=C(N=C2N(C1=O)C)C3=C(C=C(C=C3)Cl)Cl)C4=CC=C(C=C4)Cl)NC(=O)C,-3.612783856719736,CC(=O)Nc1c(C(C)=O)c(=O)n(C)c2nc(-c3ccc(Cl)cc3Cl)c(-c3ccc(Cl)cc3)cc12
CC1=C(C=CC(=C1)Br)CNC(=O)C2=NN(C(=C2CN3C=NC=N3)C4=CC=C(C=C4)Br)C5=CC=CC=C5Cl,-3.2528530309798933,Cc1cc(Br)ccc1CNC(=O)c1nn(-c2ccccc2Cl)c(-c2ccc(Br)cc2)c1Cn1cncn1
CCCCCC1=C(C2=CC=CC=C2S1)C(=O)C3=CC=CC4=CC=CC=C43,-3.113943352306837,CCCCCc1sc2ccccc2c1C(=O)c1cccc2ccccc12
CC1=C(N(N=C1C(=O)NN2CC3CCCC3C2)C4=C(C=C(C=C4)Cl)Cl)C5=CC=C(S5)C#CC(C)(C)C,-3.0637460616134438,Cc1c(C(=O)NN2CC3CCCC3C2)nn(-c2ccc(Cl)cc2Cl)c1-c1ccc(C#CC(C)(C)C)s1
C1CC1NC(=O)C=CC=CC2=CC3=CC=CC=C3C=C2,-3.4800069429571505,O=C(C=CC=Cc1ccc2ccccc2c1)NC1CC1
CC(C)(C1=C(C=CC(=C1)C2=NC(=NC(=N2)OC)NCCC3=CC=C(C=C3)F)Cl)O,0.3979400086720376,COc1nc(NCCc2ccc(F)cc2)nc(-c2ccc(Cl)c(C(C)(C)O)c2)n1
CC(C(CC1=CC=C(C=C1)Cl)C2=CC=CC(=C2)C#N)NC(=O)C3=C(C=CC=C3Cl)Cl,-2.9754318085092635,CC(NC(=O)c1c(Cl)cccc1Cl)C(Cc1ccc(Cl)cc1)c1cccc(C#N)c1
CC1(CC(C2=C(O1)N=C(C(=C2)C3=CC=C(C=C3)Cl)C4=C(C=C(C=C4)Cl)Cl)NC(=O)C5=NNC6=C5CCC6)C,-2.724275869600789,CC1(C)CC(NC(=O)c2n[nH]c3c2CCC3)c2cc(-c3ccc(Cl)cc3)c(-c3ccc(Cl)cc3Cl)nc2O1
CC1(CC(C2=C(O1)N=C(C(=C2)C3=CC=C(C=C3)Cl)C4=C(C=C(C=C4)Cl)Cl)NC(=O)C5=CC=CC=C5N)C,-2.544068044350276,CC1(C)CC(NC(=O)c2ccccc2N)c2cc(-c3ccc(Cl)cc3)c(-c3ccc(Cl)cc3Cl)nc2O1
COC1=NC(=NC(=N1)NCCC2=CC=C(C=C2)F)C3=C4C=CC=NC4=CC=C3,-1.6720978579357175,COc1nc(NCCc2ccc(F)cc2)nc(-c2cccc3ncccc23)n1
CC(C)(C1=C(C=CC(=C1)C2=NC(=NC(=N2)OC)NCCC3=CC=C(C=C3)OC(F)(F)F)OC)O,-0.9542425094393248,COc1nc(NCCc2ccc(OC(F)(F)F)cc2)nc(-c2ccc(OC)c(C(C)(C)O)c2)n1
CC(C(CC1=CC=C(C=C1)Cl)C2=CC=CC(=C2)C#N)NS(=O)(=O)CCC3=CC=CC=C3,-2.9561684304753637,CC(NS(=O)(=O)CCc1ccccc1)C(Cc1ccc(Cl)cc1)c1cccc(C#N)c1
CCCN1C2=C(C=N1)C(=O)N(N=C2)C3CC(CC(C3)(C)C)(C)C,-1.230448921378274,CCCn1ncc2c(=O)n(C3CC(C)(C)CC(C)(C)C3)ncc21
CCCCN1C2=C(CCCCCC2)C=C(C1=O)C(=O)NC3(CCCCC3)C(=O)O,-0.8450980400142568,CCCCn1c2c(cc(C(=O)NC3(C(=O)O)CCCCC3)c1=O)CCCCCC2
C1CCC(C1)C2=NC3=CC=CC=C3N2C(=O)C4=CC=CC5=CC=CC=C54,-3.462397997898956,O=C(c1cccc2ccccc12)n1c(C2CCCC2)nc2ccccc21
C1CCN(CC1)C(=O)CN2N=C(C(=N2)C3=C(C=C(C=C3)Cl)Cl)C4=C(C=C(C=C4)Cl)Cl,-0.7708520116421442,O=C(Cn1nc(-c2ccc(Cl)cc2Cl)c(-c2ccc(Cl)cc2Cl)n1)N1CCCCC1
CCCCCOC1=C(C=CC2=C1NC(=O)C(=C2)C(=O)NCC3=CC4=C(C=C3)OCO4)OC,-1.4000196350651586,CCCCCOc1c(OC)ccc2cc(C(=O)NCc3ccc4c(c3)OCO4)c(=O)[nH]c12
CC(C(CC1=CC=C(C=C1)Cl)C2=CC=CC=C2)NC(=O)C(C)(C)OC3=CC=NC=C3,-3.0791812460476247,CC(NC(=O)C(C)(C)Oc1ccncc1)C(Cc1ccc(Cl)cc1)c1ccccc1
CC=CC=CC=CCCC=CC(=O)NCC(C)(C)O,-1.7708520116421442,CC=CC=CC=CCCC=CC(=O)NCC(C)(C)O
COC1=NC(=NC(=N1)NCCC2=CC=C(C=C2)F)C3=CC4=C(C=C3)OCO4,-0.9542425094393248,COc1nc(NCCc2ccc(F)cc2)nc(-c2ccc3c(c2)OCO3)n1
CCC1=C(N(N=C1C2=NC3(CCCCC3)C(=O)N2)C4=C(C=C(C=C4)Cl)Cl)C5=CC=C(C=C5)Cl,-2.6960941599952237,CCc1c(C2=NC3(CCCCC3)C(=O)N2)nn(-c2ccc(Cl)cc2Cl)c1-c1ccc(Cl)cc1
C1CN(CCN1C2=C(C(=CC=C2)Cl)Cl)C(=O)C3=NN(C(=C3CN4C=NC=N4)C5=CC=C(C=C5)Br)C6=CC=CC=C6Cl,-2.7649229846498886,O=C(c1nn(-c2ccccc2Cl)c(-c2ccc(Br)cc2)c1Cn1cncn1)N1CCN(c2cccc(Cl)c2Cl)CC1
C1C(C(=NN1C(=NCC(=O)N)NS(=O)(=O)C2=CC=C(C=C2)O)C3=CC=C(C=C3)Cl)C4=CC=CC=C4,-3.6989700043360183,NC(=O)CN=C(NS(=O)(=O)c1ccc(O)cc1)N1CC(c2ccccc2)C(c2ccc(Cl)cc2)=N1
CC(C(CC1=CC=C(C=C1)Cl)C2=CC=CC(=C2)C#N)NS(=O)(=O)C3=CC=CC(=C3)C4=CC=CC=C4,-2.595936906269173,CC(NS(=O)(=O)c1cccc(-c2ccccc2)c1)C(Cc1ccc(Cl)cc1)c1cccc(C#N)c1
C1CC1CNS(=O)(=O)C2=C(C=C(C=C2)NC3=CC(=C(C=C3)C#N)C(F)(F)F)C(F)(F)F,-2.6344772701607315,N#Cc1ccc(Nc2ccc(S(=O)(=O)NCC3CC3)c(C(F)(F)F)c2)cc1C(F)(F)F
CCC1=CC(=NN1)C(=O)NC2CC(OC3=C2C=C(C(=N3)C4=C(C=C(C=C4)Cl)Cl)C5=CC=C(C=C5)Cl)(C)C,-2.6989700043360187,CCc1cc(C(=O)NC2CC(C)(C)Oc3nc(-c4ccc(Cl)cc4Cl)c(-c4ccc(Cl)cc4)cc32)n[nH]1
CCCCOC1=C(C=CC2=C1OC(=O)C(=C2)C(=O)NC(C)C(C)C)OC,-1.4471580313422192,CCCCOc1c(OC)ccc2cc(C(=O)NC(C)C(C)C)c(=O)oc12
COC1=CC=C(C=C1)OC2=NC(=C(C=C2C#N)C3=CC=C(C=C3)Cl)C4=C(C=C(C=C4)Cl)Cl,-3.57978359661681,COc1ccc(Oc2nc(-c3ccc(Cl)cc3Cl)c(-c3ccc(Cl)cc3)cc2C#N)cc1
C1CCCC(CCC1)(C(=O)O)NC(=O)C2=CC3=C(CCCCCC3)N(C2=O)CC4CCCCC4,-0.0,O=C(NC1(C(=O)O)CCCCCCC1)c1cc2c(n(CC3CCCCC3)c1=O)CCCCCC2
CCCC=CC1=CC=C(S1)C2=C(C(=NN2C3=C(C=C(C=C3)Cl)Cl)C(=O)NN4CCCCC4)C,-3.5841389160098736,CCCC=Cc1ccc(-c2c(C)c(C(=O)NN3CCCCC3)nn2-c2ccc(Cl)cc2Cl)s1
CCCC#CC1=CC=C(S1)C2=C(C(=NN2C3=C(C=C(C=C3)Cl)Cl)C(=O)NN4CCCCCC4)CC,-2.491221576239283,CCCC#Cc1ccc(-c2c(CC)c(C(=O)NN3CCCCCC3)nn2-c2ccc(Cl)cc2Cl)s1
CCCCCCC(C)(C)C1=CC(=C(C(=C1)OC)C2=CC3CCC2(C3(C)C)C(=O)OC)OC,-2.378397900948137,CCCCCCC(C)(C)c1cc(OC)c(C2=CC3CCC2(C(=O)OC)C3(C)C)c(OC)c1
CC1CCC(CC1)NC(=O)C2=CC3=C(N=CC=C3)N(C2=O)CCN4CCOCC4,-2.322219294733919,CC1CCC(NC(=O)c2cc3cccnc3n(CCN3CCOCC3)c2=O)CC1
CC1=C(C=CC(=C1)Br)CNC(=O)C2=NN(C(=C2CN3C=NC=N3)C4=CC=C(C=C4)Br)C5=C(C=C(C=C5)Cl)Cl,-3.811575005870593,Cc1cc(Br)ccc1CNC(=O)c1nn(-c2ccc(Cl)cc2Cl)c(-c2ccc(Br)cc2)c1Cn1cncn1
C1CC1CNS(=O)(=O)C2=C(C=C(C=C2)NC3=CC=C(C=C3)N4CCOCC4)C(F)(F)F,-3.3324384599156054,O=S(=O)(NCC1CC1)c1ccc(Nc2ccc(N3CCOCC3)cc2)cc1C(F)(F)F
CC(C(CC1=CC=C(C=C1)Cl)C2=CC=CC(=C2)C#N)NS(=O)(=O)C3=CC4=CC=CC=C4C=C3,-3.0382226383687185,CC(NS(=O)(=O)c1ccc2ccccc2c1)C(Cc1ccc(Cl)cc1)c1cccc(C#N)c1
C1CC1(C2=NN=C(O2)C3=NN(C(=C3CN4C=NC=N4)C5=CC=C(C=C5)Cl)C6=C(C=C(C=C6)Cl)Cl)C(F)(F)F,-3.2430380486862944,FC(F)(F)C1(c2nnc(-c3nn(-c4ccc(Cl)cc4Cl)c(-c4ccc(Cl)cc4)c3Cn3cncn3)o2)CC1
C1=CC(=CC=C1C2=C(N=C(C(=C2)C#N)SC3=CC=C(C=C3)F)C4=C(C=C(C=C4)Cl)Cl)Cl,-3.716003343634799,N#Cc1cc(-c2ccc(Cl)cc2)c(-c2ccc(Cl)cc2Cl)nc1Sc1ccc(F)cc1
COC1=CC(=CC(=C1)NC2=CC(=C(C=C2)S(=O)(=O)NCC3CCCO3)F)OC,-2.979092900638326,COc1cc(Nc2ccc(S(=O)(=O)NCC3CCCO3)c(F)c2)cc(OC)c1
CC(C)C1COC2=CC=CC3=C2N1C=C(C3=O)C(=O)NC45CC6CC(C4)CC(C6)C5,-1.740362689494244,CC(C)C1COc2cccc3c(=O)c(C(=O)NC45CC6CC(CC(C6)C4)C5)cn1c23
CC(C)C(=O)C1=C(C2=CC(=C(N=C2O1)C3=CC=CC=C3Cl)C4=CC=C(C=C4)Cl)N,-3.113943352306837,CC(C)C(=O)c1oc2nc(-c3ccccc3Cl)c(-c3ccc(Cl)cc3)cc2c1N
CC1(C(C1(C)C)C(=O)C2=CN(C3=CC=CC=C32)CCN4CCOCC4)C,0.11350927482751813,CC1(C)C(C(=O)c2cn(CCN3CCOCC3)c3ccccc23)C1(C)C
CC1=C(N(N=C1C2=NC(=O)C(N2CC=C)(C)C)C3=C(C=C(C=C3)Cl)Cl)C4=CC=C(C=C4)Cl,-3.4596186239173754,C=CCN1C(c2nn(-c3ccc(Cl)cc3Cl)c(-c3ccc(Cl)cc3)c2C)=NC(=O)C1(C)C
CC1=C(N(N=C1C(=O)NCC2=CC(=C(C=C2)Cl)Cl)C3=CC(=C(C=C3)Cl)Cl)N4C=CC=C4,-2.2787536009528293,Cc1c(C(=O)NCc2ccc(Cl)c(Cl)c2)nn(-c2ccc(Cl)c(Cl)c2)c1-n1cccc1
CC(C)(C)C1=NN=C(O1)C2=NN(C(=C2CC#N)C3=CC=C(C=C3)Cl)C4=C(C=C(C=C4)Cl)Cl,-2.7315887651867388,CC(C)(C)c1nnc(-c2nn(-c3ccc(Cl)cc3Cl)c(-c3ccc(Cl)cc3)c2CC#N)o1
CCC=CCC=CCCC=CC=CC(=O)NCC(C)(C)O,-3.959041392321093,CCC=CCC=CCCC=CC=CC(=O)NCC(C)(C)O
CCCC1COC2=CC=CC3=C2N1C=C(C3=O)C(=O)NC45CC6CC(C4)CC(C6)C5,-1.1846914308175989,CCCC1COc2cccc3c(=O)c(C(=O)NC45CC6CC(CC(C6)C4)C5)cn1c23
CC(=C)C1=C(N(N=C1C2=NN=C(O2)C(C)(C)C)C3=C(C=C(C=C3)Cl)Cl)C4=CC=C(C=C4)Cl,-3.2380461031287955,C=C(C)c1c(-c2nnc(C(C)(C)C)o2)nn(-c2ccc(Cl)cc2Cl)c1-c1ccc(Cl)cc1
CC1(C(=O)N=C(N1C)C2=NN(C(=C2)C3=CC=C(C=C3)Cl)C4=C(C=C(C=C4)Cl)Cl)C,-3.900154026258598,CN1C(c2cc(-c3ccc(Cl)cc3)n(-c3ccc(Cl)cc3Cl)n2)=NC(=O)C1(C)C
COC1=NC(=NC(=N1)NCCC2=CC=C(C=C2)F)C3=CC=CC4=C3C=CN=C4,-1.3010299956639813,COc1nc(NCCc2ccc(F)cc2)nc(-c2cccc3cnccc23)n1
C1CCC2C(C1)C(CCN2C(=O)C3=CSC=N3)(C4=CC=CC=C4)O,-1.6127838567197357,O=C(c1cscn1)N1CCC(O)(c2ccccc2)C2CCCCC21
CC(=O)NC1=C(C(=O)N(C2=NC(=C(C=C12)C3=CC=C(C=C3)Cl)C4=C(C=C(C=C4)Cl)Cl)C)OC,-3.0413926851582254,COc1c(NC(C)=O)c2cc(-c3ccc(Cl)cc3)c(-c3ccc(Cl)cc3Cl)nc2n(C)c1=O
CC(C)C1=C(N(N=C1C2=NN=C(O2)C(C)(C)C)C3=C(C=C(C=C3)Cl)Cl)C4=CC=C(C=C4)Cl,-3.4502491083193614,CC(C)c1c(-c2nnc(C(C)(C)C)o2)nn(-c2ccc(Cl)cc2Cl)c1-c1ccc(Cl)cc1
CCCCCN1C=C(C(=O)N2C1=NC(=N2)C)C(=O)NC34CC5CC(C3)CC(C5)C4,-2.9370161074648142,CCCCCn1cc(C(=O)NC23CC4CC(CC(C4)C2)C3)c(=O)n2nc(C)nc12
COC1=CC=CC(=C1)C2=NC(=NC(=N2)OC)NCCC3=CC=C(C=C3)F,-1.4623979978989559,COc1cccc(-c2nc(NCCc3ccc(F)cc3)nc(OC)n2)c1
CC1=CC=C(N1C2=C(C(=NN2C3=C(C=C(C=C3Cl)Cl)Cl)C(=O)NC4CCCCC4)C)C,-2.6989700043360187,Cc1c(C(=O)NC2CCCCC2)nn(-c2c(Cl)cc(Cl)cc2Cl)c1-n1c(C)ccc1C
CC1=CC=C(N1C2=C(C(=NN2C3=C(C=C(C=C3)F)F)C(=O)NN4CCCCC4)C)C,-3.6989700043360174,Cc1c(C(=O)NN2CCCCC2)nn(-c2ccc(F)cc2F)c1-n1c(C)ccc1C
CCCCCOC1=C(C=CC2=C1NC(=O)C(=C2)C(=O)NCCC3=CNC4=CC=CC=C43)OC,-1.3989810666581313,CCCCCOc1c(OC)ccc2cc(C(=O)NCCc3c[nH]c4ccccc34)c(=O)[nH]c12
CCCCN1C2=C(CCCCCC2)C=C(C1=O)C(=O)NC(C)(C)C3=CC=CC=C3,0.6989700043360187,CCCCn1c2c(cc(C(=O)NC(C)(C)c3ccccc3)c1=O)CCCCCC2
COC1=CC(=CC(=C1)NC2=CC(=C(C(=C2)Cl)S(=O)(=O)NCC3CCCO3)Cl)OC,-2.3443922736851106,COc1cc(Nc2cc(Cl)c(S(=O)(=O)NCC3CCCO3)c(Cl)c2)cc(OC)c1
C1CCC(CC1)NC(=O)C2=NN(C(=C2)N3C=CC=C3)C4=CC=C(C=C4)Cl,-3.346352974450639,O=C(NC1CCCCC1)c1cc(-n2cccc2)n(-c2ccc(Cl)cc2)n1
CCCC(C)(C)C1=CC2=C(C=C1)C3CC(=CCC3C(O2)(C)C)C,-2.7403626894942437,CCCC(C)(C)c1ccc2c(c1)OC(C)(C)C1CC=C(C)CC21
CN(C)C1=CC=C(C=C1)NC2=CC(=C(C=C2)S(=O)(=O)NCC3CC3)C(F)(F)F,-3.424064525417488,CN(C)c1ccc(Nc2ccc(S(=O)(=O)NCC3CC3)c(C(F)(F)F)c2)cc1
CC1=CC=C(C=C1)CN2C(=NN(C2=O)C(=O)NC3CCCCC3)C4=CC=C(C=C4)C,-3.7015679850559273,Cc1ccc(Cn2c(-c3ccc(C)cc3)nn(C(=O)NC3CCCCC3)c2=O)cc1
CC(C)(C1=C(C=CC=C1OC)C2=NC(=NC(=N2)OC)NCCC3=CC=C(C=C3)OC(F)F)O,-0.6020599913279624,COc1nc(NCCc2ccc(OC(F)F)cc2)nc(-c2cccc(OC)c2C(C)(C)O)n1
CC1(CC(CC(C1)(C)C)N2C(=O)C=C(C=N2)O)C,-3.2598326990634834,CC1(C)CC(n2ncc(O)cc2=O)CC(C)(C)C1
CCCOC1=C(C=CC2=C1OC(=O)C(=C2)C(=O)NC3CCCCC3)OC,-2.90687353472207,CCCOc1c(OC)ccc2cc(C(=O)NC3CCCCC3)c(=O)oc12
CCN1C(=CC=N1)NC2=CC(=C(C=C2)S(=O)(=O)NCC3CC3)C(F)(F)F,-3.438858659420562,CCn1nccc1Nc1ccc(S(=O)(=O)NCC2CC2)c(C(F)(F)F)c1
CC(=O)C1=C(C2=CC(=C(N=C2N(C1=O)C)C3=C(C=C(C=C3)Cl)Cl)C4=CC=C(C=C4)Cl)NC(=O)CO,-3.5563025007672877,CC(=O)c1c(NC(=O)CO)c2cc(-c3ccc(Cl)cc3)c(-c3ccc(Cl)cc3Cl)nc2n(C)c1=O
CC(C)(C)C1=NN=C(O1)C2=NN(C(=C2CN3C=NC=N3)C4=CC=C(C=C4)Cl)C5=C(C=C(C=C5)Cl)Cl,-2.9052560487484507,CC(C)(C)c1nnc(-c2nn(-c3ccc(Cl)cc3Cl)c(-c3ccc(Cl)cc3)c2Cn2cncn2)o1
CC(C)(C1=C(C=CC(=C1)C2=NC(=NC(=N2)OC)NCCC3=CC=C(C=C3)OCF)OC)O,-0.9542425094393248,COc1nc(NCCc2ccc(OCF)cc2)nc(-c2ccc(OC)c(C(C)(C)O)c2)n1
CN1CCOCC1C(=O)N2CCC(C3C2CCCC3)(C4=CC=CC=C4)O,-1.4771212547196624,CN1CCOCC1C(=O)N1CCC(O)(c2ccccc2)C2CCCCC21
COC1=CC=C(C=C1)CN2C3=CC=CC=C3N=C2C4=CC=C(C=C4)OC,-3.431363764158988,COc1ccc(Cn2c(-c3ccc(OC)cc3)nc3ccccc32)cc1
CC1CCC(CC1)NC(=O)C2=CC3=CC(=CN=C3N(C2=O)CCN4CCOCC4)Br,-1.66133934000604,CC1CCC(NC(=O)c2cc3cc(Br)cnc3n(CCN3CCOCC3)c2=O)CC1
CCC1=C(N(N=C1C2=NC(=O)C(N2C)(C)C)C3=C(C=C(C=C3)Cl)Cl)C4=CC=C(C=C4)Br,-2.885587356189656,CCc1c(C2=NC(=O)C(C)(C)N2C)nn(-c2ccc(Cl)cc2Cl)c1-c1ccc(Br)cc1
CC(C)(C1=C(C=CC(=C1)C2=NC(=NC(=N2)OC)NCCC3=CC=C(C=C3)F)F)O,-0.9030899869919436,COc1nc(NCCc2ccc(F)cc2)nc(-c2ccc(F)c(C(C)(C)O)c2)n1
COC1=NC(=NC(=N1)NCCC2=CC=C(C=C2)OC(F)F)C3=CC4=C(N3)C=CC(=C4)F,-1.6532125137753435,COc1nc(NCCc2ccc(OC(F)F)cc2)nc(-c2cc3cc(F)ccc3[nH]2)n1
CC(C)(C)C1=NN=C(O1)C2=NN(C(=C2COC)C3=CC=C(C=C3)Cl)C4=C(C=C(C=C4)Cl)Cl,-2.5740312677277193,COCc1c(-c2nnc(C(C)(C)C)o2)nn(-c2ccc(Cl)cc2Cl)c1-c1ccc(Cl)cc1
CCCCNC1=CC(=C(C=C1)S(=O)(=O)NCC2CC2)C(F)(F)F,-3.3527611917238307,CCCCNc1ccc(S(=O)(=O)NCC2CC2)c(C(F)(F)F)c1
CC(C)(C)OC(=O)CN(CC1CC1)S(=O)(=O)C2=C(C=C(C=C2)NC3CC4CCC3C4)C(F)(F)F,-3.884398825556686,CC(C)(C)OC(=O)CN(CC1CC1)S(=O)(=O)c1ccc(NC2CC3CCC2C3)cc1C(F)(F)F
C1CCC2C(C1)C(CCN2C(=O)C3=CC=CC=C3)(C4=CC=C(C=C4)Cl)O,-2.1903316981702914,O=C(c1ccccc1)N1CCC(O)(c2ccc(Cl)cc2)C2CCCCC21
C1CS(=O)(=O)CCC12CC(=O)C3=C(O2)N=C(C(=C3)C4=CC=C(C=C4)Cl)C5=CC=CC=C5Cl,-3.612783856719736,O=C1CC2(CCS(=O)(=O)CC2)Oc2nc(-c3ccccc3Cl)c(-c3ccc(Cl)cc3)cc21
CC1=NN=C(S1)C2=C(N(N=C2C3=NN=C(S3)C(C)(C)C)C4=C(C=C(C=C4)Cl)Cl)C5=CC=C(C=C5)Br,-2.6304278750250236,Cc1nnc(-c2c(-c3nnc(C(C)(C)C)s3)nn(-c3ccc(Cl)cc3Cl)c2-c2ccc(Br)cc2)s1
C1CCCC2=C(CC1)C=C(C(=O)N2CC3CCCCC3)C(=O)NC4=NC=C(S4)CC(=O)O,-0.5440680443502757,O=C(O)Cc1cnc(NC(=O)c2cc3c(n(CC4CCCCC4)c2=O)CCCCCC3)s1
CC1COC2=CC=CC3=C2N1C=C(C3=O)C(=O)NC4CCCCC4,-2.8597385661971466,CC1COc2cccc3c(=O)c(C(=O)NC4CCCCC4)cn1c23
CC1=C(N(N=C1C(=O)NC2CCCCC2)C3=CC(=C(C=C3)Cl)Cl)N4C=CC=C4,-0.3424226808222063,Cc1c(C(=O)NC2CCCCC2)nn(-c2ccc(Cl)c(Cl)c2)c1-n1cccc1
CC1=C(N(N=C1C(=O)NN2CCCCC2)C3=C(C=C(C=C3)Cl)Cl)C4=CC=C(S4)C#CCN(C)C,-3.103598493977937,Cc1c(C(=O)NN2CCCCC2)nn(-c2ccc(Cl)cc2Cl)c1-c1ccc(C#CCN(C)C)s1
C1=CC(=CC=C1C2=C(N=C(C(=C2)C#N)N3C=CN=C3)C4=C(C=C(C=C4)Cl)Cl)Cl,-2.4913616938342726,N#Cc1cc(-c2ccc(Cl)cc2)c(-c2ccc(Cl)cc2Cl)nc1-n1ccnc1
CC1=C(C(=C(N1CC2=CC=C(C=C2)Cl)C3=CC=CC=C3)N)C(=O)C4=CC=CC=C4,-1.6127838567197357,Cc1c(C(=O)c2ccccc2)c(N)c(-c2ccccc2)n1Cc1ccc(Cl)cc1
CCC1=C(N(N=C1C(=O)NN2CCCCC2)C3=C(C=C(C=C3)Cl)Cl)C4=CC=C(S4)C#CC5=CC=C(C=C5)C(F)(F)F,-2.781755374652469,CCc1c(C(=O)NN2CCCCC2)nn(-c2ccc(Cl)cc2Cl)c1-c1ccc(C#Cc2ccc(C(F)(F)F)cc2)s1
C1CC1CNS(=O)(=O)C2=C(C=C(C=C2)NC3=CC4=C(C=C3)OCCO4)C(F)(F)F,-2.138933940256924,O=S(=O)(NCC1CC1)c1ccc(Nc2ccc3c(c2)OCCO3)cc1C(F)(F)F
CCCCC#CC1=CC=C(S1)C2=C(C(=NN2C3=C(C=C(C=C3)Cl)Cl)C(=O)NC4CCCCC4)C,-2.444513206334043,CCCCC#Cc1ccc(-c2c(C)c(C(=O)NC3CCCCC3)nn2-c2ccc(Cl)cc2Cl)s1
CC1=CC=C(C=C1)CN2C(=NN(C2=O)C(=O)NC3CCCCC3)C4=CC=C(C=C4)Cl,-3.285557309007774,Cc1ccc(Cn2c(-c3ccc(Cl)cc3)nn(C(=O)NC3CCCCC3)c2=O)cc1
CCC1COC2=CC=CC3=C2N1C=C(C3=O)C(=O)NC4CCCCCC4,-2.833784374656479,CCC1COc2cccc3c(=O)c(C(=O)NC4CCCCCC4)cn1c23
CC1=C(N(N=C1C2=NC(C(=O)N2)(C)C)C3=C(C=C(C=C3)Cl)Cl)C4=CC=C(C=C4)Cl,-3.544142488452147,Cc1c(C2=NC(C)(C)C(=O)N2)nn(-c2ccc(Cl)cc2Cl)c1-c1ccc(Cl)cc1
CC1=C(N(N=C1C2=NC(C(=O)N2C)(C)C)C3=C(C=C(C=C3)Cl)Cl)C4=CC=C(C=C4)Cl,-3.5117764445623063,Cc1c(C2=NC(C)(C)C(=O)N2C)nn(-c2ccc(Cl)cc2Cl)c1-c1ccc(Cl)cc1
CC1=C(N(N=C1C(=O)NN2CC3CCCC3C2)C4=C(C=C(C=C4)Cl)Cl)C5=CC=C(S5)C#CC6CCCC6,-2.9550620696750323,Cc1c(C(=O)NN2CC3CCCC3C2)nn(-c2ccc(Cl)cc2Cl)c1-c1ccc(C#CC2CCCC2)s1
CC(C(CC1=CC=C(C=C1)Cl)C2=CC=CC(=C2)C#N)NC(=O)C(C)(C)NC3=CC4=CC=CC=C4C=N3,-2.0681858617461617,CC(NC(=O)C(C)(C)Nc1cc2ccccc2cn1)C(Cc1ccc(Cl)cc1)c1cccc(C#N)c1
COC1=NC(=NC(=N1)NCCC2=CC=C(C=C2)F)C3=C4C=CNC4=CC=C3,-1.4313637641589874,COc1nc(NCCc2ccc(F)cc2)nc(-c2cccc3[nH]ccc23)n1
C1CCCC2=C(CC1)C=C(C(=O)N2CC3CCCCC3)C(=O)NC(C4=CC=CC=C4)C(=O)O,-0.6434526764861874,O=C(NC(C(=O)O)c1ccccc1)c1cc2c(n(CC3CCCCC3)c1=O)CCCCCC2
COC1=C(C=C(C=C1)C2=NC(=NC(=N2)OC)NCCC3=CC=C(C=C3)F)S(=O)(=O)NC4CC4,-1.0791812460476249,COc1nc(NCCc2ccc(F)cc2)nc(-c2ccc(OC)c(S(=O)(=O)NC3CC3)c2)n1
CCCC#CC1=CC=C(S1)C2=C(C(=NN2C3=C(C=C(C=C3)Cl)Cl)C(=O)NN4CCCCC4)CC,-2.963598962597241,CCCC#Cc1ccc(-c2c(CC)c(C(=O)NN3CCCCC3)nn2-c2ccc(Cl)cc2Cl)s1
CCC1=C(NC2=C1C=C(C=C2)Cl)C(=O)OCCC3=CC=C(C=C3)N4CCCCC4,-3.9169800473203824,CCc1c(C(=O)OCCc2ccc(N3CCCCC3)cc2)[nH]c2ccc(Cl)cc12
CC1=C(SC(=NS(=O)(=O)C2=CC=CC=C2)N1CC=C)C(C)(C)C,-1.8750612633917,C=CCn1c(C)c(C(C)(C)C)sc1=NS(=O)(=O)c1ccccc1
C1CCC2C(C1)C(CCN2C(=O)C3=CC=C(C=C3)Cl)(C4=CC=CC=C4)O,0.8538719643217619,O=C(c1ccc(Cl)cc1)N1CCC(O)(c2ccccc2)C2CCCCC21
CC1=C(N(N=C1C2=NC(=O)C(N2C)(C)C)C3=C(C=C(C=C3)Cl)Cl)C4=CC=C(C=C4)Cl,-2.6874397745458944,Cc1c(C2=NC(=O)C(C)(C)N2C)nn(-c2ccc(Cl)cc2Cl)c1-c1ccc(Cl)cc1
CC(C(CC1=CC=C(C=C1)Cl)C2=CC=CC(=C2)C#N)NC(=O)C(C)(C)NC3=NOC(=C3)C(C)(C)C,-2.404833716619938,CC(NC(=O)C(C)(C)Nc1cc(C(C)(C)C)on1)C(Cc1ccc(Cl)cc1)c1cccc(C#N)c1
CC1=C(SC(=NS(=O)(=O)C2=CC=CC3=CC=CC=C32)N1CC4CC4)C(C)(C)C,-1.2041199826559248,Cc1c(C(C)(C)C)sc(=NS(=O)(=O)c2cccc3ccccc23)n1CC1CC1
C1CCC2C(C1)C(CCN2C(=O)C3CCC(=O)N3)(C4=CC=CC=C4)O,-2.285557309007774,O=C1CCC(C(=O)N2CCC(O)(c3ccccc3)C3CCCCC32)N1
C1CCCC(CCC1)NC2=CC(=C(C=C2)S(=O)(=O)NCC3CC3)C(F)(F)F,-1.9590413923210936,O=S(=O)(NCC1CC1)c1ccc(NC2CCCCCCC2)cc1C(F)(F)F
CCCC1COC2=CC=CC3=C2N1C=C(C3=O)C(=O)NC4CCCCC4,-0.1846914308175988,CCCC1COc2cccc3c(=O)c(C(=O)NC4CCCCC4)cn1c23
CC1CCC(CC1)NC2=CC(=C(C=C2)S(=O)(=O)NCC3CC3)C(F)(F)F,-2.617524534886292,CC1CCC(Nc2ccc(S(=O)(=O)NCC3CC3)c(C(F)(F)F)c2)CC1
C1CCC2C(C1)C(CCN2C(=O)C3=NC=CC=N3)(C4=CC=CC=C4)O,-1.4623979978989559,O=C(c1ncccn1)N1CCC(O)(c2ccccc2)C2CCCCC21
CCC(=O)C1=C(C2=CC(=C(N=C2O1)C3=C(C=C(C=C3)Cl)Cl)C4=CC=C(C=C4)Cl)N,-2.5563025007672877,CCC(=O)c1oc2nc(-c3ccc(Cl)cc3Cl)c(-c3ccc(Cl)cc3)cc2c1N
CC1=C(N(N=C1C(=O)NN2CCCCCC2)C3=C(C=C(C=C3)Cl)Cl)C4=CC=C(S4)C#CCC(C)C,-2.837399024342022,Cc1c(C(=O)NN2CCCCCC2)nn(-c2ccc(Cl)cc2Cl)c1-c1ccc(C#CCC(C)C)s1
CC1(CC(C2=C(O1)N=C(C(=C2)C3=CC=C(C=C3)Cl)C4=C(C=C(C=C4)Cl)Cl)NC(=O)C5(CC5)O)C,-3.4771212547196626,CC1(C)CC(NC(=O)C2(O)CC2)c2cc(-c3ccc(Cl)cc3)c(-c3ccc(Cl)cc3Cl)nc2O1
C1CN(CCN1C2=NC(=C(C=C2C#N)C3=CC=C(C=C3)Cl)C4=CC=CC=C4Cl)S(=O)(=O)C5=CC(=CC(=C5)F)F,-3.146128035678238,N#Cc1cc(-c2ccc(Cl)cc2)c(-c2ccccc2Cl)nc1N1CCN(S(=O)(=O)c2cc(F)cc(F)c2)CC1
CCCCCN1C2=C(C=CC(=C2)F)C(=C(C1=O)C(=O)NC34CC5CC(C3)CC(C5)C4)O,-0.5440680443502757,CCCCCn1c(=O)c(C(=O)NC23CC4CC(CC(C4)C2)C3)c(O)c2ccc(F)cc21
C1CCC2C(C1)C(CCN2C(=O)C3=CC=CC=C3)(C4=CC=CC(=C4)C#N)O,-3.019116290447073,N#Cc1cccc(C2(O)CCN(C(=O)c3ccccc3)C3CCCCC32)c1
CC1(CC(C2=C(O1)N=C(C(=C2)C3=CC=C(C=C3)Cl)C4=C(C=C(C=C4)Cl)Cl)NC(=O)C5=CC6=C(C=C5)NN=C6)C,-3.431363764158988,CC1(C)CC(NC(=O)c2ccc3[nH]ncc3c2)c2cc(-c3ccc(Cl)cc3)c(-c3ccc(Cl)cc3Cl)nc2O1
COC1=CC=C(C=C1)C2=NC3=CC=CC=C3N2C(=O)C4=CC=C(C=C4)OC,-3.770852011642144,COc1ccc(C(=O)n2c(-c3ccc(OC)cc3)nc3ccccc32)cc1
COC1=NC(=NC(=N1)NCCC2=CC=C(C=C2)F)C3=CC4=C(N3)C=CC(=C4)C#N,-1.4313637641589874,COc1nc(NCCc2ccc(F)cc2)nc(-c2cc3cc(C#N)ccc3[nH]2)n1
CC1=C(N(N=C1C(=O)NN2CCCCC2)C3=C(C=C(C=C3)Cl)Cl)C4=CC=C(S4)C#CCNC(C)C,-3.8560700028031816,Cc1c(C(=O)NN2CCCCC2)nn(-c2ccc(Cl)cc2Cl)c1-c1ccc(C#CCNC(C)C)s1
CC(=O)OC1C(C(OC(C1OC(=O)C)SC2C=CC3C4CC5=C6C3(C2OC6=C(C=C5)OC)CCN4C)C(=O)OC)OC(=O)C,-0.5440680443502757,COC(=O)C1OC(SC2C=CC3C4Cc5ccc(OC)c6c5C3(CCN4C)C2O6)C(OC(C)=O)C(OC(C)=O)C1OC(C)=O
CCC#CC1=CC=C(S1)C2=C(C(=NN2C3=C(C=C(C=C3)Cl)Cl)C(=O)NN4CCCCC4)C,-3.636317354646859,CCC#Cc1ccc(-c2c(C)c(C(=O)NN3CCCCC3)nn2-c2ccc(Cl)cc2Cl)s1
CCCNC(=O)C1=C(SC2=C1CCOC2)NC(=O)C34CC5CC(C3)CC(C5)C4,-1.4303975913869666,CCCNC(=O)c1c(NC(=O)C23CC4CC(CC(C4)C2)C3)sc2c1CCOC2
CCCCCOC1=C2C(=CC(=C1)Br)C=C(C(=O)O2)C(=O)NC3CCCCC3,-3.3404441148401185,CCCCCOc1cc(Br)cc2cc(C(=O)NC3CCCCC3)c(=O)oc12
CC1=C(C(=NN1)C2=C(C=C(C=C2)O)O)C3=CC=C(C=C3)Br,-3.9637878273455556,Cc1[nH]nc(-c2ccc(O)cc2O)c1-c1ccc(Br)cc1
CC(C)(C)C1=NC2=NC(=C(C=C2C(=N1)C3=CC=C(C=C3)F)C4=CC=C(C=C4)Cl)C5=CC=CC=C5Cl,-3.992686039162128,CC(C)(C)c1nc(-c2ccc(F)cc2)c2cc(-c3ccc(Cl)cc3)c(-c3ccccc3Cl)nc2n1
COC1=NC(=NC(=N1)NCCC2=CC=C(C=C2)F)C3=CC(=C(C=C3)Cl)OCCCNS(=O)(=O)C,-1.2552725051033058,COc1nc(NCCc2ccc(F)cc2)nc(-c2ccc(Cl)c(OCCCNS(C)(=O)=O)c2)n1
CC1=CC(=NC=C1)NC(C)(C)C(=O)NC(C)C(CC2=CC=C(C=C2)Cl)C3=CC=CC(=C3)C#N,-2.737987326333431,Cc1ccnc(NC(C)(C)C(=O)NC(C)C(Cc2ccc(Cl)cc2)c2cccc(C#N)c2)c1
CCC#CC1=CC=C(S1)C2=C(C(=NN2C3=C(C=C(C=C3)Cl)Cl)C(=O)NN4CCCCCC4)C,-3.024403562682965,CCC#Cc1ccc(-c2c(C)c(C(=O)NN3CCCCCC3)nn2-c2ccc(Cl)cc2Cl)s1
CCNC(=O)NCCCCCSC1=CC2=CC=CC=C2C=C1,-3.3242824552976926,CCNC(=O)NCCCCCSc1ccc2ccccc2c1
CC1=C(NN=C1C(=O)NC2CC(OC3=C2C=C(C(=N3)C4=C(C=C(C=C4)Cl)Cl)C5=CC=C(C=C5)Cl)(C)C)C,-3.146128035678238,Cc1[nH]nc(C(=O)NC2CC(C)(C)Oc3nc(-c4ccc(Cl)cc4Cl)c(-c4ccc(Cl)cc4)cc32)c1C
C1=CC(=CC=C1C2=C(N=C(C(=C2)C#N)NC(=O)C3=CC(=C(C=C3)F)F)C4=C(C=C(C=C4)Cl)Cl)Cl,-2.4983105537896004,N#Cc1cc(-c2ccc(Cl)cc2)c(-c2ccc(Cl)cc2Cl)nc1NC(=O)c1ccc(F)c(F)c1
CC1(C2CCC(C1C2)CNC3=CC(=C(C=C3)S(=O)(=O)NCC4CC4)C(F)(F)F)C,-2.599883072073688,CC1(C)C2CCC(CNc3ccc(S(=O)(=O)NCC4CC4)c(C(F)(F)F)c3)C1C2
CC(C)(C)C1=NN=C(O1)C2=NN(C(=C2CF)C3=CC=C(C=C3)Cl)C4=C(C=C(C=C4)Cl)Cl,-3.049218022670181,CC(C)(C)c1nnc(-c2nn(-c3ccc(Cl)cc3Cl)c(-c3ccc(Cl)cc3)c2CF)o1
CCCCN1C2=C(CCCCCC2)C=C(C1=O)C(=O)NCCC3=CC=CC=C3,-0.2304489213782739,CCCCn1c2c(cc(C(=O)NCCc3ccccc3)c1=O)CCCCCC2
CCCCCN1C=C(C(=O)N2C1=NC(=N2)C3=CC=C(C=C3)Cl)C(=O)NC45CC6CC(C4)CC(C6)C5,-1.3944516808262164,CCCCCn1cc(C(=O)NC23CC4CC(CC(C4)C2)C3)c(=O)n2nc(-c3ccc(Cl)cc3)nc12
CC1=CC=C(C=C1)CN2C=C(C=C2C3=CC(=C(C=C3)Cl)C)C(=O)NC4C(C5CCC4(C5)C)(C)C,-2.2335037603411343,Cc1ccc(Cn2cc(C(=O)NC3C4(C)CCC(C4)C3(C)C)cc2-c2ccc(Cl)c(C)c2)cc1
COC1=NC(=NC(=N1)NCCC2=CC=C(C=C2)F)C3=C4C(=C(C=C3)F)C=CC=N4,-0.0,COc1nc(NCCc2ccc(F)cc2)nc(-c2ccc(F)c3cccnc23)n1
CC(C1=C(N(N=C1C2=NN=C(O2)C(C)(C)C)C3=C(C=C(C=C3)Cl)Cl)C4=CC=C(C=C4)Cl)O,-3.2764618041732443,CC(O)c1c(-c2nnc(C(C)(C)C)o2)nn(-c2ccc(Cl)cc2Cl)c1-c1ccc(Cl)cc1
CCCCCCCCCC=CC=CC(=O)NCC(C)(C)O,-0.3010299956639812,CCCCCCCCCC=CC=CC(=O)NCC(C)(C)O
CC(C(CC1=CC=C(C=C1)Cl)C2=CC=CC(=C2)C#N)NC(=O)C(C)(C)NC3=NC=CC(=C3)C(F)(F)F,-2.5477747053878224,CC(NC(=O)C(C)(C)Nc1cc(C(F)(F)F)ccn1)C(Cc1ccc(Cl)cc1)c1cccc(C#N)c1
CC(C(CC1=CC=C(C=C1)Cl)C2=CC=CC(=C2)C#N)NS(=O)(=O)C3=C(C=C(C=C3)Cl)Cl,-2.4782778319196046,CC(NS(=O)(=O)c1ccc(Cl)cc1Cl)C(Cc1ccc(Cl)cc1)c1cccc(C#N)c1
CCCC#CC1=CC=C(S1)C2=C(C(=NN2C3=C(C=C(C=C3)Cl)Cl)C(=O)NN4CCCCC4)C,-3.3451776165427036,CCCC#Cc1ccc(-c2c(C)c(C(=O)NN3CCCCC3)nn2-c2ccc(Cl)cc2Cl)s1
CC1=C(C=C(N1CC2=CC=C(C=C2)Cl)C3=CC=CC=C3)C(=O)NC4C5CC6CC(C5)CC4C6,-1.041392685158225,Cc1c(C(=O)NC2C3CC4CC(C3)CC2C4)cc(-c2ccccc2)n1Cc1ccc(Cl)cc1
C1CC1(C2=CC=C(C=C2)Cl)C3=NN=C(O3)C4=NN(C(=C4CN5C=NC=N5)C6=CC=C(C=C6)Cl)C7=C(C=C(C=C7)Cl)Cl,-3.170261715394957,Clc1ccc(-c2c(Cn3cncn3)c(-c3nnc(C4(c5ccc(Cl)cc5)CC4)o3)nn2-c2ccc(Cl)cc2Cl)cc1
CC1=C(C=CC(=C1)Br)CNC(=O)C2=NN(C(=C2CN3C=NC=N3)C4=CC=C(C=C4)Cl)C5=CC=CC=C5Cl,-3.545307116465824,Cc1cc(Br)ccc1CNC(=O)c1nn(-c2ccccc2Cl)c(-c2ccc(Cl)cc2)c1Cn1cncn1
CC=CC=CC=CCCC=CC(=O)NCC(C)(CO)O,-2.2253092817258637,CC=CC=CC=CCCC=CC(=O)NCC(C)(O)CO
CC1=NN=C(S1)C2=C(N(N=C2C3=NN=C(O3)C4(CC4)C(F)(F)F)C5=C(C=C(C=C5)Cl)Cl)C6=CC=C(C=C6)Br,-2.1515230675649444,Cc1nnc(-c2c(-c3nnc(C4(C(F)(F)F)CC4)o3)nn(-c3ccc(Cl)cc3Cl)c2-c2ccc(Br)cc2)s1
CC1=C(N(N=C1C2=NC(=O)C(N2C)(C)C)C3=C(C=C(C=C3)Cl)Cl)C4=CC=C(C=C4)Br,-3.0396123818967236,Cc1c(C2=NC(=O)C(C)(C)N2C)nn(-c2ccc(Cl)cc2Cl)c1-c1ccc(Br)cc1
CCCCOC1=C(C=CC2=C1OC(=O)C(=C2)C(=O)NC(C)C)OC,-2.2095150145426308,CCCCOc1c(OC)ccc2cc(C(=O)NC(C)C)c(=O)oc12
C1CCC2C(C1)C(CCN2C(=O)C3=C4C=CNC4=CC=C3)(C5=CC=CC=C5)O,0.2076083105017461,O=C(c1cccc2[nH]ccc12)N1CCC(O)(c2ccccc2)C2CCCCC21
CCCCCC1=CC(=C(C(=C1)O)CC=C(C)CCC=C(C)C)O,-3.5390760987927767,CCCCCc1cc(O)c(CC=C(C)CCC=C(C)C)c(O)c1
C1CC1CNS(=O)(=O)C2=CC=C(C=C2)NC3=C(C=C(C=C3)F)F,-3.5965970956264597,O=S(=O)(NCC1CC1)c1ccc(Nc2ccc(F)cc2F)cc1
CC(=O)C1=C(C2=CC(=C(N=C2NC1=O)C3=C(C=C(C=C3)Cl)Cl)C4=CC=C(C=C4)Cl)NC(=O)C,-3.146128035678238,CC(=O)Nc1c(C(C)=O)c(=O)[nH]c2nc(-c3ccc(Cl)cc3Cl)c(-c3ccc(Cl)cc3)cc12
CC1(CC(CC(C1)(C)C)N2C(=O)C(=C(C=N2)NCCN(C)C)Br)C,-1.6232492903979006,CN(C)CCNc1cnn(C2CC(C)(C)CC(C)(C)C2)c(=O)c1Br
CS(=O)CC1=CC=C(C2=CC=CC=C12)C(=O)NC3=C(N=CC=C3)C(=O)NCC4CCOCC4,-3.397940008672037,CS(=O)Cc1ccc(C(=O)Nc2cccnc2C(=O)NCC2CCOCC2)c2ccccc12
CC1=C(N(N=C1C(=O)NN2CCCCC2)C3=CC=C(C=C3)Cl)N4C=CC=C4,-3.4424797690644486,Cc1c(C(=O)NN2CCCCC2)nn(-c2ccc(Cl)cc2)c1-n1cccc1
COC1=NC(=NC(=N1)NCCC2=CC=C(C=C2)F)C3=CC4=C(C=C3)OCCO4,-1.146128035678238,COc1nc(NCCc2ccc(F)cc2)nc(-c2ccc3c(c2)OCCO3)n1
CC1=CC2=C3C(=C1)C(=O)C(=CN3C(CO2)C4=CC=CC=C4)C(=O)NC56CC7CC(C5)CC(C7)C6,-2.673941998634088,Cc1cc2c3c(c1)c(=O)c(C(=O)NC14CC5CC(CC(C5)C1)C4)cn3C(c1ccccc1)CO2
C1CC1CNS(=O)(=O)C2=C(C=C(C=C2)NCC3=CC=NC=C3)C(F)(F)F,-3.500648063371912,O=S(=O)(NCC1CC1)c1ccc(NCc2ccncc2)cc1C(F)(F)F
CC1=CC=C(C=C1)C2(CC2)C3=NN=C(O3)C4=NN(C(=C4CN5C=NC=N5)C6=CC=C(C=C6)Cl)C7=C(C=C(C=C7)Cl)Cl,-3.0934216851622347,Cc1ccc(C2(c3nnc(-c4nn(-c5ccc(Cl)cc5Cl)c(-c5ccc(Cl)cc5)c4Cn4cncn4)o3)CC2)cc1
CC(C(CC1=CC=C(C=C1)Cl)C2=CC=CC(=C2)C#N)NS(=O)(=O)C3=CC(=C(C=C3Cl)Cl)Cl,-2.7937903846908188,CC(NS(=O)(=O)c1cc(Cl)c(Cl)cc1Cl)C(Cc1ccc(Cl)cc1)c1cccc(C#N)c1
CC1=CC=C(N1C2=C(C(=NN2C3=C(C=C(C=C3)F)F)C(=O)NC4CCCCC4)C)C,-2.8573324964312685,Cc1c(C(=O)NC2CCCCC2)nn(-c2ccc(F)cc2F)c1-n1c(C)ccc1C
COC1=NC(=NC(=N1)NCCC2=CC=C(C=C2)F)C3=CC=C(C=C3)SC,-1.146128035678238,COc1nc(NCCc2ccc(F)cc2)nc(-c2ccc(SC)cc2)n1
C1CCC2C(C1)C(CCN2C(=O)C3=NC=NC=C3)(C4=CC=CC=C4)O,-2.146128035678238,O=C(c1ccncn1)N1CCC(O)(c2ccccc2)C2CCCCC21
CCCCCOC1=CC=C(C2=CC=CC=C21)C(=O)C3=CC=CC4=CC=CC=C43,-1.9912260756924949,CCCCCOc1ccc(C(=O)c2cccc3ccccc23)c2ccccc12
COC1=NC(=NC(=N1)NCCC2=CC=C(C=C2)F)C3=CC(=CC=C3)S(=O)(=O)NC4CC4,-0.43136376415898736,COc1nc(NCCc2ccc(F)cc2)nc(-c2cccc(S(=O)(=O)NC3CC3)c2)n1
CCCCCC1=CC(=C(C(=C1)OC)C2=CC3CCC2(C3(C)C)C(=O)OC)OC,-2.4955443375464483,CCCCCc1cc(OC)c(C2=CC3CCC2(C(=O)OC)C3(C)C)c(OC)c1
C1CCC2C(C1)C(CCN2C(=O)C3=CSC(=N3)C4=CC=NC=C4)(C5=CC=CC=C5)O,-2.5888317255942077,O=C(c1csc(-c2ccncc2)n1)N1CCC(O)(c2ccccc2)C2CCCCC21
CC(C)(C1=C(C=C(C=C1)C2=NC(=NC(=N2)OC)NCCC3=CC=C(C=C3)F)OC)O,-1.230448921378274,COc1nc(NCCc2ccc(F)cc2)nc(-c2ccc(C(C)(C)O)c(OC)c2)n1
C1CC(C1)CNC(=O)C2=C(C=CC=N2)NC(=O)C3=CC=C(C4=CC=CC=C43)CN5C=CN=C5,-2.5185139398778875,O=C(NCC1CCC1)c1ncccc1NC(=O)c1ccc(Cn2ccnc2)c2ccccc12
COC1=NC(=NC(=N1)NCCC2=CC=C(C=C2)F)C3=CC4=CC=CC=C4O3,-0.6989700043360189,COc1nc(NCCc2ccc(F)cc2)nc(-c2cc3ccccc3o2)n1
C1CCC(CC1)CNC(=O)C2=NC=CN=C2NC(=O)C3=CC=CC4=CC=CC=C43,-3.146128035678238,O=C(NCC1CCCCC1)c1nccnc1NC(=O)c1cccc2ccccc12
C1CCCC2=C(CC1)C=C(C(=O)N2CC3CCCCC3)C(=O)NC4=CC=CC(=C4)CC(=O)O,-2.255272505103306,O=C(O)Cc1cccc(NC(=O)c2cc3c(n(CC4CCCCC4)c2=O)CCCCCC3)c1
CC(C1=C(N(N=C1C2=NN=C(O2)C(C)(C)C)C3=C(C=C(C=C3)Cl)Cl)C4=CC=C(C=C4)Cl)F,-2.9656719712201065,CC(F)c1c(-c2nnc(C(C)(C)C)o2)nn(-c2ccc(Cl)cc2Cl)c1-c1ccc(Cl)cc1
CC1=CC(=CC(=C1CNC(=O)C2=NN(C(=C2CN3C=NC=N3)C4=CC=C(C=C4)Cl)C5=CC=CC=C5Cl)Cl)Cl,-3.52244423350632,Cc1cc(Cl)cc(Cl)c1CNC(=O)c1nn(-c2ccccc2Cl)c(-c2ccc(Cl)cc2)c1Cn1cncn1
C1CC1CONS(=O)(=O)C2=C(C=C(C=C2)NC3CC4CCC3C4)C(F)(F)F,-3.0034605321095067,O=S(=O)(NOCC1CC1)c1ccc(NC2CC3CCC2C3)cc1C(F)(F)F
CC(C)(C)C(=O)C1=C(C2=CC(=C(N=C2O1)C3=CC=CC=C3Cl)C4=CC=C(C=C4)Cl)NC(=O)CNC,-3.5185139398778875,CNCC(=O)Nc1c(C(=O)C(C)(C)C)oc2nc(-c3ccccc3Cl)c(-c3ccc(Cl)cc3)cc12
C1CCC2C(C1)C(CCN2C(=O)C3=CC4=C(C=C3)NC=C4)(C5=CC=CC=C5)O,-0.146128035678238,O=C(c1ccc2[nH]ccc2c1)N1CCC(O)(c2ccccc2)C2CCCCC21
CCC1COC2=CC=CC3=C2N1C=C(C3=O)C(=O)N(C(C)C)C(C)C,-2.6263403673750423,CCC1COc2cccc3c(=O)c(C(=O)N(C(C)C)C(C)C)cn1c23
CCC(=O)C1=C(C2=CC(=C(N=C2O1)C3=CC=CC=C3Cl)C4=CC=C(C=C4)Cl)N,-3.0,CCC(=O)c1oc2nc(-c3ccccc3Cl)c(-c3ccc(Cl)cc3)cc2c1N
C1CC1(C2=CC=C(C=C2)Cl)NC(=O)C3=NN(C(=C3CN4C=NC=N4)C5=CC=C(C=C5)Br)C6=CC=CC=C6Cl,-3.4099331233312946,O=C(NC1(c2ccc(Cl)cc2)CC1)c1nn(-c2ccccc2Cl)c(-c2ccc(Br)cc2)c1Cn1cncn1
CCS(=O)(=O)NCCCCCSC1=CC2=CC=CC=C2C=C1,-3.7007037171450192,CCS(=O)(=O)NCCCCCSc1ccc2ccccc2c1
CCCCCOC1=C(C=CC2=C1OC(=O)C(=C2)C(=O)NC3CCCCC3)OC,-1.7853298350107671,CCCCCOc1c(OC)ccc2cc(C(=O)NC3CCCCC3)c(=O)oc12
CC(C)C1=NC2=CC=CC=C2N1C(=O)C3=CC=C(C=C3)OC,-3.505149978319906,COc1ccc(C(=O)n2c(C(C)C)nc3ccccc32)cc1
C1=CC(=CC(=C1)Cl)OC2=NC(=C(C=C2C#N)C3=CC=C(C=C3)Cl)C4=C(C=C(C=C4)Cl)Cl,-3.612783856719736,N#Cc1cc(-c2ccc(Cl)cc2)c(-c2ccc(Cl)cc2Cl)nc1Oc1cccc(Cl)c1
COC1=C(C=C(C=C1)C2=NC(=NC(=N2)OC)NCCC3=CC=C(C=C3)F)OC,-1.041392685158225,COc1nc(NCCc2ccc(F)cc2)nc(-c2ccc(OC)c(OC)c2)n1
CC(C)(C)C1=NN=C(O1)C2=NN(C(=C2CN3C=NN=N3)C4=CC=C(C=C4)Cl)C5=C(C=C(C=C5)Cl)Cl,-2.8668778143374984,CC(C)(C)c1nnc(-c2nn(-c3ccc(Cl)cc3Cl)c(-c3ccc(Cl)cc3)c2Cn2cnnn2)o1
CCCCCOC1=C(C=CC2=C1NC(=O)C(=C2)C(=O)NCCCC3=CC=CC=C3)OC,0.10119257345582394,CCCCCOc1c(OC)ccc2cc(C(=O)NCCCc3ccccc3)c(=O)[nH]c12
CC(C)(C1CC1)NS(=O)(=O)C2=C(C=C(C=C2)NC3CC4CCC3C4)C(F)(F)F,-2.184691430817599,CC(C)(NS(=O)(=O)c1ccc(NC2CC3CCC2C3)cc1C(F)(F)F)C1CC1
CC(C)(C(=O)C1=C(C2=CC(=C(N=C2O1)C3=CC=CC=C3Cl)C4=CC=C(C=C4)Cl)NC(=O)CO)O,-3.7323937598229686,CC(C)(O)C(=O)c1oc2nc(-c3ccccc3Cl)c(-c3ccc(Cl)cc3)cc2c1NC(=O)CO
CC(C(CC1=CC=C(C=C1)Cl)C2=CC=CC(=C2)C#N)NC(C)(C)C(=O)NC3=NC=C(C=C3)C(F)(F)F,-3.2357808703275603,CC(NC(C)(C)C(=O)Nc1ccc(C(F)(F)F)cn1)C(Cc1ccc(Cl)cc1)c1cccc(C#N)c1
C1CCC(CC1)CNC(=O)C2=C(C=CC=N2)NC(=O)C3=CC=CC4=CC=CC=C43,-2.041392685158225,O=C(NCC1CCCCC1)c1ncccc1NC(=O)c1cccc2ccccc12
COC1=NC(=NC(=N1)NCCC2=CC=C(C=C2)F)C3=CC(=CC=C3)C(=O)OC,-1.57978359661681,COC(=O)c1cccc(-c2nc(NCCc3ccc(F)cc3)nc(OC)n2)c1
C1CC(C1)(C2=NN=C(S2)C3=NN(C(=C3CN4C=NC=N4)C5=CC=C(C=C5)Br)C6=CC=CC=C6Cl)C(F)(F)F,-1.8668778143374989,FC(F)(F)C1(c2nnc(-c3nn(-c4ccccc4Cl)c(-c4ccc(Br)cc4)c3Cn3cncn3)s2)CCC1
CC1=C(C(=C(N1CC2=CC=C(C=C2)Cl)C3=CC=CC=C3)Br)C(=O)NC4C5CC6CC(C5)CC4C6,-2.089905111439398,Cc1c(C(=O)NC2C3CC4CC(C3)CC2C4)c(Br)c(-c2ccccc2)n1Cc1ccc(Cl)cc1
CC1=CC(=C(N1C2=CC=CC=C2)C)C(=O)NC34CC5CC(C3)CC(C5)C4,-2.0366288953621607,Cc1cc(C(=O)NC23CC4CC(CC(C4)C2)C3)c(C)n1-c1ccccc1
CCCNC(=O)C1=C(SC2=C1CCCC2)NC(=O)C34CC5CC(C3)CC4C5,-1.6672287430337076,CCCNC(=O)c1c(NC(=O)C23CC4CC(CC2C4)C3)sc2c1CCCC2
C1COCCC1CNS(=O)(=O)C2=C(C=C(C=C2)NC3=C(C=C(C=C3)C#N)Cl)C(F)(F)F,-2.55509444857832,N#Cc1ccc(Nc2ccc(S(=O)(=O)NCC3CCOCC3)c(C(F)(F)F)c2)c(Cl)c1
CCCCN1C2=C(CCCCCC2)C=C(C1=O)C(=O)NC(C)C,-0.3979400086720376,CCCCn1c2c(cc(C(=O)NC(C)C)c1=O)CCCCCC2
CCC1COC2=CC=CC3=C2N1C=C(C3=O)C(=O)NC4=NC=CS4,-3.0519239160461065,CCC1COc2cccc3c(=O)c(C(=O)Nc4nccs4)cn1c23
C1CC(OC1)CNS(=O)(=O)C2=C(C=C(C=C2)N3CCC4=CC=CC=C43)C(F)(F)F,-3.4437322414015967,O=S(=O)(NCC1CCCO1)c1ccc(N2CCc3ccccc32)cc1C(F)(F)F
CC(=O)NC1CC2(CCCCC2)OC3=C1C=C(C(=N3)C4=CC=CC=C4Cl)C5=CC=C(C=C5)Cl,-3.591064607026498,CC(=O)NC1CC2(CCCCC2)Oc2nc(-c3ccccc3Cl)c(-c3ccc(Cl)cc3)cc21
CN(C)NC(=O)C1=C(N=C(C(=C1)C2=CC=C(C=C2)Cl)C3=C(C=C(C=C3)Cl)Cl)OC4=CC(=C(C=C4)F)F,-3.255272505103306,CN(C)NC(=O)c1cc(-c2ccc(Cl)cc2)c(-c2ccc(Cl)cc2Cl)nc1Oc1ccc(F)c(F)c1
CS(=O)CC1=CC=C(C2=CC=CC=C12)C(=O)NC3=NC=CN=C3C(=O)NCC4CCC4,-2.4771212547196626,CS(=O)Cc1ccc(C(=O)Nc2nccnc2C(=O)NCC2CCC2)c2ccccc12
C1=CC(=CC=C1C2=C(N=C(C(=C2)C#N)OC3=CC=C(C=C3)F)C4=C(C=C(C=C4)Cl)Cl)Cl,-3.643452676486187,N#Cc1cc(-c2ccc(Cl)cc2)c(-c2ccc(Cl)cc2Cl)nc1Oc1ccc(F)cc1
CCCCCOC1=C(C=CC2=C1NC(=O)C(=C2)C(=O)NCCC3=CC=C(C=C3)Cl)OC,-0.6994908452722044,CCCCCOc1c(OC)ccc2cc(C(=O)NCCc3ccc(Cl)cc3)c(=O)[nH]c12
CCCCCOC1=C(C=CC2=C1OC(=O)C(=C2)C(=O)NCC3=CC4=C(C=C3)OCO4)OC,-2.808885867359812,CCCCCOc1c(OC)ccc2cc(C(=O)NCc3ccc4c(c3)OCO4)c(=O)oc12
CN1C(=O)C2=C(C1=O)C=C(C=C2)NC3=CC(=C(C=C3)S(=O)(=O)NCC4CC4)C(F)(F)F,-3.3827372657613304,CN1C(=O)c2ccc(Nc3ccc(S(=O)(=O)NCC4CC4)c(C(F)(F)F)c3)cc2C1=O
COC1=CC=CC2=C1C=C(N2)C3=NC(=NC(=N3)OC)NCCC4=CC=C(C=C4)F,-1.5185139398778875,COc1nc(NCCc2ccc(F)cc2)nc(-c2cc3c(OC)cccc3[nH]2)n1
CC1(CC(CC(C1)(C)C)N2C(=O)C3=C(C=N2)N(N=C3)CCN(C)C)C,-2.0211892990699383,CN(C)CCn1ncc2c(=O)n(C3CC(C)(C)CC(C)(C)C3)ncc21
CCC1COC2=CC=CC3=C2N1C=C(C3=O)C(=O)NC45CC6CC(C4)CC(C6)C5,-1.2576785748691846,CCC1COc2cccc3c(=O)c(C(=O)NC45CC6CC(CC(C6)C4)C5)cn1c23
CC(C)(C)C1CCC(CC1)NC2=CC(=C(C=C2)S(=O)(=O)NCC3CC3)C(F)(F)F,-3.277150613963797,CC(C)(C)C1CCC(Nc2ccc(S(=O)(=O)NCC3CC3)c(C(F)(F)F)c2)CC1
COC1=NC(=NC(=N1)NCCC2=CC=C(C=C2)F)C3=CC(=C(C=C3)Cl)O,-1.3222192947339193,COc1nc(NCCc2ccc(F)cc2)nc(-c2ccc(Cl)c(O)c2)n1
CC(C)(C1CC1)NS(=O)(=O)C2=C(C=C(C=C2)NC3=C(N=CC=C3)Cl)C(F)(F)F,-2.815245591916563,CC(C)(NS(=O)(=O)c1ccc(Nc2cccnc2Cl)cc1C(F)(F)F)C1CC1
CC(C)(C)C1=NN=C(O1)C2=NN(C(=C2C(=O)NC3=CC=CC=C3)C4=CC=C(C=C4)Cl)C5=C(C=C(C=C5)Cl)Cl,-2.868056361823041,CC(C)(C)c1nnc(-c2nn(-c3ccc(Cl)cc3Cl)c(-c3ccc(Cl)cc3)c2C(=O)Nc2ccccc2)o1
CCC1COC2=CC=CC3=C2N1C=C(C3=O)C(=O)NC4CCCCCC4,-1.2355284469075491,CCC1COc2cccc3c(=O)c(C(=O)NC4CCCCCC4)cn1c23
CC(C)(C)C1=NN=C(O1)C2=NN(C(=C2CN3C=NC=N3)C4=CC=C(C=C4)Br)C5=C(C=C(C=C5)Cl)Cl,-2.710117365111816,CC(C)(C)c1nnc(-c2nn(-c3ccc(Cl)cc3Cl)c(-c3ccc(Br)cc3)c2Cn2cncn2)o1
CCC(CC)(C1=CC=CC(=C1)C2=NC(=NC(=N2)OC)NCCC3=CC=C(C=C3)F)O,-1.3222192947339193,CCC(O)(CC)c1cccc(-c2nc(NCCc3ccc(F)cc3)nc(OC)n2)c1
CCCCCN1C=C(C(=O)N2C1=NC(=N2)C3=CC=C(C=C3)C)C(=O)NC45CC6CC(C4)CC(C6)C5,-1.1072099696478683,CCCCCn1cc(C(=O)NC23CC4CC(CC(C4)C2)C3)c(=O)n2nc(-c3ccc(C)cc3)nc12
CC(C(CC1=CC=C(C=C1)Cl)C2=CC=CC=C2)NC(=O)C(C)(C)OC3=CC=C(C=C3)Cl,-3.230448921378274,CC(NC(=O)C(C)(C)Oc1ccc(Cl)cc1)C(Cc1ccc(Cl)cc1)c1ccccc1
CCCC1=C(C2=CC=CC=C2S1)C(=O)C3=CC=C(C=C3)OC,-3.0791812460476247,CCCc1sc2ccccc2c1C(=O)c1ccc(OC)cc1
C1CSCCC12CC(=O)C3=C(O2)N=C(C(=C3)C4=CC=C(C=C4)Cl)C5=CC=CC=C5Cl,-3.903089986991944,O=C1CC2(CCSCC2)Oc2nc(-c3ccccc3Cl)c(-c3ccc(Cl)cc3)cc21
CCC1=C(C=C(C(=O)N1CC2=CC=C(C=C2)F)C(=O)NC3(CCCCC3)C(=O)O)C,-1.3802112417116061,CCc1c(C)cc(C(=O)NC2(C(=O)O)CCCCC2)c(=O)n1Cc1ccc(F)cc1
C1CCC(CC1)CNC(=O)C2=C(C=CC(=C2)Cl)NC(=O)C3=CC=CC4=CC=CC=C43,-3.255272505103306,O=C(NCC1CCCCC1)c1cc(Cl)ccc1NC(=O)c1cccc2ccccc12
CC(C)N1CCN(C(=O)C1=O)C2=NC(=C(C=C2C#N)C3=CC=C(C=C3)Cl)C4=CC=CC=C4Cl,-2.8543060418010806,CC(C)N1CCN(c2nc(-c3ccccc3Cl)c(-c3ccc(Cl)cc3)cc2C#N)C(=O)C1=O
CN1CCCCC1CN2C=C(C3=CC=CC=C32)C(=O)C4=C(C=CC(=C4)[N+](=O)[O-])I,-0.5314789170422551,CN1CCCCC1Cn1cc(C(=O)c2cc([N+](=O)[O-])ccc2I)c2ccccc21
CC(C)CC1=C(C2=CC=CC=C2S1)C(=O)C3=CC=C(C=C3)OC,-2.845098040014257,COc1ccc(C(=O)c2c(CC(C)C)sc3ccccc23)cc1
CC1C(N2C=C(C(=O)C3=C2C(=CC=C3)O1)C(=O)NC45CC6CC(C4)CC(C6)C5)C7=CC=CC=C7,-3.2263420871636312,CC1Oc2cccc3c(=O)c(C(=O)NC45CC6CC(CC(C6)C4)C5)cn(c23)C1c1ccccc1
C1CN(CCC1(F)F)CC2=C3C=CC=CN3C(=N2)C(=O)NC4=CC=CC(=N4)C(F)(F)F,-0.2304489213782739,O=C(Nc1cccc(C(F)(F)F)n1)c1nc(CN2CCC(F)(F)CC2)c2ccccn12
CCCCCCC(C)(C)C1=CC(=C(C(=C1)OC)C2C=C(C3CC2C3(C)C)CO)OC,-2.0681858617461617,CCCCCCC(C)(C)c1cc(OC)c(C2C=C(CO)C3CC2C3(C)C)c(OC)c1
CCCCN1C2=C(CCCC2)C=C(C1=O)C(=O)NCC3=CC=CC=C3,-1.230448921378274,CCCCn1c2c(cc(C(=O)NCc3ccccc3)c1=O)CCCC2
C1CCC2(C1)CC(=O)C3=C(O2)N=C(C(=C3)C4=CC=C(C=C4)Cl)C5=CC=CC=C5Cl,-3.4771212547196626,O=C1CC2(CCCC2)Oc2nc(-c3ccccc3Cl)c(-c3ccc(Cl)cc3)cc21
CC(C)(C)C1=NC2=NC(=C(C=C2C3=NNC(=O)N31)C4=CC=C(C=C4)N(C)C)C5=CC=CC=C5Cl,-2.8864907251724823,CN(C)c1ccc(-c2cc3c(nc2-c2ccccc2Cl)nc(C(C)(C)C)n2c(=O)[nH]nc32)cc1
CC1=NN=C(C2=CN(N=C12)C3=CC=C(C=C3)OC)C4=CC(=CC=C4)Br,-3.7323937598229686,COc1ccc(-n2cc3c(-c4cccc(Br)c4)nnc(C)c3n2)cc1
COC1=CC(=CC(=C1)NC2=CC(=C(C=C2)S(=O)(=O)N3CCOCC3)C(F)(F)F)OC,-2.965201701025912,COc1cc(Nc2ccc(S(=O)(=O)N3CCOCC3)c(C(F)(F)F)c2)cc(OC)c1
C1COCCN1CC2=C3C=CC=CN3C(=N2)C(=O)C4=C(C(=CC=C4)F)C(F)(F)F,0.1549019599857432,O=C(c1cccc(F)c1C(F)(F)F)c1nc(CN2CCOCC2)c2ccccn12
C1CC(C1)(C2=NN=C(S2)C3=NN(C(=C3CN4C=NC=N4)C5=CC=C(C=C5)Cl)C6=CC=CC=C6C(F)(F)F)C(F)(F)F,-1.8853612200315122,FC(F)(F)c1ccccc1-n1nc(-c2nnc(C3(C(F)(F)F)CCC3)s2)c(Cn2cncn2)c1-c1ccc(Cl)cc1
CC(C(CC1=CC=C(C=C1)Cl)C2=CC=CC(=C2)C#N)NS(=O)(=O)C3=CC=CC=C3,-3.17260293120986,CC(NS(=O)(=O)c1ccccc1)C(Cc1ccc(Cl)cc1)c1cccc(C#N)c1
CC1=C(C=C(C=C1)C2=NC(=NC(=N2)OC)NCCC3=CC=C(C=C3)OC(F)F)S(=O)(=O)NC4CC4,-1.6434526764861874,COc1nc(NCCc2ccc(OC(F)F)cc2)nc(-c2ccc(C)c(S(=O)(=O)NC3CC3)c2)n1
CCCCOC1=C(C=CC2=C1OC(=O)C(=C2)C(=O)NC3CCCCC3)OC,-1.3424226808222062,CCCCOc1c(OC)ccc2cc(C(=O)NC3CCCCC3)c(=O)oc12
CC1=C(SC(=NS(=O)(=O)C2=CC=CC=C2)N1C)C(C)(C)C,-2.531478917042255,Cc1c(C(C)(C)C)sc(=NS(=O)(=O)c2ccccc2)n1C
CCC1COC2=CC=CC3=C2N1C=C(C3=O)C(=O)NC45CC6CC(C4)CC(C6)C5,-1.57978359661681,CCC1COc2cccc3c(=O)c(C(=O)NC45CC6CC(CC(C6)C4)C5)cn1c23
CC(=O)C1=C(C2=CC(=C(N=C2N(C1=O)C)C3=C(C=C(C=C3)Cl)Cl)C4=CC=C(C=C4)Cl)N(C)C,-3.146128035678238,CC(=O)c1c(N(C)C)c2cc(-c3ccc(Cl)cc3)c(-c3ccc(Cl)cc3Cl)nc2n(C)c1=O
CC1=CC=C(C=C1)CN2C(=CC(=N2)C(=O)NC3C(C4CCC3(C4)C)(C)C)C5=CC(=C(C=C5)Cl)C,-0.4999618655961903,Cc1ccc(Cn2nc(C(=O)NC3C4(C)CCC(C4)C3(C)C)cc2-c2ccc(Cl)c(C)c2)cc1
CC(C)(C1CC1)NS(=O)(=O)C2=C(C=C(C=C2)NC3=CC(=CC(=C3)OC)OC)C(F)(F)F,-2.633468455579586,COc1cc(Nc2ccc(S(=O)(=O)NC(C)(C)C3CC3)c(C(F)(F)F)c2)cc(OC)c1
C1CC1CNS(=O)(=O)C2=C(C=C(C=C2)NC3CN4CCC3CC4)C(F)(F)F,-2.8426092396105616,O=S(=O)(NCC1CC1)c1ccc(NC2CN3CCC2CC3)cc1C(F)(F)F
CC(C)C1=NC2=NC(=C(C=C2C(=N1)OCC3=NOC=N3)C4=CC=C(C=C4)Cl)C5=CC=CC=C5Cl,-3.7993405494535817,CC(C)c1nc(OCc2ncon2)c2cc(-c3ccc(Cl)cc3)c(-c3ccccc3Cl)nc2n1
CC(C(=O)NC1CC2(CCCCC2)OC3=C1C=C(C(=N3)C4=CC=CC=C4Cl)C5=CC=C(C=C5)Cl)O,-3.255272505103306,CC(O)C(=O)NC1CC2(CCCCC2)Oc2nc(-c3ccccc3Cl)c(-c3ccc(Cl)cc3)cc21
COC1=NC(=NC(=N1)NCCC2=CC=C(C=C2)F)C3=CC(=C(C=C3)Cl)OCC(=O)N,-0.0,COc1nc(NCCc2ccc(F)cc2)nc(-c2ccc(Cl)c(OCC(N)=O)c2)n1
CC(C)(C)C1CC(=O)C2=C(O1)N=C(C(=C2)C3=CC=C(C=C3)Cl)C4=CC=CC=C4Cl,-3.531478917042255,CC(C)(C)C1CC(=O)c2cc(-c3ccc(Cl)cc3)c(-c3ccccc3Cl)nc2O1
CC(C)(C)N1CCN(CC1)C2=NC(=C(C=C2C#N)C3=CC=C(C=C3)Cl)C4=CC=CC=C4Cl,-3.4149733479708178,CC(C)(C)N1CCN(c2nc(-c3ccccc3Cl)c(-c3ccc(Cl)cc3)cc2C#N)CC1
C1=CC=C2C(=C1)N=NN2C3=NC(=C(C=C3C#N)C4=CC=C(C=C4)Cl)C5=C(C=C(C=C5)Cl)Cl,-2.667452952889954,N#Cc1cc(-c2ccc(Cl)cc2)c(-c2ccc(Cl)cc2Cl)nc1-n1nnc2ccccc21
CC(C(CC1=CC=C(C=C1)Cl)C2=CC=CC(=C2)C#N)NS(=O)(=O)C=CC3=CC=CC=C3,-3.032215703297981,CC(NS(=O)(=O)C=Cc1ccccc1)C(Cc1ccc(Cl)cc1)c1cccc(C#N)c1
C1CC(OC1)CNS(=O)(=O)C2=C(C=C(C=C2)NC3=C(C=C(C=C3)Cl)Cl)C(F)(F)F,-1.8260748027008264,O=S(=O)(NCC1CCCO1)c1ccc(Nc2ccc(Cl)cc2Cl)cc1C(F)(F)F
COC1=CC(=CC(=C1)NC2=CC(=C(C=C2)S(=O)(=O)NCC3CC3)C(F)(F)F)OC,-1.7641761323903309,COc1cc(Nc2ccc(S(=O)(=O)NCC3CC3)c(C(F)(F)F)c2)cc(OC)c1
CC1=CC(=CC(=C1CNC(=O)C2=NN(C(=C2CN3C=NC=N3)C4=CC=C(C=C4)Br)C5=CC=CC=C5Cl)Cl)Cl,-3.3838153659804315,Cc1cc(Cl)cc(Cl)c1CNC(=O)c1nn(-c2ccccc2Cl)c(-c2ccc(Br)cc2)c1Cn1cncn1
CC1=C(N(N=C1C(=O)NC2CCCCC2)C3=C(C=C(C=C3)Cl)Cl)N4C=CC=C4,-1.9084850188786493,Cc1c(C(=O)NC2CCCCC2)nn(-c2ccc(Cl)cc2Cl)c1-n1cccc1
C1CCC(CC1)NC(=O)C2=CN3C(COC4=CC=CC(=C43)C2=O)C5CC5,-1.8260748027008264,O=C(NC1CCCCC1)c1cn2c3c(cccc3c1=O)OCC2C1CC1
CC(C(CC1=CC=C(C=C1)Cl)C2=CC=CC(=C2)C#N)NS(=O)(=O)CC3=CC=CC=C3Cl,-3.282848602834645,CC(NS(=O)(=O)Cc1ccccc1Cl)C(Cc1ccc(Cl)cc1)c1cccc(C#N)c1
C1CC(C1)CNC(=O)C2=C(C=CC=N2)NC(=O)C3=CC=C(C4=CC=CC=C43)CN5C=CC=C5,-2.531478917042255,O=C(NCC1CCC1)c1ncccc1NC(=O)c1ccc(Cn2cccc2)c2ccccc12
COC1=NC(=NC(=N1)NCCC2=CC=C(C=C2)F)C3=CC(=C(C=C3)Cl)S(=O)(=O)NC4CC4,-0.6020599913279624,COc1nc(NCCc2ccc(F)cc2)nc(-c2ccc(Cl)c(S(=O)(=O)NC3CC3)c2)n1
CC1=C(N(N=C1C(=O)NN2CC3CCCC3C2)C4=C(C=C(C=C4)Cl)Cl)C5=CC=C(S5)C#CC6CC6,-3.7573580643293516,Cc1c(C(=O)NN2CC3CCCC3C2)nn(-c2ccc(Cl)cc2Cl)c1-c1ccc(C#CC2CC2)s1
C1CCC2C(C1)C(CCN2C(=O)C3=C4C=CNC4=CC=C3)(C5=CC=CC=C5)O,-1.3424226808222062,O=C(c1cccc2[nH]ccc12)N1CCC(O)(c2ccccc2)C2CCCCC21
CC(C)(C)C1=NC2=NC(=C(C=C2C(=N1)N3CCNCC3)C4=CC=C(C=C4)Cl)C5=CC=CC=C5Cl,-3.255272505103306,CC(C)(C)c1nc(N2CCNCC2)c2cc(-c3ccc(Cl)cc3)c(-c3ccccc3Cl)nc2n1
CCC1COC2=C(C=CC3=C2N1C=C(C3=O)C(=O)NC45CC6CC(C4)CC(C6)C5)F,-1.4313637641589874,CCC1COc2c(F)ccc3c(=O)c(C(=O)NC45CC6CC(CC(C6)C4)C5)cn1c23
C1CCCC2=C(CC1)C=C(C(=O)N2CC3CCCCC3)C(=O)NC4=CC=CC(=C4)C(=O)O,-2.428134794028789,O=C(O)c1cccc(NC(=O)c2cc3c(n(CC4CCCCC4)c2=O)CCCCCC3)c1
C1CC(C1)CNC(=O)C2=C(C=CC=N2)NC(=O)C3=CC=C(C4=CC=CC=C43)CN5C=CN=N5,-1.8129133566428557,O=C(NCC1CCC1)c1ncccc1NC(=O)c1ccc(Cn2ccnn2)c2ccccc12
CC(C)C1=C(C2=CC(=C(N=C2N(C1=O)C)C3=C(C=C(C=C3)Cl)Cl)C4=CC=C(C=C4)Cl)NC(=O)C,-3.7323937598229686,CC(=O)Nc1c(C(C)C)c(=O)n(C)c2nc(-c3ccc(Cl)cc3Cl)c(-c3ccc(Cl)cc3)cc12
CCCNC(=O)C1=C(SC2=C1CCOC2)NC(=O)C34CC5CC(C3)CC4C5,-1.560743301054712,CCCNC(=O)c1c(NC(=O)C23CC4CC(CC2C4)C3)sc2c1CCOC2
CC1=C2C(=C(C=C1)C3=NC(=NC(=N3)OC)NCCC4=CC=C(C=C4)F)C=CC=N2,-1.57978359661681,COc1nc(NCCc2ccc(F)cc2)nc(-c2ccc(C)c3ncccc23)n1
C1CC(C1)(C2=NN=C(S2)C3=NN(C(=C3CN4C=NC=N4)C5=CC=C(C=C5)Cl)C6=C(C=C(C=C6)Cl)Cl)C(F)(F)F,-2.7032913781186614,FC(F)(F)C1(c2nnc(-c3nn(-c4ccc(Cl)cc4Cl)c(-c4ccc(Cl)cc4)c3Cn3cncn3)s2)CCC1
CCOC(=O)C(=CC1=CN(C2=CC=CC=C21)CCN3CCOCC3)C(=O)C4=CC=CC=C4,-3.7937903846908183,CCOC(=O)C(=Cc1cn(CCN2CCOCC2)c2ccccc12)C(=O)c1ccccc1
CC(=O)OCC1=C(N(N=C1C2=NN=C(O2)C(C)(C)C)C3=C(C=C(C=C3)Cl)Cl)C4=CC=C(C=C4)Cl,-3.113943352306837,CC(=O)OCc1c(-c2nnc(C(C)(C)C)o2)nn(-c2ccc(Cl)cc2Cl)c1-c1ccc(Cl)cc1
CC1COC2=CC=CC3=C2N1C=C(C3=O)C(=O)NC45CC6CC(C4)CC(C6)C5,-2.184691430817599,CC1COc2cccc3c(=O)c(C(=O)NC45CC6CC(CC(C6)C4)C5)cn1c23
C1=CC=C(C=C1)NS(=O)(=O)C2=C(C=C(C=C2)NC3=C(C=C(C=C3)Cl)Cl)C(F)(F)F,-3.79560197989418,O=S(=O)(Nc1ccccc1)c1ccc(Nc2ccc(Cl)cc2Cl)cc1C(F)(F)F
CC1=NC2=C(C=CC(=C2C=C1)C3=NC(=NC(=N3)OC)NCCC4=CC=C(C=C4)F)OC,-1.57978359661681,COc1nc(NCCc2ccc(F)cc2)nc(-c2ccc(OC)c3nc(C)ccc23)n1
CC(C)(C)C1=NC2=CC=CC=C2N1C(=O)C3=CC=C(C=C3)OC,-3.3802112417116064,COc1ccc(C(=O)n2c(C(C)(C)C)nc3ccccc32)cc1
CC(=O)SCC1=C(N(N=C1C2=NN=C(O2)C(C)(C)C)C3=C(C=C(C=C3)Cl)Cl)C4=CC=C(C=C4)Cl,-3.170261715394957,CC(=O)SCc1c(-c2nnc(C(C)(C)C)o2)nn(-c2ccc(Cl)cc2Cl)c1-c1ccc(Cl)cc1
C1CCC2C(C1)C(CCN2C(=O)C3=CC=CC=C3)(C4=CC(=CC=C4)C(F)(F)F)O,-2.908485018878649,O=C(c1ccccc1)N1CCC(O)(c2cccc(C(F)(F)F)c2)C2CCCCC21
COC1=CC=C(C=C1)C2=C(C3=CC=CC=C3S2)C(=O)C4=CC=CC5=CC=CC=C54,-3.146128035678238,COc1ccc(-c2sc3ccccc3c2C(=O)c2cccc3ccccc23)cc1
C1CC(C1)CNC(=O)C2=C(C=CC(=N2)OCCOCCO)NC(=O)C3=CC=NC4=CC=CC=C34,-3.0791812460476247,O=C(NCC1CCC1)c1nc(OCCOCCO)ccc1NC(=O)c1ccnc2ccccc12
COC1=NC(=C(C=C1)NC(=O)C2=CC=C(C3=CC=CC=C32)CN4C=CN=N4)C(=O)NCC5CCOCC5,-2.672097857935717,COc1ccc(NC(=O)c2ccc(Cn3ccnn3)c3ccccc23)c(C(=O)NCC2CCOCC2)n1
CCCCCCC(C)(C)C1=CC(=C(C(=C1)OC)C2C3CCC(C2O)(C3(C)C)C)OC,-2.9661417327390325,CCCCCCC(C)(C)c1cc(OC)c(C2C3CCC(C)(C2O)C3(C)C)c(OC)c1
CC(C)(C)C1=NN=C(O1)C2=NN(C(=C2CN3C=CC=N3)C4=CC=C(C=C4)Cl)C5=C(C=C(C=C5)Cl)Cl,-2.9907826918031377,CC(C)(C)c1nnc(-c2nn(-c3ccc(Cl)cc3Cl)c(-c3ccc(Cl)cc3)c2Cn2cccn2)o1
CC1=C(SC(=NS(=O)(=O)C2=CC=CC=C2)N1CC3CC3)C(C)(C)C,-1.8129133566428557,Cc1c(C(C)(C)C)sc(=NS(=O)(=O)c2ccccc2)n1CC1CC1
C1CCC(CC1)C2=NC3=CC=CC=C3N2C(=O)C4=CC=CC5=CC=CC=C54,-3.230448921378274,O=C(c1cccc2ccccc12)n1c(C2CCCCC2)nc2ccccc21
CC(C)(C1CC1)NS(=O)(=O)C2=C(C=C(C=C2)NC3=C(C=C(C=C3)Cl)Cl)C(F)(F)F,-2.6434526764861874,CC(C)(NS(=O)(=O)c1ccc(Nc2ccc(Cl)cc2Cl)cc1C(F)(F)F)C1CC1
C1CC1CNS(=O)(=O)C2=C(C=C(C=C2)NCC3CCOCC3)C(F)(F)F,-3.234264124378789,O=S(=O)(NCC1CC1)c1ccc(NCC2CCOCC2)cc1C(F)(F)F
CC1=C(SC(=NS(=O)(=O)C2=CC3=CC=CC=C3C=C2)N1CC4CC4)C(C)(C)C,-2.6901960800285143,Cc1c(C(C)(C)C)sc(=NS(=O)(=O)c2ccc3ccccc3c2)n1CC1CC1
CCCCCOC1=C(C=CC2=C1NC(=O)C(=C2)C(=O)NCCC3=CC(=C(C=C3)O)O)OC,-2.5999430834963726,CCCCCOc1c(OC)ccc2cc(C(=O)NCCc3ccc(O)c(O)c3)c(=O)[nH]c12
C1CCC2C(C1)C(CCN2C(=O)C3=CN=C(C=C3)C4CC4)(C5=CC=CC=C5)O,-1.0791812460476249,O=C(c1ccc(C2CC2)nc1)N1CCC(O)(c2ccccc2)C2CCCCC21
C1CC1(C2=NN=C(O2)C3=NN(C(=C3C(=O)NC4=CC=CC=C4)C5=CC=C(C=C5)Br)C6=C(C=C(C=C6)Cl)Cl)C(F)(F)F,-2.6884198220027105,O=C(Nc1ccccc1)c1c(-c2nnc(C3(C(F)(F)F)CC3)o2)nn(-c2ccc(Cl)cc2Cl)c1-c1ccc(Br)cc1
CCCCCOC1=C(C=CC2=C1NC(=O)C(=C2)C(=O)NCCC3=CC=CC=C3)OC,0.20031490909089952,CCCCCOc1c(OC)ccc2cc(C(=O)NCCc3ccccc3)c(=O)[nH]c12
CC(=O)C1=C(C2=CC(=C(N=C2N(C1=O)CC3CCCO3)C4=C(C=C(C=C4)Cl)Cl)C5=CC=C(C=C5)Cl)NC(=O)C,-3.146128035678238,CC(=O)Nc1c(C(C)=O)c(=O)n(CC2CCCO2)c2nc(-c3ccc(Cl)cc3Cl)c(-c3ccc(Cl)cc3)cc12
CC(=O)OC1C(C(OC(C1OC(=O)C)SC2C=CC3C4CC5=C6C3(C2OC6=C(C=C5)O)CCN4C)C(=O)O)OC(=O)C,-0.568201724066995,CC(=O)OC1C(SC2C=CC3C4Cc5ccc(O)c6c5C3(CCN4C)C2O6)OC(C(=O)O)C(OC(C)=O)C1OC(C)=O
COC1=CC(=CC(=C1)NC2=CC=C(C=C2)S(=O)(=O)NCC3CC3)OC,-2.73559889969818,COc1cc(Nc2ccc(S(=O)(=O)NCC3CC3)cc2)cc(OC)c1
CC1=CC=C(N1C2=C(C(=NN2C3=CC(=C(C=C3)Cl)Cl)C(=O)NC4CCCCC4)C)C,-0.2304489213782739,Cc1c(C(=O)NC2CCCCC2)nn(-c2ccc(Cl)c(Cl)c2)c1-n1c(C)ccc1C
CC1=NC2=NC(=C(C=C2C(=N1)N)C3=CC=C(C=C3)Cl)C4=CC=CC=C4Cl,-3.0413926851582254,Cc1nc(N)c2cc(-c3ccc(Cl)cc3)c(-c3ccccc3Cl)nc2n1
C1CS(=O)(=O)CCN1CC2=C3C=CC=CN3C(=N2)C(=O)NC4=CC=CC(=N4)C(F)(F)F,-1.6434526764861874,O=C(Nc1cccc(C(F)(F)F)n1)c1nc(CN2CCS(=O)(=O)CC2)c2ccccn12
CC1=CC(=NN1)C(=O)NC2CC(OC3=C2C=C(C(=N3)C4=C(C=C(C=C4)Cl)Cl)C5=CC=C(C=C5)Cl)(C)C,-3.1760912590556813,Cc1cc(C(=O)NC2CC(C)(C)Oc3nc(-c4ccc(Cl)cc4Cl)c(-c4ccc(Cl)cc4)cc32)n[nH]1
CCCCC#CC1=CC=C(S1)C2=C(C(=NN2C3=C(C=C(C=C3)Cl)Cl)C(=O)NN4CCCCC4)C,-2.492061604512599,CCCCC#Cc1ccc(-c2c(C)c(C(=O)NN3CCCCC3)nn2-c2ccc(Cl)cc2Cl)s1
CC1(CC(CC(C1)(C)C)N2C(=O)C(=C(C=N2)NC)Cl)C,-2.550228353055094,CNc1cnn(C2CC(C)(C)CC(C)(C)C2)c(=O)c1Cl
CC(C)(C)C1=NC2=NC(=C(C=C2C(=N1)N)C3=CC=C(C=C3)Cl)C4=C(C=C(C=C4)Cl)Cl,-3.716003343634799,CC(C)(C)c1nc(N)c2cc(-c3ccc(Cl)cc3)c(-c3ccc(Cl)cc3Cl)nc2n1
C1=CC=C2C(=C1)C=CC=C2C(=O)C3=CSC4=CC=CC=C43,-3.0413926851582254,O=C(c1cccc2ccccc12)c1csc2ccccc12
CCCCCCC(C)(C)C1=CC(=C(C=C1)C2CC(CCC2CCCO)O)O,0.08618614761628332,CCCCCCC(C)(C)c1ccc(C2CC(O)CCC2CCCO)c(O)c1
CC(=O)C1=CC=C(C=C1)C2=C(N=C3C(=C2)C4=NNC(=O)N4C(=N3)C(C)(C)C)C5=CC=CC=C5Cl,-3.763427993562937,CC(=O)c1ccc(-c2cc3c(nc2-c2ccccc2Cl)nc(C(C)(C)C)n2c(=O)[nH]nc32)cc1
CCC1=C(N(N=C1C2=NC(C(=O)N2C)(C)C)C3=C(C=C(C=C3)Cl)Cl)C4=CC=C(C=C4)Cl,-3.6361768582331497,CCc1c(C2=NC(C)(C)C(=O)N2C)nn(-c2ccc(Cl)cc2Cl)c1-c1ccc(Cl)cc1
CC(=O)C1=C(C2=CC(=C(N=C2N(C1=O)CC3=CC=CC=C3)C4=C(C=C(C=C4)Cl)Cl)C5=CC=C(C=C5)Cl)NC(=O)C,-3.707570176097936,CC(=O)Nc1c(C(C)=O)c(=O)n(Cc2ccccc2)c2nc(-c3ccc(Cl)cc3Cl)c(-c3ccc(Cl)cc3)cc12
CCC1=C(N(N=C1C2=NN=C(O2)C(C)(C)C)C3=C(C=C(C=C3)Cl)Cl)C4=CC=C(C=C4)Cl,-3.3673559210260184,CCc1c(-c2nnc(C(C)(C)C)o2)nn(-c2ccc(Cl)cc2Cl)c1-c1ccc(Cl)cc1
CC1=NC(=NN1)C(=O)NC2CC(OC3=C2C=C(C(=N3)C4=C(C=C(C=C4)Cl)Cl)C5=CC=C(C=C5)Cl)(C)C,-3.716003343634799,Cc1nc(C(=O)NC2CC(C)(C)Oc3nc(-c4ccc(Cl)cc4Cl)c(-c4ccc(Cl)cc4)cc32)n[nH]1
CC1=NN=C(O1)C2=C(N(N=C2C3=NN=C(O3)C(C)(C)C)C4=C(C=C(C=C4)Cl)Cl)C5=CC=C(C=C5)Br,-2.617000341120899,Cc1nnc(-c2c(-c3nnc(C(C)(C)C)o3)nn(-c3ccc(Cl)cc3Cl)c2-c2ccc(Br)cc2)o1
CC(C)CC1=NC2=CC=CC=C2N1C(=O)C3=CC=CC4=CC=CC=C43,-2.6989700043360187,CC(C)Cc1nc2ccccc2n1C(=O)c1cccc2ccccc12
CC1=C(NN=C1)C(=O)NC2CC(OC3=C2C=C(C(=N3)C4=C(C=C(C=C4)Cl)Cl)C5=CC=C(C=C5)Cl)(C)C,-3.342422680822206,Cc1cn[nH]c1C(=O)NC1CC(C)(C)Oc2nc(-c3ccc(Cl)cc3Cl)c(-c3ccc(Cl)cc3)cc21
CCCCCC1=CC2=C(C3C=C(CCC3C(O2)(C)C)C)C(=C1)O,-0.9777236052888476,CCCCCc1cc(O)c2c(c1)OC(C)(C)C1CCC(C)=CC21
CCCCCN1C=C(C(=O)N2C1=NC(=N2)C3=CC=CC=C3)C(=O)NC4CCCCC4,-2.0453229787866576,CCCCCn1cc(C(=O)NC2CCCCC2)c(=O)n2nc(-c3ccccc3)nc12
CCC1COC2=CC=CC3=C2N1C=C(C3=O)C(=O)NC45CC6CC(C4)CC(C6)C5,-2.6159500516564007,CCC1COc2cccc3c(=O)c(C(=O)NC45CC6CC(CC(C6)C4)C5)cn1c23
CC(=O)NC1=CC(=O)N(C2=NC(=C(C=C12)C3=CC=C(C=C3)Cl)C4=C(C=C(C=C4)Cl)Cl)C,-2.57978359661681,CC(=O)Nc1cc(=O)n(C)c2nc(-c3ccc(Cl)cc3Cl)c(-c3ccc(Cl)cc3)cc12
C1CCC2C(C1)C(CCN2C(=O)C3CN(CCO3)CC(F)(F)F)(C4=CC=CC=C4)O,-1.4771212547196624,O=C(C1CN(CC(F)(F)F)CCO1)N1CCC(O)(c2ccccc2)C2CCCCC21
CC(C)(C)CC(C)(C)NS(=O)(=O)C1=C(C=C(C=C1)NC2=C(C=C(C=C2)Cl)Cl)C(F)(F)F,-3.693199145153717,CC(C)(C)CC(C)(C)NS(=O)(=O)c1ccc(Nc2ccc(Cl)cc2Cl)cc1C(F)(F)F
CC1=CC=C(N1C2=C(C(=NN2C3=C(C=C(C=C3)Cl)Cl)C(=O)NCC4=CC(=C(C=C4)Cl)Cl)C)C,-3.6989700043360174,Cc1c(C(=O)NCc2ccc(Cl)c(Cl)c2)nn(-c2ccc(Cl)cc2Cl)c1-n1c(C)ccc1C
CCC1=C(NC2=C1C=C(C=C2)Cl)C(=O)NCCC3=CC=C(C=C3)N4CCN(CC4)C,-3.8432327780980096,CCc1c(C(=O)NCCc2ccc(N3CCN(C)CC3)cc2)[nH]c2ccc(Cl)cc12
C1CC(C1)CNC(=O)C2=C(C=CC(=N2)OCCO)NC(=O)C3=CC=NC4=CC=CC=C34,-3.397940008672037,O=C(NCC1CCC1)c1nc(OCCO)ccc1NC(=O)c1ccnc2ccccc12
C1CCC2C(C1)C(CCN2C(=O)C3=NC=NN3)(C4=CC=CC=C4)O,-2.450249108319361,O=C(c1ncn[nH]1)N1CCC(O)(c2ccccc2)C2CCCCC21
CC(C(=O)NC1CC(OC2=C1C=C(C(=N2)C3=C(C=C(C=C3)Cl)Cl)C4=CC=C(C=C4)Cl)(C)C)O,-3.5477747053878224,CC(O)C(=O)NC1CC(C)(C)Oc2nc(-c3ccc(Cl)cc3Cl)c(-c3ccc(Cl)cc3)cc21
CC(C(CC1=CC=C(C=C1)Cl)C2=CC=CC(=C2)C#N)NC(=O)C3=CC=CC=C3,-3.2803506930460067,CC(NC(=O)c1ccccc1)C(Cc1ccc(Cl)cc1)c1cccc(C#N)c1
CC1=C(C=C(N1CC2=CC=C(C=C2)Cl)C3=CC=CC=C3)C(=O)C4=CC=CC=C4,-2.6972293427597176,Cc1c(C(=O)c2ccccc2)cc(-c2ccccc2)n1Cc1ccc(Cl)cc1
C1COCCN1C2=C3C=NC=CN3C(=N2)C(=O)NC(C4=CN=CC=C4)C(F)(F)F,-1.8388490907372552,O=C(NC(c1cccnc1)C(F)(F)F)c1nc(N2CCOCC2)c2cnccn12
C1CC2CC1CC2NC3=CC(=C(C=C3)S(=O)(=O)N)C(F)(F)F,-3.3289908554494287,NS(=O)(=O)c1ccc(NC2CC3CCC2C3)cc1C(F)(F)F
C1CCCN(CC1)NC2=CC(=C(C=C2)S(=O)(=O)NCC3CC3)C(F)(F)F,-1.9211660506377388,O=S(=O)(NCC1CC1)c1ccc(NN2CCCCCC2)cc1C(F)(F)F
CC(C)(C)C1=NN=C(O1)C2=NN(C(=C2CN3N=CN=N3)C4=CC=C(C=C4)Cl)C5=C(C=C(C=C5)Cl)Cl,-2.832508912706236,CC(C)(C)c1nnc(-c2nn(-c3ccc(Cl)cc3Cl)c(-c3ccc(Cl)cc3)c2Cn2ncnn2)o1
C1CC1CNS(=O)(=O)C2=C(C=C(C=C2)NCC3=CC=CC=N3)C(F)(F)F,-3.137670537236755,O=S(=O)(NCC1CC1)c1ccc(NCc2ccccn2)cc1C(F)(F)F
CC1COC2=CC=CC3=C2N1C=C(C3=O)C(=O)NC4CCCCC4,-2.3891660843645326,CC1COc2cccc3c(=O)c(C(=O)NC4CCCCC4)cn1c23
CC(C(CC1=CC=C(C=C1)Cl)C2=CC=CC(=C2)C#N)NC(=O)C(C)(C)OC3=CN=CC(=C3)C(F)(F)F,-2.454387467146955,CC(NC(=O)C(C)(C)Oc1cncc(C(F)(F)F)c1)C(Cc1ccc(Cl)cc1)c1cccc(C#N)c1
CC(C)(C)NC(=O)N1CCN(CC1)C(C2=CC=C(C=C2)Cl)C3=CC=CC=C3Cl,-3.6830470382388496,CC(C)(C)NC(=O)N1CCN(C(c2ccc(Cl)cc2)c2ccccc2Cl)CC1
COC1=NC(=NC(=N1)NCCC2=CC=C(C=C2)F)C3=CC4=C(N3)C=CC(=C4)F,-1.0791812460476249,COc1nc(NCCc2ccc(F)cc2)nc(-c2cc3cc(F)ccc3[nH]2)n1
C1COCCC1CNC(=O)C2=C(C=CC=N2)NC(=O)C3=CC=C(C4=CC=CC=C43)CN5C=CN=N5,-3.0791812460476247,O=C(NCC1CCOCC1)c1ncccc1NC(=O)c1ccc(Cn2ccnn2)c2ccccc12
CC1(C2CCC(C2)(C1NC(=O)C3=NN(C4=C3CC5=C4C=CC(=C5)C6CC6)C7=C(C=C(C=C7)Cl)Cl)C)C,-1.9041743682841636,CC12CCC(C1)C(C)(C)C2NC(=O)c1nn(-c2ccc(Cl)cc2Cl)c2c1Cc1cc(C3CC3)ccc1-2
CCC#CC1=CC=C(S1)C2=C(C(=NN2C3=C(C=C(C=C3)Cl)Cl)C(=O)NN4CC5CCCC5C4)C,-2.9642596301968487,CCC#Cc1ccc(-c2c(C)c(C(=O)NN3CC4CCCC4C3)nn2-c2ccc(Cl)cc2Cl)s1
CC1(CC(C2=C(O1)N=C(C(=C2)C3=CC=C(C=C3)Cl)C4=C(C=C(C=C4)Cl)Cl)NC(=O)C(C)(C)CO)C,-2.7558748556724915,CC1(C)CC(NC(=O)C(C)(C)CO)c2cc(-c3ccc(Cl)cc3)c(-c3ccc(Cl)cc3Cl)nc2O1
CC(C)(C)C1=NN=C(O1)C2=NN(C(=C2C(=O)NC3=CC=CC=N3)C4=CC=C(C=C4)Cl)C5=C(C=C(C=C5)Cl)Cl,-2.803457115648414,CC(C)(C)c1nnc(-c2nn(-c3ccc(Cl)cc3Cl)c(-c3ccc(Cl)cc3)c2C(=O)Nc2ccccn2)o1
CN(C)C1=NC=C(C=C1)C2=NC(=NC(=N2)OC)NCCC3=CC=C(C=C3)F,-1.5440680443502757,COc1nc(NCCc2ccc(F)cc2)nc(-c2ccc(N(C)C)nc2)n1
CN(C)CC1=CC=C(C2=CC=CC=C12)C(=O)NC3=C(N=CC=C3)C(=O)NCC4CCC4,-2.2787536009528293,CN(C)Cc1ccc(C(=O)Nc2cccnc2C(=O)NCC2CCC2)c2ccccc12
CC(=O)C1=C(C2=CC(=C(N=C2N(C1=O)CCO)C3=C(C=C(C=C3)Cl)Cl)C4=CC=C(C=C4)Cl)NC(=O)C,-3.1760912590556813,CC(=O)Nc1c(C(C)=O)c(=O)n(CCO)c2nc(-c3ccc(Cl)cc3Cl)c(-c3ccc(Cl)cc3)cc12
COC1=NC(=NC(=N1)NCCC2=CC=C(C=C2)OC(F)F)C3=CC4=C(N3)C=CC=C4Cl,-1.3802112417116061,COc1nc(NCCc2ccc(OC(F)F)cc2)nc(-c2cc3c(Cl)cccc3[nH]2)n1
C1=CC=C(C=C1)C(=O)C2=C(C3=CC(=C(N=C3O2)C4=C(C=C(C=C4)Cl)Cl)C5=CC=C(C=C5)Cl)N,-2.6434526764861874,Nc1c(C(=O)c2ccccc2)oc2nc(-c3ccc(Cl)cc3Cl)c(-c3ccc(Cl)cc3)cc12
CC(C)(C1=C(C=CC(=C1)C2=NC(=NC(=N2)OC)NCCC3=CC=C(C=C3)OC(F)(F)F)Cl)O,-1.0791812460476249,COc1nc(NCCc2ccc(OC(F)(F)F)cc2)nc(-c2ccc(Cl)c(C(C)(C)O)c2)n1
CC(=O)NC1CC(OC2=C1C=C(C(=N2)C3=C(C=C(C=C3)Cl)Cl)C4=CC=C(C=C4)Cl)(C)C,-3.9731278535996983,CC(=O)NC1CC(C)(C)Oc2nc(-c3ccc(Cl)cc3Cl)c(-c3ccc(Cl)cc3)cc21
CC(C)(C)C1=NC2=CC=CC=C2N1C(=O)C3=CC=CC4=CC=CC=C43,-2.4771212547196626,CC(C)(C)c1nc2ccccc2n1C(=O)c1cccc2ccccc12
C1CCCC2=C(CC1)C=C(C(=O)N2CC3CCCCC3)C(=O)NC4(CCCCC4)C(=O)O,-0.8450980400142568,O=C(NC1(C(=O)O)CCCCC1)c1cc2c(n(CC3CCCCC3)c1=O)CCCCCC2
CCCC1COC2=C3N1C=C(C(=O)C3=C(C=C2)C)C(=O)NC45CC6CC(C4)CC(C6)C5,-1.6232492903979006,CCCC1COc2ccc(C)c3c(=O)c(C(=O)NC45CC6CC(CC(C6)C4)C5)cn1c23
CC1=C(N(N=C1C(=O)NN2CCCCC2)C3=C(C=C(C=C3)Cl)Cl)C4=CC=C(C=C4)Cl.Cl,-3.991226075692495,Cc1c(C(=O)NN2CCCCC2)nn(-c2ccc(Cl)cc2Cl)c1-c1ccc(Cl)cc1.Cl
CC1=NN=C(C2=CN(N=C12)C3=CC=C(C=C3)OC)C4=CC=C(C=C4)C5=CC=CC=C5,-3.3201462861110542,COc1ccc(-n2cc3c(-c4ccc(-c5ccccc5)cc4)nnc(C)c3n2)cc1
C1=CC=C(C(=C1)C2=C(C=C(C(=N2)OC3=CC(=C(C=C3)F)F)C#N)C4=CC=C(C=C4)Cl)Cl,-3.755874855672492,N#Cc1cc(-c2ccc(Cl)cc2)c(-c2ccccc2Cl)nc1Oc1ccc(F)c(F)c1
CCCCCC1=CC(=C(C(=C1)OC)C2=CC3CCC2(C3(C)C)C(=O)OC)OC,-3.184691430817599,CCCCCc1cc(OC)c(C2=CC3CCC2(C(=O)OC)C3(C)C)c(OC)c1
CC1=C(N(N=C1C2=NC(=O)C(N2C3CC3)(C)C)C4=C(C=C(C=C4)Cl)Cl)C5=CC=C(C=C5)Cl,-3.290123688274307,Cc1c(C2=NC(=O)C(C)(C)N2C2CC2)nn(-c2ccc(Cl)cc2Cl)c1-c1ccc(Cl)cc1
C1CC2CC1CC2NC3=CC(=C(C=C3)S(=O)(=O)NCC4=CC=CO4)C(F)(F)F,-2.3891660843645326,O=S(=O)(NCc1ccco1)c1ccc(NC2CC3CCC2C3)cc1C(F)(F)F
CC(C)(C)C1=NN=C(O1)C2=NN(C(=C2COC3=CC=CC=C3)C4=CC=C(C=C4)Cl)C5=C(C=C(C=C5)Cl)Cl,-3.771587480881256,CC(C)(C)c1nnc(-c2nn(-c3ccc(Cl)cc3Cl)c(-c3ccc(Cl)cc3)c2COc2ccccc2)o1
C1=CC=C2C=C(C=CC2=C1)C=CC(=O)CCCC(=O)NCCO,-3.61066016308988,O=C(C=Cc1ccc2ccccc2c1)CCCC(=O)NCCO
CC(C(CC1=CC=C(C=C1)Cl)C2=CC=CC=C2)NC(=O)C(C)(C)OC3=CC=C(C=C3)Cl,-2.8864907251724823,CC(NC(=O)C(C)(C)Oc1ccc(Cl)cc1)C(Cc1ccc(Cl)cc1)c1ccccc1
CC(C)CC1=C(C2=CC=CC=C2S1)C(=O)C3=CC=CC4=CC=CC=C43,-3.3010299956639813,CC(C)Cc1sc2ccccc2c1C(=O)c1cccc2ccccc12
CC(=O)NC1=C(OC2=NC(=C(C=C12)C3=CC=C(C=C3)Cl)C4=CC=CC=C4Cl)C(=O)C(C)(C)O,-3.7323937598229686,CC(=O)Nc1c(C(=O)C(C)(C)O)oc2nc(-c3ccccc3Cl)c(-c3ccc(Cl)cc3)cc12
C1CC2CC1CC2NC3=CC(=C(C=C3)S(=O)(=O)NCC4CCOCC4)C(F)(F)F,-1.7251763014191372,O=S(=O)(NCC1CCOCC1)c1ccc(NC2CC3CCC2C3)cc1C(F)(F)F
CCCC#CC1=CC=C(S1)C2=C(C(=NN2C3=C(C=C(C=C3)Cl)Cl)C(=O)NN4CCCCCC4)C,-3.1758595735437027,CCCC#Cc1ccc(-c2c(C)c(C(=O)NN3CCCCCC3)nn2-c2ccc(Cl)cc2Cl)s1
COC1=CC=C(C=C1)C(=O)N2C3=CC=CC=C3N=C2C4CCC4,-3.5563025007672877,COc1ccc(C(=O)n2c(C3CCC3)nc3ccccc32)cc1
CCC1=C(N(N=C1C2=NN=NN2C3CCCC3)C4=C(C=C(C=C4)Cl)Cl)C5=CC=C(C=C5)Cl,-2.9242792860618816,CCc1c(-c2nnnn2C2CCCC2)nn(-c2ccc(Cl)cc2Cl)c1-c1ccc(Cl)cc1
C1CC1(C2=NN=C(O2)C3=NN(C(=C3CN4C=NC=N4)C5=CC=C(C=C5)Br)C6=C(C=C(C=C6)Cl)Cl)C(F)(F)F,-2.9768083373380665,FC(F)(F)C1(c2nnc(-c3nn(-c4ccc(Cl)cc4Cl)c(-c4ccc(Br)cc4)c3Cn3cncn3)o2)CC1
CC(C(CC1=CC=C(C=C1)Cl)C2=CC=CC=C2)NC(=O)C(C)(C)OC3=NC=C(C=C3)Cl,-2.0,CC(NC(=O)C(C)(C)Oc1ccc(Cl)cn1)C(Cc1ccc(Cl)cc1)c1ccccc1
CCCCCCNC(=O)C1=NN(C(=C1C)C2=CC=C(S2)C#CCCCC)C3=C(C=C(C=C3)Cl)Cl,-2.415974411376566,CCCCC#Cc1ccc(-c2c(C)c(C(=O)NCCCCCC)nn2-c2ccc(Cl)cc2Cl)s1
C1CC(OC1)CNS(=O)(=O)C2=C(C=C(C=C2)NC3CC4CCC3C4)C(F)(F)F,-1.8750612633917,O=S(=O)(NCC1CCCO1)c1ccc(NC2CC3CCC2C3)cc1C(F)(F)F
CC(C)C(=O)C1=C(C2=CC(=C(N=C2O1)C3=C(C=C(C=C3)Cl)Cl)C4=CC=C(C=C4)Cl)N,-2.8061799739838866,CC(C)C(=O)c1oc2nc(-c3ccc(Cl)cc3Cl)c(-c3ccc(Cl)cc3)cc2c1N
CC(C)C(=O)C1=C(C2=CC(=C(N=C2O1)C3=CC=CC=C3Cl)C4=CC=C(C=C4)Cl)NC(=O)CO,-3.707570176097936,CC(C)C(=O)c1oc2nc(-c3ccccc3Cl)c(-c3ccc(Cl)cc3)cc2c1NC(=O)CO
CC(C)(CNS(=O)(=O)C1=C(C=C(C=C1)NC2=C(C=C(C=C2)Cl)Cl)C(F)(F)F)CN(C)C,-3.7781512503836434,CN(C)CC(C)(C)CNS(=O)(=O)c1ccc(Nc2ccc(Cl)cc2Cl)cc1C(F)(F)F
CCCCCCC(C)(C)C1=CC(=C(C(=C1)OC)C2=CC3CCC2(C3(C)C)CO)OC,-2.2095150145426308,CCCCCCC(C)(C)c1cc(OC)c(C2=CC3CCC2(CO)C3(C)C)c(OC)c1
CS(=O)CC1=CC=C(C2=CC=CC=C12)C(=O)NC3=C(N=C(C=C3)OCCOCCO)C(=O)NCC4CCC4,-2.6989700043360187,CS(=O)Cc1ccc(C(=O)Nc2ccc(OCCOCCO)nc2C(=O)NCC2CCC2)c2ccccc12
CC1(CC(C2=C(O1)N=C(C(=C2)C3=CC=C(C=C3)Cl)C4=C(C=C(C=C4)Cl)Cl)NC(=O)C(C)(C)O)C,-3.397940008672037,CC1(C)CC(NC(=O)C(C)(C)O)c2cc(-c3ccc(Cl)cc3)c(-c3ccc(Cl)cc3Cl)nc2O1
CC1=CC=C(C=C1)C2COC3=CC=CC4=C3N2C=C(C4=O)C(=O)NC56CC7CC(C5)CC(C7)C6,-3.3453737305590883,Cc1ccc(C2COc3cccc4c(=O)c(C(=O)NC56CC7CC(CC(C7)C5)C6)cn2c34)cc1
C1=CC=C2C=C(C=CC2=C1)C=CC=CC(=O)NCCO,-3.682145076373832,O=C(C=CC=Cc1ccc2ccccc2c1)NCCO
CCCN(CC1CC1)S(=O)(=O)C2=C(C=C(C=C2)NC3=C(C=C(C=C3)OC)OC)C(F)(F)F,-3.2425414282983844,CCCN(CC1CC1)S(=O)(=O)c1ccc(Nc2ccc(OC)cc2OC)cc1C(F)(F)F
C1COCCN1C2=C3C=NC=CN3C(=N2)C(=O)NC(C4=CC=CC=N4)C(F)(F)F,-2.143014800254095,O=C(NC(c1ccccn1)C(F)(F)F)c1nc(N2CCOCC2)c2cnccn12
CN1C=CN=C1C(=O)N2CCC(C3C2CCCC3)(C4=CC=CC=C4)O,-2.093421685162235,Cn1ccnc1C(=O)N1CCC(O)(c2ccccc2)C2CCCCC21
C1CCC2C(C1)C(CCN2C(=O)C3=CC4=CC=CC=C4N=C3)(C5=CC=CC=C5)O,-0.5289167002776547,O=C(c1cnc2ccccc2c1)N1CCC(O)(c2ccccc2)C2CCCCC21
CC1=C(C2=C(N1CCN3CCOCC3)C=C(C=C2)I)C(=O)C4=CC=C(C=C4)OC,-3.857332496431269,COc1ccc(C(=O)c2c(C)n(CCN3CCOCC3)c3cc(I)ccc23)cc1
COC1=NC(=NC(=N1)NCCC2=CC=C(C=C2)F)C3=CC4=C(N3)C=C(C=C4)F,-1.6812412373755872,COc1nc(NCCc2ccc(F)cc2)nc(-c2cc3ccc(F)cc3[nH]2)n1
CC1=C(N(N=C1C2=NC(=O)C(N2C)(C)C)C3=C(C=C(C=C3)Cl)Cl)C4=CC=C(C=C4)C(F)(F)F,-3.598571663482141,Cc1c(C2=NC(=O)C(C)(C)N2C)nn(-c2ccc(Cl)cc2Cl)c1-c1ccc(C(F)(F)F)cc1
COC1=CC=C(C=C1)NC2=CC(=C(C=C2)S(=O)(=O)NCC3CC3)C(F)(F)F,-2.2528530309798933,COc1ccc(Nc2ccc(S(=O)(=O)NCC3CC3)c(C(F)(F)F)c2)cc1
CC1=C(N(N=C1C(=O)NN2CCCCC2)C3=C(C=C(C=C3)Cl)Cl)C4=CC=C(S4)C#CC5CC5,-3.626791880983212,Cc1c(C(=O)NN2CCCCC2)nn(-c2ccc(Cl)cc2Cl)c1-c1ccc(C#CC2CC2)s1
CN(CC1CC1)S(=O)(=O)C2=C(C=C(C=C2)NC3=C(C=C(C=C3)Cl)Cl)C(F)(F)F,-3.35430056234536,CN(CC1CC1)S(=O)(=O)c1ccc(Nc2ccc(Cl)cc2Cl)cc1C(F)(F)F
CCC1COC2=C3N1C=C(C(=O)C3=CC(=C2F)F)C(=O)NC45CC6CC(C4)CC(C6)C5,-2.1613680022349753,CCC1COc2c(F)c(F)cc3c(=O)c(C(=O)NC45CC6CC(CC(C6)C4)C5)cn1c23
CCCNC1=CC(=O)N(N=C1)C2CC(CC(C2)(C)C)(C)C,-1.8325089127062364,CCCNc1cnn(C2CC(C)(C)CC(C)(C)C2)c(=O)c1
CC1=C(N(N=C1C(=O)NN2CCCCC2)C3=C(C=C(C=C3)Cl)Cl)C4=CC=C(S4)C#CCOC5=CC=CC=C5,-3.8470912138377873,Cc1c(C(=O)NN2CCCCC2)nn(-c2ccc(Cl)cc2Cl)c1-c1ccc(C#CCOc2ccccc2)s1
CC1(CC(=O)C2=C(O1)N=C(C(=C2)C3=CC=C(C=C3)Cl)C4=CC=CC=C4Cl)C,-3.361727836017593,CC1(C)CC(=O)c2cc(-c3ccc(Cl)cc3)c(-c3ccccc3Cl)nc2O1
COC1=CC(=CC(=C1)NC2=C(C=C(C=C2)S(=O)(=O)NCC3CCCO3)F)OC,-2.848804701051804,COc1cc(Nc2ccc(S(=O)(=O)NCC3CCCO3)cc2F)cc(OC)c1
C1COCCC1CNS(=O)(=O)C2=C(C=C(C=C2)NC3=C(C=C(C=C3)Cl)Cl)C(F)(F)F,-2.3138672203691533,O=S(=O)(NCC1CCOCC1)c1ccc(Nc2ccc(Cl)cc2Cl)cc1C(F)(F)F
CC1CCC(CC1)NC(=O)C2=CC3=CC(=CN=C3N(C2=O)CC4=CC=C(C=C4)F)Br,-1.2084413564385674,CC1CCC(NC(=O)c2cc3cc(Br)cnc3n(Cc3ccc(F)cc3)c2=O)CC1
C1CCN(CC1)NC2=CC(=C(C=C2)S(=O)(=O)NCC3CC3)C(F)(F)F,-2.1643528557844367,O=S(=O)(NCC1CC1)c1ccc(NN2CCCCC2)cc1C(F)(F)F
CC(C)C1=NC2=NC(=C(C=C2C(=O)N1)C3=CC=C(C=C3)Cl)C4=CC=CC=C4Cl,-3.8633228601204563,CC(C)c1nc2nc(-c3ccccc3Cl)c(-c3ccc(Cl)cc3)cc2c(=O)[nH]1
CC(C(CC1=CC=C(C=C1)Cl)C2=CC=CC(=C2)C#N)NC(=O)C(C)(C)NC3=NC=C(C=C3)C(F)(F)F,-2.5078558716958312,CC(NC(=O)C(C)(C)Nc1ccc(C(F)(F)F)cn1)C(Cc1ccc(Cl)cc1)c1cccc(C#N)c1
C1CC1CNS(=O)(=O)C2=C(C=C(C=C2)NC3=C(C=C(C=C3)F)F)C(F)(F)F,-2.2392994791268923,O=S(=O)(NCC1CC1)c1ccc(Nc2ccc(F)cc2F)cc1C(F)(F)F
CC(C(C)(C)C)NC(=O)C1=NC(=C2N1C=CN=C2)N3CCC(CC3)(F)F,-1.5563025007672873,CC(NC(=O)c1nc(N2CCC(F)(F)CC2)c2cnccn12)C(C)(C)C
COC1=CC(=CC(=C1)NC2=CC(=C(C=C2)S(=O)(=O)NCC3CCCO3)C(F)(F)F)OC,-2.6556185835412216,COc1cc(Nc2ccc(S(=O)(=O)NCC3CCCO3)c(C(F)(F)F)c2)cc(OC)c1
COC1=NC(=NC(=N1)NCCC2=CC=C(C=C2)F)C3=CC4=C(C=C3)C=CN4,-1.146128035678238,COc1nc(NCCc2ccc(F)cc2)nc(-c2ccc3cc[nH]c3c2)n1
CC1=CN=C(C=C1)OC(C)(C)C(=O)NC(C)C(CC2=CC=C(C=C2)OCCF)C3=CC=CC(=C3)C#N,-1.6434526764861874,Cc1ccc(OC(C)(C)C(=O)NC(C)C(Cc2ccc(OCCF)cc2)c2cccc(C#N)c2)nc1
CC1=C(N(N=C1C2=NN=NN2C3CCCCCC3)C4=C(C=C(C=C4)Cl)Cl)C5=CC=C(C=C5)Cl,-2.912753303671323,Cc1c(-c2nnnn2C2CCCCCC2)nn(-c2ccc(Cl)cc2Cl)c1-c1ccc(Cl)cc1
COC1=NC(=NC(=N1)NCCC2=CC=C(C=C2)OC(F)F)C3=CC(=CC=C3)S(=O)(=O)NC4CC4,-1.3617278360175928,COc1nc(NCCc2ccc(OC(F)F)cc2)nc(-c2cccc(S(=O)(=O)NC3CC3)c2)n1
CC(C(CC1=CC=C(C=C1)Cl)C2=CC=CC=C2)NC(=O)C(C)(C)OC3=CC=CC=N3,-1.944482672150169,CC(NC(=O)C(C)(C)Oc1ccccn1)C(Cc1ccc(Cl)cc1)c1ccccc1
CCCCCN1C=C(C(=O)N2C1=NC(=N2)C3=CC=CC=C3)C(=O)NC4CCCCCC4,-2.1522883443830563,CCCCCn1cc(C(=O)NC2CCCCCC2)c(=O)n2nc(-c3ccccc3)nc12
C1CCC2C(C1)C(CCN2C(=O)C3CC(CCN3)O)(C4=CC=CC=C4)O,-3.337459261290656,O=C(C1CC(O)CCN1)N1CCC(O)(c2ccccc2)C2CCCCC21
CC(C(CC1=CC=C(C=C1)Cl)C2=CC=CC(=C2)C#N)NS(=O)(=O)C3=CC=C(C=C3)Cl,-2.6572471298837157,CC(NS(=O)(=O)c1ccc(Cl)cc1)C(Cc1ccc(Cl)cc1)c1cccc(C#N)c1
CC1(CC(CC(C1)(C)C)N2C(=O)C=C(C=N2)NC)C,-3.3199384399803087,CNc1cnn(C2CC(C)(C)CC(C)(C)C2)c(=O)c1
COC(=O)C1(CC1)NS(=O)(=O)C2=C(C=C(C=C2)NC3=C(C=C(C=C3)Cl)Cl)C(F)(F)F,-3.8064513232472623,COC(=O)C1(NS(=O)(=O)c2ccc(Nc3ccc(Cl)cc3Cl)cc2C(F)(F)F)CC1
CCC1=C(N(N=C1C2=NC3(CCC3)C(=O)N2)C4=C(C=C(C=C4)Cl)Cl)C5=CC=C(C=C5)Cl,-3.502044553877353,CCc1c(C2=NC3(CCC3)C(=O)N2)nn(-c2ccc(Cl)cc2Cl)c1-c1ccc(Cl)cc1
CCC1COC2=CC=CC3=C2N1C=C(C3=O)C(=O)NC4CCCCC4,-1.7923916894982541,CCC1COc2cccc3c(=O)c(C(=O)NC4CCCCC4)cn1c23
CCCNC(=O)C1=C(N=C(C(=C1)C2=CC=C(C=C2)Cl)C3=C(C=C(C=C3)Cl)Cl)OCC4=CC(=C(C=C4)F)F,-2.9111576087399764,CCCNC(=O)c1cc(-c2ccc(Cl)cc2)c(-c2ccc(Cl)cc2Cl)nc1OCc1ccc(F)c(F)c1
CC1=C(C=C(C=C1)C(F)(F)F)C(=O)N=C2C=C(N(N2CC3CC3)C)C(C)(C)C,-1.9444826721501691,Cc1ccc(C(F)(F)F)cc1C(=O)N=c1cc(C(C)(C)C)n(C)n1CC1CC1
CC(C)NC(=O)C1=C(N=C(C(=C1)C2=CC=C(C=C2)Cl)C3=C(C=C(C=C3)Cl)Cl)OC4=CC(=C(C=C4)F)F,-3.2041199826559246,CC(C)NC(=O)c1cc(-c2ccc(Cl)cc2)c(-c2ccc(Cl)cc2Cl)nc1Oc1ccc(F)c(F)c1
CC(C)C1COC2=CC=CC3=C2N1C=C(C3=O)C(=O)NC45CC6CC(C4)CC(C6)C5,-1.0934216851622351,CC(C)C1COc2cccc3c(=O)c(C(=O)NC45CC6CC(CC(C6)C4)C5)cn1c23
COC1=NC(=NC(=N1)NCCC2=CC=C(C=C2)F)C3=CC4=C(C=C3)N=CC=C4,-1.505149978319906,COc1nc(NCCc2ccc(F)cc2)nc(-c2ccc3ncccc3c2)n1
CC(=O)C1=CC=CC(=C1F)C2=NC(=NC(=N2)OC)NCCC3=CC=C(C=C3)F,-1.0,COc1nc(NCCc2ccc(F)cc2)nc(-c2cccc(C(C)=O)c2F)n1
CCCCOC1=CC=C(C2=CC=CC=C21)C(=O)C3=CC=CC4=CC=CC=C43,-1.9294189257142929,CCCCOc1ccc(C(=O)c2cccc3ccccc23)c2ccccc12
CC1=CC=C(C=C1)C2(CC2)C3=NN=C(O3)C4=NN(C(=C4CN5C=NC=N5)C6=CC=C(C=C6)Br)C7=C(C=C(C=C7)Cl)Cl,-2.762678563727436,Cc1ccc(C2(c3nnc(-c4nn(-c5ccc(Cl)cc5Cl)c(-c5ccc(Br)cc5)c4Cn4cncn4)o3)CC2)cc1
C1CCC2C(C1)C(CCN2C(=O)C3=CC(=NN3)C4=CC=CC=C4F)(C5=CC=CC=C5)O,-1.3222192947339193,O=C(c1cc(-c2ccccc2F)n[nH]1)N1CCC(O)(c2ccccc2)C2CCCCC21
CC(C(CC1=CC=C(C=C1)Cl)C2=CC=CC(=C2)C#N)NS(=O)(=O)C3=CC(=CC=C3)Cl,-2.9072500828813284,CC(NS(=O)(=O)c1cccc(Cl)c1)C(Cc1ccc(Cl)cc1)c1cccc(C#N)c1
C1CC1(C2=NN=C(S2)C3=NN(C(=C3CN4C=NC=N4)C5=CC=C(C=C5)Br)C6=CC=CC=C6Cl)C(F)(F)F,-2.093421685162235,FC(F)(F)C1(c2nnc(-c3nn(-c4ccccc4Cl)c(-c4ccc(Br)cc4)c3Cn3cncn3)s2)CC1
CC1=C(N(N=C1C(=O)NN2CCCCCC2)C3=C(C=C(C=C3)Cl)Cl)C4=CC=C(S4)Br,-2.848127510567875,Cc1c(C(=O)NN2CCCCCC2)nn(-c2ccc(Cl)cc2Cl)c1-c1ccc(Br)s1
CC(C)(C1=C(C=CC(=C1)C2=NC(=NC(=N2)OCF)NCCC3=CC=C(C=C3)F)Cl)O,-0.146128035678238,CC(C)(O)c1cc(-c2nc(NCCc3ccc(F)cc3)nc(OCF)n2)ccc1Cl
CCC1=C(NC2=C1C=C(C=C2)Cl)C(=O)OCCC3=CC=C(C=C3)N(C)C,-3.7458551951737284,CCc1c(C(=O)OCCc2ccc(N(C)C)cc2)[nH]c2ccc(Cl)cc12
CC1(CC(C2=C(O1)N=C(C(=C2)C3=CC=C(C=C3)Cl)C4=C(C=C(C=C4)Cl)Cl)C(=O)NC(C)(C)CO)C,-3.711807229041191,CC(C)(CO)NC(=O)C1CC(C)(C)Oc2nc(-c3ccc(Cl)cc3Cl)c(-c3ccc(Cl)cc3)cc21
CCCCCC1=CC=C(S1)C2=C(C(=NN2C3=C(C=C(C=C3)Cl)Cl)C(=O)NN4CC5CCCC5C4)C,-3.5639910225861526,CCCCCc1ccc(-c2c(C)c(C(=O)NN3CC4CCCC4C3)nn2-c2ccc(Cl)cc2Cl)s1
C1CCCC(CC1)NC(=O)C2=CC(=CN(C2=O)CC3=CC=C(C=C3)F)C4=CC=CC=C4,-0.2000292665537703,O=C(NC1CCCCCC1)c1cc(-c2ccccc2)cn(Cc2ccc(F)cc2)c1=O
CC(C(CC1=CC=C(C=C1)Cl)C2=CC=CC(=C2)C#N)NC(=O)C3=CC(=CC(=C3)Cl)Cl,-2.256958152560932,CC(NC(=O)c1cc(Cl)cc(Cl)c1)C(Cc1ccc(Cl)cc1)c1cccc(C#N)c1
C1CCC2C(C1)C(CCN2C(=O)C3=C4C=NNC4=CC=C3)(C5=CC=CC=C5)O,-0.5118833609788744,O=C(c1cccc2[nH]ncc12)N1CCC(O)(c2ccccc2)C2CCCCC21
CC(C)(C)C1=NN=C(O1)C2=NN(C(=C2CO)C3=CC=C(C=C3)Cl)C4=C(C=C(C=C4)Cl)Cl,-3.257678574869185,CC(C)(C)c1nnc(-c2nn(-c3ccc(Cl)cc3Cl)c(-c3ccc(Cl)cc3)c2CO)o1
CC=CC=CC=CCCC=CC=CC(=O)NCC(C)C,-2.8221680793680175,CC=CC=CC=CCCC=CC=CC(=O)NCC(C)C
CC(C)(C)C1=NC2=NC(=C(C=C2C(=N1)N(C)C)C3=CC=C(C=C3)Cl)C4=CC=CC=C4Cl,-3.255272505103306,CN(C)c1nc(C(C)(C)C)nc2nc(-c3ccccc3Cl)c(-c3ccc(Cl)cc3)cc12
C1CCCC2=C(CC1)C=C(C(=O)N2CC3CCCCC3)C(=O)NC4(CCCC4)C(=O)O,-1.146128035678238,O=C(NC1(C(=O)O)CCCC1)c1cc2c(n(CC3CCCCC3)c1=O)CCCCCC2
CCCCCNC1=CC=C(C2=CC=CC=C21)C(=O)C3=CC=CC4=CC=CC=C43,-2.0791812460476247,CCCCCNc1ccc(C(=O)c2cccc3ccccc23)c2ccccc12
CCC1COC2=CC=CC3=C2N1C=C(C3=O)C(=O)NC4=CC=NC=C4,-2.8344207036815323,CCC1COc2cccc3c(=O)c(C(=O)Nc4ccncc4)cn1c23
CC(C)(C)C1=NC2=NC(=C(C=C2C3=NN=CN31)C4=CC=C(C=C4)Cl)C5=CC=CC=C5Cl,-3.531478917042255,CC(C)(C)c1nc2nc(-c3ccccc3Cl)c(-c3ccc(Cl)cc3)cc2c2nncn12
CC1(CC(C2=C(O1)N=C(C(=C2)C3=CC=C(C=C3)Cl)C4=C(C=C(C=C4)Cl)Cl)NC(=O)CC(C(F)(F)F)(C(F)(F)F)O)C,-1.7481880270062005,CC1(C)CC(NC(=O)CC(O)(C(F)(F)F)C(F)(F)F)c2cc(-c3ccc(Cl)cc3)c(-c3ccc(Cl)cc3Cl)nc2O1
CCCNC1=C(C(=O)N(N=C1)C2=C(C=CC(=C2)C)C)Cl,-4.0,CCCNc1cnn(-c2cc(C)ccc2C)c(=O)c1Cl
C1CCC2(CC1)CC(=O)C3=C(O2)N=C(C(=C3)C4=CC=C(C=C4)Cl)C5=CC=CC=C5Cl,-3.9190780923760737,O=C1CC2(CCCCC2)Oc2nc(-c3ccccc3Cl)c(-c3ccc(Cl)cc3)cc21
COCCN(CCOC)S(=O)(=O)C1=C(C=C(C=C1)NC2=CC(=CC(=C2)OC)OC)C(F)(F)F,-3.6020599913279625,COCCN(CCOC)S(=O)(=O)c1ccc(Nc2cc(OC)cc(OC)c2)cc1C(F)(F)F
CCC1=C(C2=CC=CC=C2S1)C(=O)C3=CC=C(C=C3)OC,-3.8195439355418688,CCc1sc2ccccc2c1C(=O)c1ccc(OC)cc1
CCCCCOC1=C(C=CC2=C1NC(=O)C(=C2)C(=O)NCCC3=CC=C(C=C3)O)OC,-1.0,CCCCCOc1c(OC)ccc2cc(C(=O)NCCc3ccc(O)cc3)c(=O)[nH]c12
C1=CC(=CC=C1C2=C(N=C(C(=C2)C#N)OC3=CC(=CC(=C3)Cl)Cl)C4=C(C=C(C=C4)Cl)Cl)Cl,-3.7481880270062,N#Cc1cc(-c2ccc(Cl)cc2)c(-c2ccc(Cl)cc2Cl)nc1Oc1cc(Cl)cc(Cl)c1
CC(C)(C)C(=O)NC1=NC(=C(C=C1C#N)C2=CC=C(C=C2)Cl)C3=C(C=C(C=C3)Cl)Cl,-3.230448921378274,CC(C)(C)C(=O)Nc1nc(-c2ccc(Cl)cc2Cl)c(-c2ccc(Cl)cc2)cc1C#N
CC1=CC(=NN1)NC(C)(C)C(=O)NC(C)C(CC2=CC=C(C=C2)Cl)C3=CC=CC(=C3)C#N,-3.78625439578978,Cc1cc(NC(C)(C)C(=O)NC(C)C(Cc2ccc(Cl)cc2)c2cccc(C#N)c2)n[nH]1
