,UniProt ID,InChI Key,canonical_smiles,Isomeric_smiles,Parameter,Value,Unit,Database Source,Database Target ID,Database Ligand ID,Reference
0,P35462,SHXWCVYOXRDMCX-UHFFFAOYSA-N,CC(CC1=CC2=C(C=C1)OCO2)NC,CC(CC1=CC2=C(C=C1)OCO2)NC,Ki,>10000,nM,BindingDB,,50010588,12761331
1,P35462,SDRGVAOUBSYRSJ-UHFFFAOYSA-N,CN1CCCC2=C(CC3=CC=CC=C3C1)C=CC(=C2)OC,CN1CCCC2=C(CC3=CC=CC=C3C1)C=CC(=C2)OC,Ki,>10000,nM,BindingDB,,50304402,19744859
2,P35462,CYPJQZCDRFFIJS-UHFFFAOYSA-N,CN1CCCC2=C(CC3=CC=CC=C3C1)C=CC(=C2)O,CN1CCCC2=C(CC3=CC=CC=C3C1)C=CC(=C2)O,Ki,>10000,nM,ChEMBL,CHEMBL234,CHEMBL596179,19744859
3,P35462,GUOJBWOHCJIFQW-UHFFFAOYSA-N,CC1=CN=C(C=C1)CNCC2(CCN(CC2)C(=O)C3=COC4=CC=CC=C43)F,CC1=CN=C(C=C1)CNCC2(CCN(CC2)C(=O)C3=COC4=CC=CC=C43)F,Ki,12000,nM,ChEMBL,CHEMBL234,CHEMBL1258999,20860381
4,P35462,YZKGQHRABFMYLD-UHFFFAOYSA-N,CC1=C2CCCC3=C(C2=C(S1)C)NN=C3,CC1=C2CCCC3=C(C2=C(S1)C)NN=C3,Ki,>10000,nM,BindingDB,,50135710,14611858
5,P35462,OCIBSJABYJIGGA-UHFFFAOYSA-N,COC1=C(C=C(C=C1)S(=O)(=O)NC2=C(C=CC(=C2)Br)Br)N3CCNCC3,COC1=C(C=C(C=C1)S(=O)(=O)NC2=C(C=CC(=C2)Br)Br)N3CCNCC3,Ki,>5011.87,nM,ChEMBL,CHEMBL234,CHEMBL154274,11140733
6,P35462,PGKMOUOGPCFQTK-QGZVFWFLSA-N,CCCN1CCC2=C3C1CC4=C(C3=CC(=C2)OC)C(=CC=C4)O,CCCN1CCC2=C3[C@H]1CC4=C(C3=CC(=C2)OC)C(=CC=C4)O,Ki,>10000,nM,BindingDB,,50336856,21666830
7,P35462,PSGJGQIYXBOEED-UHFFFAOYSA-N,C1CN(CCN1CC2=CC3=C(N2)C=CC(=C3)C#N)C4=CC(=C(C=C4)Cl)Cl,C1CN(CCN1CC2=CC3=C(N2)C=CC(=C3)C#N)C4=CC(=C(C=C4)Cl)Cl,Ki,20000,nM,BindingDB,,50094504,11087581
8,P35462,BHPFUCZWSRDHAY-UHFFFAOYSA-N,CC1=CC=C(C=C1)C2CCN(CC2)CC3=CC4=C(C=C3)OCC(=O)N4,CC1=CC=C(C=C1)C2CCN(CC2)CC3=CC4=C(C=C3)OCC(=O)N4,Ki,>3030,nM,ChEMBL,CHEMBL234,CHEMBL346398,10602703
9,P35462,MKDLAVWJHBTGFQ-UHFFFAOYSA-N,C1CN(CCN1CC2=CC=CC=C2)C3=CC=C(C=C3)O,C1CN(CCN1CC2=CC=CC=C2)C3=CC=C(C=C3)O,Ki,>400,nM,BindingDB,,50069910,9871673
10,P35462,OGJGQVFWEPNYSB-UHFFFAOYSA-N,C1CN(CCN1CC2=CNC3=C2C=CC=N3)C4=CC=C(C=C4)Cl,C1CN(CCN1CC2=CNC3=C2C=CC=N3)C4=CC=C(C=C4)Cl,Ki,>3030,nM,ChEMBL,CHEMBL234,CHEMBL267014,9873377
11,P35462,QFNMPNWOYBWECY-UHFFFAOYSA-N,C1C2=C(C=CC(=C2)Cl)NC(=N1)N.Cl,C1C2=C(C=CC(=C2)Cl)NC(=N1)N.Cl,Ki,>10000,nM,ChEMBL,CHEMBL234,CHEMBL2436555,24035337
12,P35462,WQPRXYGVHKQNOH-OAHLLOKOSA-N,CC1CC2=C(CC3=CC=CC=C3CCN1C)NC4=CC=CC=C24,C[C@@H]1CC2=C(CC3=CC=CC=C3CCN1C)NC4=CC=CC=C24,Ki,>10000,nM,ChEMBL,CHEMBL234,CHEMBL1949726,21888437
13,P35462,FBDANPRMCCLYRK-UHFFFAOYSA-N,CN1CCN(CC1)C2=C(C=CC(=C2)NC(=O)N3CCN(CC3)C4=CC=CC=C4OC)OC,CN1CCN(CC1)C2=C(C=CC(=C2)NC(=O)N3CCN(CC3)C4=CC=CC=C4OC)OC,Ki,>10000,nM,BindingDB,,50173098,16143528
14,P35462,CIGXEMMADCNHCG-UHFFFAOYSA-N,CN1CCC2=CC(=C(C=C2C(C1)C3=CC=CC=C3)O)NCC4=CC=CC=C4,CN1CCC2=CC(=C(C=C2C(C1)C3=CC=CC=C3)O)NCC4=CC=CC=C4,Ki,>1000,nM,BindingDB,,50100388,25076379
15,P35462,RVLMLEAKRSXVHD-UHFFFAOYSA-N,CCCN(CCC)C1CCN2C(=C(C=N2)CO)C1,CCCN(CCC)C1CCN2C(=C(C=N2)CO)C1,Ki,>4000,nM,ChEMBL,CHEMBL234,CHEMBL198125,16134944
16,P35462,UIWSYEZPNUYTKA-ZEQRLZLVSA-N,COC1=CC=C(C=C1)C(=O)C2CCN(CC2)C3CCN(CC3O)CC4=CC=C(C=C4)F,COC1=CC=C(C=C1)C(=O)C2CCN(CC2)[C@H]3CCN(C[C@@H]3O)CC4=CC=C(C=C4)F,Ki,>15000,nM,BindingDB,,50351968,21732626
17,P35462,LRMOFTBQAXTJNG-UHFFFAOYSA-N,C1CN(CCN1CCCCN=C2COC3=CC=CC=C3N2)C4=NC=CC=N4,C1CN(CCN1CCCCN=C2COC3=CC=CC=C3N2)C4=NC=CC=N4,Ki,>7900,nM,BindingDB,,50290201,
18,P35462,QQSOUFSETSWOJX-UHFFFAOYSA-N,CN1CCCC2=CC=CC=C2CC3=C(CC1)C=CC(=C3)OC,CN1CCCC2=CC=CC=C2CC3=C(CC1)C=CC(=C3)OC,Ki,23903,nM,ChEMBL,CHEMBL234,CHEMBL231374,17676831
19,P35462,OBGKLELCXBROAY-UHFFFAOYSA-N,CN1C2=CC=CC=C2N=C1CN3CCN(CC3)C4=NC=C(C=C4)C(F)(F)F,CN1C2=CC=CC=C2N=C1CN3CCN(CC3)C4=NC=C(C=C4)C(F)(F)F,Ki,>10000,nM,BindingDB,,50415271,20005096
20,P35462,XJCFFIUVQKFBHI-UHFFFAOYSA-N,C1CN(CCN1CC2=CC3=C(C=C2)OCC(=O)N3)C4=CC=C(C=C4)Cl,C1CN(CCN1CC2=CC3=C(C=C2)OCC(=O)N3)C4=CC=C(C=C4)Cl,Ki,>3030,nM,ChEMBL,CHEMBL234,CHEMBL147011,10602703
21,P35462,LNPVICSOCJDSPK-KRWDZBQOSA-N,CC1=CC=CC(=C1)C2CN(CCC3=C(C=C(C=C23)O)Cl)C,CC1=CC=CC(=C1)[C@@H]2CN(CCC3=C(C=C(C=C23)O)Cl)C,Ki,>10000,nM,BindingDB,,86279,12921854
22,P35462,AWGCWPDDAIECKI-ZIAGYGMSSA-N,CC1CN(CC(N1)C)CCCN2C3=C(C=C(C=C3)Br)C4=CC(=CC(=C42)Br)Br,C[C@@H]1CN(C[C@H](N1)C)CCCN2C3=C(C=C(C=C3)Br)C4=CC(=CC(=C42)Br)Br,Ki,>8000,nM,ChEMBL,CHEMBL234,CHEMBL314726,11543687
23,P35462,HTWFXPCUFWKXOP-UHFFFAOYSA-N,CC(C)(C)NCC(COC1=CC=CC2=C1SCCC2)O,CC(C)(C)NCC(COC1=CC=CC2=C1SCCC2)O,Ki,>10000,nM,PDSP,,,9067310
24,P35462,QYKWQRAFIZLFAO-UHFFFAOYSA-N,C1CC2CC(CC1N2CC(=O)C3=CC=C(C=C3)F)(C4=CC=C(C=C4)Cl)O,C1CC2CC(CC1N2CC(=O)C3=CC=C(C=C3)F)(C4=CC=C(C=C4)Cl)O,Ki,>10000,nM,ChEMBL,CHEMBL234,CHEMBL456429,19155177
25,P35462,HZVQDNHDCAXRJP-UHFFFAOYSA-N,CCOC(=O)C1=C2C(=CC=CN2N=C1)CN3CCN(CC3)C4=CC=C(C=C4)Cl,CCOC(=O)C1=C2C(=CC=CN2N=C1)CN3CCN(CC3)C4=CC=C(C=C4)Cl,Ki,12000,nM,ChEMBL,CHEMBL234,CHEMBL91362,11495580
26,P35462,HXHXEJHGUJSCBJ-UHFFFAOYSA-N,C1CN(CCC1C2=CC(=NN2)C3=CC=NC=C3)CCC4=CC=CC=C4,C1CN(CCC1C2=CC(=NN2)C3=CC=NC=C3)CCC4=CC=CC=C4,Ki,>4000,nM,BindingDB,,50059234,9240352
28,P35462,MUALJDCOWOWPTA-UHFFFAOYSA-N,CC1(C(=O)C2=C(C=C(C=C2NC1=O)Cl)Cl)C3=CC(=CC=C3)O,CC1(C(=O)C2=C(C=C(C=C2NC1=O)Cl)Cl)C3=CC(=CC=C3)O,Ki,>10000,nM,BindingDB,,50228648,18053713
29,P35462,OCMQSLHFQZYSMB-UHFFFAOYSA-N,COC1=CC=C(C=C1)C2CCN(CC2)CC3=CC4=C(C=C3)OCC(=O)N4,COC1=CC=C(C=C1)C2CCN(CC2)CC3=CC4=C(C=C3)OCC(=O)N4,Ki,>3030,nM,BindingDB,,50083339,10602703
30,P35462,JUDKOGFHZYMDMF-UHFFFAOYSA-N,C1CNCC(C2=CC(=C(C=C21)O)O)C3=CC=CC=C3,C1CNCC(C2=CC(=C(C=C21)O)O)C3=CC=CC=C3,Ki,>10000,nM,BindingDB,,50004923,12921854
31,P35462,ICQQTHRTTLKFKA-UHFFFAOYSA-N,C1CCC(CC1)C(=O)NCCCCN2CCN3C(C2)C4=CC=CC=C4CC5=CC=CC=C53,C1CCC(CC1)C(=O)NCCCCN2CCN3C(C2)C4=CC=CC=C4CC5=CC=CC=C53,Ki,>1000,nM,ChEMBL,CHEMBL234,CHEMBL239067,17826096
32,P35462,IZRPKIZLIFYYKR-UHFFFAOYSA-N,CN(C)CCOC1=CC=CC=C1CC2=CC=CC=C2,CN(C)CCOC1=CC=CC=C1CC2=CC=CC=C2,Ki,>10000,nM,BindingDB,,50151046,15293986
33,P35462,RTYGYVMXTLAVMS-UHFFFAOYSA-N,CC1=CC2=NC(=C(N2C(=N1)C)CN3CCN(CC3)C4=CC=C(C=C4)F)C,CC1=CC2=NC(=C(N2C(=N1)C)CN3CCN(CC3)C4=CC=C(C=C4)F)C,Ki,22000,nM,ChEMBL,CHEMBL234,CHEMBL549638,19481941
34,P35462,PDNJLMZEGXHSCU-VKHMYHEASA-N,C(CS(=O)O)C(C(=O)O)N,C(CS(=O)O)[C@@H](C(=O)O)N,Ki,>10000,nM,BindingDB,,86201,12649361
35,P35462,ZFUOLNAKPBFDIJ-VQBNBCTGSA-N,COC1=CC=CC=C1CNCCC2=CC(=C(C=C2OC)I)OC,[3H]C([3H])([3H])OC1=CC=CC=C1CNCCC2=CC(=C(C=C2OC([3H])([3H])[3H])I)OC,Ki,>500,nM,ChEMBL,CHEMBL234,CHEMBL482496,18468904
36,P35462,OBHCEADEAPCRBN-UHFFFAOYSA-N,CC1=C(C=C(C=C1)C2CCN(CC2)CCC3C4=CC=CC=C4C(=O)N3)C,CC1=C(C=C(C=C1)C2CCN(CC2)CCC3C4=CC=CC=C4C(=O)N3)C,Ki,>3000,nM,ChEMBL,CHEMBL234,CHEMBL37604,9873377
37,P35462,SDBPIIJMVSRHDO-UHFFFAOYSA-N,C1CN(CCN1CCCCN=C2COC3=CC=CC=C3N2)C4=CC=CC=C4,C1CN(CCN1CCCCN=C2COC3=CC=CC=C3N2)C4=CC=CC=C4,Ki,>4000,nM,BindingDB,,50290202,
38,P35462,CQTGVKLTMSDNTL-AATRIKPKSA-N,C1COCCN1CCCOC2=CC=C(C=C2)C3=NC4=CC=CC=C4N3CC=CCN5C6=CC=CC=C6N=C5C7=CC=C(C=C7)OCCCN8CCOCC8,C1COCCN1CCCOC2=CC=C(C=C2)C3=NC4=CC=CC=C4N3C/C=C/CN5C6=CC=CC=C6N=C5C7=CC=C(C=C7)OCCCN8CCOCC8,Ki,>2040,nM,BindingDB,,50285658,
39,P35462,YSOFLAUQLXWHBW-UHFFFAOYSA-N,CC(=O)C1=CC=C(C=C1)C2=NN=C(N2C)SCCCN3CCOC(C3)C4=CC=C(C=C4)C(F)(F)F,CC(=O)C1=CC=C(C=C1)C2=NN=C(N2C)SCCCN3CCOC(C3)C4=CC=C(C=C4)C(F)(F)F,Ki,>10000,nM,ChEMBL,CHEMBL234,CHEMBL3765267,26786693
40,P35462,AEHHITPXKWKWPS-WLHGVMLRSA-N,COC1=CC=CC=C1N2CCN(CC2)CCCN=C3COC4=CC=CC=C4N3.C(=CC(=O)O)C(=O)O,COC1=CC=CC=C1N2CCN(CC2)CCCN=C3COC4=CC=CC=C4N3.C(=C/C(=O)O)\C(=O)O,Ki,>1000,nM,ChEMBL,CHEMBL234,CHEMBL80711,"Bioorg. Med. Chem. Lett., (1997) 7:18:2399"
41,P35462,GKIMLDRVPMXRGW-UHFFFAOYSA-N,C1CN(CCC1N(CC2=CC=CC=C2)C3=CC=CC=C3)CCCCN4C(=O)C5=CC=CC=C5C4=O,C1CN(CCC1N(CC2=CC=CC=C2)C3=CC=CC=C3)CCCCN4C(=O)C5=CC=CC=C5C4=O,Ki,>1000,nM,ChEMBL,CHEMBL234,CHEMBL239708,17826096
42,P35462,XPFXYWKICZQNES-MRXNPFEDSA-N,CCN1CCC2=C3C1CC4=C(C3=CC(=C2)OCCF)C(=C(C=C4)O)O,CCN1CCC2=C3[C@H]1CC4=C(C3=CC(=C2)OCCF)C(=C(C=C4)O)O,Ki,>10000,nM,BindingDB,,50336855,21666830
43,P35462,RSLYNHHGHMPLKL-OYTPZHDJSA-N,C1CCN(C1)C2C(C3C2C(N(C3)CC4=CC=CC=C4)C5=CC=CC=C5)CO,C1CCN(C1)[C@@H]2[C@H]([C@@H]3[C@H]2[C@H](N(C3)CC4=CC=CC=C4)C5=CC=CC=C5)CO,Ki,11000,nM,ChEMBL,CHEMBL234,CHEMBL2062850,22846798
44,P35462,CBQGYUDMJHNJBX-OALUTQOASA-N,CCOC1=CC=CC=C1OC(C2CNCCO2)C3=CC=CC=C3,CCOC1=CC=CC=C1O[C@H]([C@@H]2CNCCO2)C3=CC=CC=C3,Ki,>10000,nM,BindingDB,,35226,11454918
45,P35462,YMTINGFKWWXKFG-UHFFFAOYSA-N,CC(C)OC(=O)C(C)(C)OC1=CC=C(C=C1)C(=O)C2=CC=C(C=C2)Cl,CC(C)OC(=O)C(C)(C)OC1=CC=C(C=C1)C(=O)C2=CC=C(C=C2)Cl,Ki,46709,nM,ChEMBL,CHEMBL234,CHEMBL672,DrugMatrix in vitro pharmacology data
46,P35462,HNQJFNMZAOAKHB-UHFFFAOYSA-N,COC1=CC2=C(C=C1)ON=C2N3CCN(CC3)CCCCNC(=O)C4=CC5=CC=CC=C5OC4=O,COC1=CC2=C(C=C1)ON=C2N3CCN(CC3)CCCCNC(=O)C4=CC5=CC=CC=C5OC4=O,Ki,>2700,nM,BindingDB,,50180295,16392820
47,P35462,YXLLQNMKIDBOGH-MUUNZHRXSA-N,CN1C2=C(C=CC(=C2)C(=O)NCCC3=CC=CS3)S(=O)C4=CC=CC=C4C1=O,CN1C2=C(C=CC(=C2)C(=O)NCCC3=CC=CS3)[S@](=O)C4=CC=CC=C4C1=O,Ki,>50000,nM,ChEMBL,CHEMBL234,CHEMBL3234545,24666157
48,P35462,CRCNNTYVVVULMG-UHFFFAOYSA-N,CC1=NC(=NO1)C2=CC=C(C=C2)C3=NN=C(N3C)SCCCN4CCOC(C4)C5=CC=C(C=C5)C(F)(F)F,CC1=NC(=NO1)C2=CC=C(C=C2)C3=NN=C(N3C)SCCCN4CCOC(C4)C5=CC=C(C=C5)C(F)(F)F,Ki,>10000,nM,ChEMBL,CHEMBL234,CHEMBL3765266,26786693
49,P35462,DZKYLEMMURXALW-UHFFFAOYSA-N,CN1CCN(CC1)C2=C(C=CC(=C2)NC(=O)N3CCN(CC3)C4=CC=C(C=C4)C(F)(F)F)OC,CN1CCN(CC1)C2=C(C=CC(=C2)NC(=O)N3CCN(CC3)C4=CC=C(C=C4)C(F)(F)F)OC,Ki,>10000,nM,BindingDB,,50173097,16143528
50,P35462,NFJLPYMTHHPACY-UHFFFAOYSA-N,COC1=CC2=C(C=C1)OC(=N2)N3CCN(CC3)CCCCNC(=O)C4=CC5=C(O4)C(=CC=C5)OC,COC1=CC2=C(C=C1)OC(=N2)N3CCN(CC3)CCCCNC(=O)C4=CC5=C(O4)C(=CC=C5)OC,Ki,>8500,nM,ChEMBL,CHEMBL234,CHEMBL202762,16392820
51,P35462,TWUZJTIHFYRNSV-UHFFFAOYSA-N,C1CC2CCC1N2CC34C5C6C3C7C6C5C47,C1CC2CCC1N2CC34C5C6C3C7C6C5C47,Ki,>10000,nM,BindingDB,,50384286,22607684
52,P35462,WIXVSIWFYYDDMJ-OAHLLOKOSA-N,C#CCN1CCCC(C1)C2=CC=CC(=C2)C#N,C#CCN1CCC[C@H](C1)C2=CC=CC(=C2)C#N,Ki,>1362,nM,ChEMBL,CHEMBL234,CHEMBL91228,8064801
53,P35462,MSJYXZAZPCPYHS-UHFFFAOYSA-N,C1=CC=C(C=C1)CNCCOC2=CC(=C(C=C2)Cl)N,C1=CC=C(C=C1)CNCCOC2=CC(=C(C=C2)Cl)N,Ki,>1000,nM,BindingDB,,50069920,9871673
54,P35462,ILTMQKYWOPLCSC-UHFFFAOYSA-N,COC1=C(C=C(C=C1)S(=O)(=O)NC2=CC(=CC(=C2Cl)Cl)Cl)N3CCNCC3,COC1=C(C=C(C=C1)S(=O)(=O)NC2=CC(=CC(=C2Cl)Cl)Cl)N3CCNCC3,Ki,>3981.07,nM,ChEMBL,CHEMBL234,CHEMBL157910,11140733
55,P35462,ZDOBRSDAKYWSHM-UHFFFAOYSA-N,CN1C2=CC=CC=C2N=C1CN3CCC(CC3)C4=NC5=CC=CC=C5S4,CN1C2=CC=CC=C2N=C1CN3CCC(CC3)C4=NC5=CC=CC=C5S4,Ki,>10000,nM,BindingDB,,50415284,20005096
56,P35462,ATQMRMGXINTJHV-UHFFFAOYSA-N,CC1=C(C=CC(=C1)C2=NOC(=N2)C)C3=CC=C(C=C3)C(=O)N4CCC5=C4C=C6C(=C5)OCC67CCN(CC7)C,CC1=C(C=CC(=C1)C2=NOC(=N2)C)C3=CC=C(C=C3)C(=O)N4CCC5=C4C=C6C(=C5)OCC67CCN(CC7)C,Ki,>1000,nM,ChEMBL,CHEMBL234,CHEMBL281350,9548813
57,P35462,ASXGJMSKWNBENU-UHFFFAOYSA-N,CCCN(CCC)C1CCC2=C(C1)C(=CC=C2)O,CCCN(CCC)C1CCC2=C(C1)C(=CC=C2)O,Ki,14600,nM,ChEMBL,CHEMBL234,CHEMBL56,9083484
58,P35462,GFJQMJYOLGYPBB-UHFFFAOYSA-N,CCCN(CCC)C1CCN2C(=C(C=N2)C=O)C1,CCCN(CCC)C1CCN2C(=C(C=N2)C=O)C1,Ki,12000,nM,ChEMBL,CHEMBL234,CHEMBL198174,16134944
59,P35462,JVQBISWUXRKBAJ-QGZVFWFLSA-N,C1COC(CN1CC2=NC3=CC=CC=C3N2)CCC4=CC=CC=C4,C1CO[C@@H](CN1CC2=NC3=CC=CC=C3N2)CCC4=CC=CC=C4,Ki,15700,nM,BindingDB,,50027074,25221667
60,P35462,UPRFZLANTXURKF-UHFFFAOYSA-N,C1CN(CCC1N2C=CC=C2)CC3=CC=CC=C3,C1CN(CCC1N2C=CC=C2)CC3=CC=CC=C3,Ki,15000,nM,ChEMBL,CHEMBL234,CHEMBL326877,10560741
61,P35462,IXXZGBOSQDVMTC-UHFFFAOYSA-N,CN1C2=CC=CC=C2N=C1CN3CCN(CC3)C4=NC=C(C=N4)Cl,CN1C2=CC=CC=C2N=C1CN3CCN(CC3)C4=NC=C(C=N4)Cl,Ki,>10000,nM,BindingDB,,50415292,20005096
62,P35462,WKDIBUGWHRYVFS-UHFFFAOYSA-N,C1CN2CCC3=C(C2C4=CC=CC=C41)C=CC(=C3)O,C1CN2CCC3=C(C2C4=CC=CC=C41)C=CC(=C3)O,Ki,>10000,nM,BindingDB,,50304395,19744859
63,P35462,AYASVQUVBANNHG-UHFFFAOYSA-N,COC1=CC=C(C=C1)NCCN2CCN(CC2)CC3=CC4=CC=CC=C4N3,COC1=CC=C(C=C1)NCCN2CCN(CC2)CC3=CC4=CC=CC=C4N3,Ki,18000,nM,BindingDB,,50121342,26288260
64,P35462,KUSCFKVIWPJIJJ-UHFFFAOYSA-N,C1CN(CCN1CC2=CN=C(N2)C3=CC=CC=C3)C4=CC=NC=C4,C1CN(CCN1CC2=CN=C(N2)C3=CC=CC=C3)C4=CC=NC=C4,Ki,>8000,nM,ChEMBL,CHEMBL234,CHEMBL317250,9016321
65,P35462,KFUNLUIORXHBPH-SFHVURJKSA-N,CC1CN(CCN1C(=O)C2=CC3=C(C=C2)C=CN3)C(=O)C4=CC=C(C=C4)C5=CC=C(C=C5)F,C[C@H]1CN(CCN1C(=O)C2=CC3=C(C=C2)C=CN3)C(=O)C4=CC=C(C=C4)C5=CC=C(C=C5)F,Ki,>10000,nM,ChEMBL,CHEMBL234,CHEMBL1080926,20137933
66,P35462,ZPMNHBXQOOVQJL-UHFFFAOYSA-N,COCCCN1CCC(CC1)NC(=O)C2=CC(=C(C3=C2OCC3)N)Cl,COCCCN1CCC(CC1)NC(=O)C2=CC(=C(C3=C2OCC3)N)Cl,Ki,>10000,nM,PDSP,,,11438309
67,P35462,JVQBISWUXRKBAJ-UHFFFAOYSA-N,C1COC(CN1CC2=NC3=CC=CC=C3N2)CCC4=CC=CC=C4,C1COC(CN1CC2=NC3=CC=CC=C3N2)CCC4=CC=CC=C4,Ki,10800,nM,ChEMBL,CHEMBL234,CHEMBL3335535,25221667
68,P35462,URTVYWFJOMFNOW-UHFFFAOYSA-N,C1CN(CCN1CCCN=C2COC3=CC=CC=C3N2)C4=CC=CC=N4,C1CN(CCN1CCCN=C2COC3=CC=CC=C3N2)C4=CC=CC=N4,Ki,>7900,nM,BindingDB,,50290205,
69,P35462,RTOJYNJWSUUREU-UHFFFAOYSA-N,CC1=C(SC(=N1)N2CCN(CC2)CCC3C4=CC=CC=C4C(=O)N3)C,CC1=C(SC(=N1)N2CCN(CC2)CCC3C4=CC=CC=C4C(=O)N3)C,Ki,>3000,nM,ChEMBL,CHEMBL234,CHEMBL38349,9873377
70,P35462,YVWOLSSJSAUBFF-UHFFFAOYSA-N,C1CN(CCN1CNC(=O)C2=CC=CC=C2)C3=CC=CC=C3C#N,C1CN(CCN1CNC(=O)C2=CC=CC=C2)C3=CC=CC=C3C#N,Ki,>3000,nM,ChEMBL,CHEMBL234,CHEMBL423659,9191952
72,P35462,JATYIIXSEHMITM-UHFFFAOYSA-N,COC1=CC2=C(C=C1)C3C4=CC=CC=C4CN3CCC2,COC1=CC2=C(C=C1)C3C4=CC=CC=C4CN3CCC2,Ki,>10000,nM,ChEMBL,CHEMBL234,CHEMBL594557,19744859
73,P35462,BGNLEFFBMRBOQF-UHFFFAOYSA-N,COC1=CC=CC2=C1OC(=C2)C(=O)NCCCCN3CCN(CC3)C4=NC5=CC=CC=C5N4,COC1=CC=CC2=C1OC(=C2)C(=O)NCCCCN3CCN(CC3)C4=NC5=CC=CC=C5N4,Ki,>8500,nM,ChEMBL,CHEMBL234,CHEMBL200243,16392820
74,P35462,STIRDGXSGQTCAJ-UHFFFAOYSA-N,C1CN(CCN1CC2=C3C=CC=C(N3N=C2)C#N)C4=CC=C(C=C4)Cl,C1CN(CCN1CC2=C3C=CC=C(N3N=C2)C#N)C4=CC=C(C=C4)Cl,Ki,26000,nM,BindingDB,,50109943,11844688
75,P35462,DTRXURJDKOYCCD-UHFFFAOYSA-N,C1CN(CCN1CC2=NN3C=CC=CC3=C2)C4=CC=C(C=C4)Cl,C1CN(CCN1CC2=NN3C=CC=CC3=C2)C4=CC=C(C=C4)Cl,Ki,12000,nM,ChEMBL,CHEMBL234,CHEMBL310843,19606869
77,P35462,NUVPQYAINAPNNB-UHFFFAOYSA-N,CN1CCC2=CC=CC=C2CC3=C(CC1C(=O)O)C4=CC=CC=C4N3,CN1CCC2=CC=CC=C2CC3=C(CC1C(=O)O)C4=CC=CC=C4N3,Ki,>10000,nM,BindingDB,,50363965,21888437
79,P35462,IHKSAHBRVXUIPJ-UHFFFAOYSA-N,CN1C(=NN=C1SCCCN2CCOC(C2)C3=CC=C(C=C3)C(F)(F)F)C4=CC=C(C=C4)N5C=NN=C5,CN1C(=NN=C1SCCCN2CCOC(C2)C3=CC=C(C=C3)C(F)(F)F)C4=CC=C(C=C4)N5C=NN=C5,Ki,>10000,nM,ChEMBL,CHEMBL234,CHEMBL3765072,26786693
80,P35462,RONZAEMNMFQXRA-UHFFFAOYSA-N,CN1CCN2C(C1)C3=CC=CC=C3CC4=C2N=CC=C4,CN1CCN2C(C1)C3=CC=CC=C3CC4=C2N=CC=C4,Ki,>20,nM,ChEMBL,CHEMBL234,CHEMBL654,12109911
83,P35462,HXKCWCQCZGIUKL-HZPDHXFCSA-N,CCCN1CCOC2C1CCC3=C2C=C(C=C3)C(=O)OC,CCCN1CCO[C@H]2[C@H]1CCC3=C2C=C(C=C3)C(=O)OC,Ki,>10000,nM,ChEMBL,CHEMBL234,CHEMBL485353,19324548
84,P35462,QHTTYYWWULUJBN-UHFFFAOYSA-N,C1CN(CCN1CC2=CC3=C(N2)C=C(C=C3)C#N)C4=CC(=C(C=C4)Cl)Cl,C1CN(CCN1CC2=CC3=C(N2)C=C(C=C3)C#N)C4=CC(=C(C=C4)Cl)Cl,Ki,33000,nM,ChEMBL,CHEMBL234,CHEMBL344602,11087581
85,P35462,DKXYPAWNMBQJBN-SFHVURJKSA-N,C1CN(CCN1CC2CC(=O)NC(=N2)C3=CC=CC=C3)C4=CC=CC=C4,C1CN(CCN1C[C@@H]2CC(=O)NC(=N2)C3=CC=CC=C3)C4=CC=CC=C4,Ki,20000,nM,ChEMBL,CHEMBL234,CHEMBL168541,12617906
86,P35462,RANRSXNHVJZBGA-NDEPHWFRSA-N,CN1C2=C(C=CC(=C2)C(=O)NCC3=CN=CC=C3)S(=O)C4=CC=CC=C4C1=O,CN1C2=C(C=CC(=C2)C(=O)NCC3=CN=CC=C3)[S@@](=O)C4=CC=CC=C4C1=O,Ki,21000,nM,ChEMBL,CHEMBL234,CHEMBL3234542,24666157
87,P35462,SNOYXNAOKVYMSM-UHFFFAOYSA-N,CN1C(=NN=C1SCCCN2CCOC(C2)C3=CC=C(C=C3)C(F)(F)F)C4CCCCC4,CN1C(=NN=C1SCCCN2CCOC(C2)C3=CC=C(C=C3)C(F)(F)F)C4CCCCC4,Ki,>10000,nM,ChEMBL,CHEMBL234,CHEMBL3764245,26786693
88,P35462,LXQQHMVSKDDSKV-QFBILLFUSA-N,CNC1C(C2=C1C=CC3=C2C=CN3S(=O)(=O)C4=CC=CC=C4)CCO,CN[C@H]1[C@H](C2=C1C=CC3=C2C=CN3S(=O)(=O)C4=CC=CC=C4)CCO,Ki,>10000,nM,ChEMBL,CHEMBL234,CHEMBL3908917,28029458
89,P35462,CRJSRJODHRMHOZ-UHFFFAOYSA-N,CN1CCC2=CC(=C(C=C2C(C1)C3=CC=CC=C3)N)O,CN1CCC2=CC(=C(C=C2C(C1)C3=CC=CC=C3)N)O,Ki,>1000,nM,BindingDB,,50100387,25076379
90,P35462,CJLMHMFDXCFFRR-PLQXJYEYSA-N,CC1CN(CC(N1CCCC2=CC=CC=C2)C)CCCN3C4=CC=CC=C4C5=CC=CC=C53,C[C@@H]1CN(C[C@@H](N1CCCC2=CC=CC=C2)C)CCCN3C4=CC=CC=C4C5=CC=CC=C53,Ki,>4000,nM,BindingDB,,50104128,11543687
91,P35462,JADOYZZQMNOBML-UHFFFAOYSA-N,C1=CC=C(C=C1)CNCCOC2=CC=C(C=C2)O,C1=CC=C(C=C1)CNCCOC2=CC=C(C=C2)O,Ki,>5000,nM,ChEMBL,CHEMBL234,CHEMBL100461,9871673
92,P35462,IIKPRPQRMUVZMA-UHFFFAOYSA-N,CN1CCC2=CC=CC=C2CC3=CNC4=CC=CC(=C34)C1,CN1CCC2=CC=CC=C2CC3=CNC4=CC=CC(=C34)C1,Ki,>10000,nM,ChEMBL,CHEMBL234,CHEMBL1088073,20180564
93,P35462,VFHXPWOCQCSEPK-UHFFFAOYSA-N,CN1C2=CC=CC=C2N=C1CN3CCC(CC3)C4=CC(=CC=C4)C(F)(F)F,CN1C2=CC=CC=C2N=C1CN3CCC(CC3)C4=CC(=CC=C4)C(F)(F)F,Ki,>10000,nM,BindingDB,,50415282,20005096
96,P35462,SXNYQFGWYSVRLE-UHFFFAOYSA-N,CN1CCC2=C(CCC3=CC=CC=C3C1)C=CC(=C2)OC,CN1CCC2=C(CCC3=CC=CC=C3C1)C=CC(=C2)OC,Ki,>10000,nM,ChEMBL,CHEMBL234,CHEMBL593394,19744859
97,P35462,GUDVQJXODNJRIJ-CALCHBBNSA-N,CC1CN(CC(N1)C)CCCN2C3=CC=CC=C3C4=CC=CC=C42,C[C@@H]1CN(C[C@@H](N1)C)CCCN2C3=CC=CC=C3C4=CC=CC=C42,Ki,>8000,nM,BindingDB,,50019742,11543687
98,P35462,HEBQIUNCEBCMFD-UHFFFAOYSA-N,C1CN(CCN1CC2=CC=C(N2)C=C(C#N)C#N)C3=CC=C(C=C3)Cl,C1CN(CCN1CC2=CC=C(N2)C=C(C#N)C#N)C3=CC=C(C=C3)Cl,Ki,31000,nM,BindingDB,,50079646,10450964
99,P35462,GELALLNTKKLQLM-UHFFFAOYSA-N,C1CNCCC1C2=CC(=NN2)C3=CC=C(C=C3)Cl,C1CNCCC1C2=CC(=NN2)C3=CC=C(C=C3)Cl,Ki,>4400,nM,BindingDB,,50059237,9240352
100,P35462,YTVZWXSONDLPSZ-UHFFFAOYSA-N,CCCNC1CCN2C(=C(C=N2)C(=O)OC)C1,CCCNC1CCN2C(=C(C=N2)C(=O)OC)C1,Ki,12000,nM,ChEMBL,CHEMBL234,CHEMBL383805,16134944
101,P35462,OBSYBRPAKCASQB-UHFFFAOYSA-N,CC(=O)OC1CC(C2(CCC3C(=O)OC(CC3(C2C1=O)C)C4=COC=C4)C)C(=O)OC,CC(=O)OC1CC(C2(CCC3C(=O)OC(CC3(C2C1=O)C)C4=COC=C4)C)C(=O)OC,Ki,>10000,nM,PDSP,,,12192085
102,P35462,ZOXQOLDAOFYVMZ-UHFFFAOYSA-N,C=CCN1CCC2C1CCC3=C(C=CC=C23)C#N,C=CCN1CCC2C1CCC3=C(C=CC=C23)C#N,Ki,>455,nM,BindingDB,,50039762,8064801
103,P35462,SVAAEZGFWVDPDN-UHFFFAOYSA-N,CC1=C(NC(=O)N1C2CCN(CC2)CC3=CC(=CC=C3)OC)C4=CC=CC=C4,CC1=C(NC(=O)N1C2CCN(CC2)CC3=CC(=CC=C3)OC)C4=CC=CC=C4,Ki,>3900,nM,BindingDB,,50079153,10411491
104,P35462,YOILXOMTHPUMRG-GXTWGEPZSA-N,CCCN1CCOC2C1COC3=C2C=C(C=C3)O,CCCN1CCO[C@H]2[C@@H]1COC3=C2C=C(C=C3)O,Ki,>10000,nM,ChEMBL,CHEMBL234,CHEMBL317493,10956195
105,P35462,SEMGUZQVJIXJHC-UHFFFAOYSA-N,C1CN(CCC1NC(=O)NCC2=CC=CC=C2)CC3=CC=CC=C3,C1CN(CCC1NC(=O)NCC2=CC=CC=C2)CC3=CC=CC=C3,Ki,>4200,nM,ChEMBL,CHEMBL234,CHEMBL327339,10411491
106,P35462,JWGBOHJGWOPYCL-UHFFFAOYSA-N,CC(=O)C1=CC2=C(C=C1)SC3=CC=CC=C3N2,CC(=O)C1=CC2=C(C=C1)SC3=CC=CC=C3N2,Ki,>10000,nM,BindingDB,,42323,
107,P35462,LDQVCKQENSZRBU-UHFFFAOYSA-N,CC1(C(=O)C2=C(C=C(C=C2NC1=O)Cl)Cl)C3=CC=C(C=C3)O,CC1(C(=O)C2=C(C=C(C=C2NC1=O)Cl)Cl)C3=CC=C(C=C3)O,Ki,>10000,nM,ChEMBL,CHEMBL234,CHEMBL253708,18053713
108,P35462,VAURMGBDDSMOJD-MRXNPFEDSA-N,C1CN(C2CC3=C(C4=C2C1=CC=C4)C(=CC=C3)O)CCCF,C1CN([C@@H]2CC3=C(C4=C2C1=CC=C4)C(=CC=C3)O)CCCF,Ki,>10000,nM,ChEMBL,CHEMBL234,CHEMBL1672302,21666830
109,P35462,YJRKUTHRZOUCHT-UHFFFAOYSA-N,COC1=CC=CC=C1N(C2CCN(CC2)CCCCNC(=O)C3=CC4=CC=CC=C4C=C3)C(=O)C5=CC=CC=C5,COC1=CC=CC=C1N(C2CCN(CC2)CCCCNC(=O)C3=CC4=CC=CC=C4C=C3)C(=O)C5=CC=CC=C5,Ki,>1000,nM,ChEMBL,CHEMBL234,CHEMBL241018,17826096
110,P35462,ITRJBWXLLLCDGV-UHFFFAOYSA-N,C=CCN1CCC2C1CCC3=C(C=CC=C23)C(=O)N,C=CCN1CCC2C1CCC3=C(C=CC=C23)C(=O)N,Ki,>1500,nM,BindingDB,,50039771,8064801
111,P35462,YNLYAYGRKYOTBJ-IBGZPJMESA-N,CC1CN(CCN1C(=O)C2=CC3=C(C=C2)C=CN3)C(=O)C4=CC=C(C=C4)C5=CC(=CC=C5)OC,C[C@H]1CN(CCN1C(=O)C2=CC3=C(C=C2)C=CN3)C(=O)C4=CC=C(C=C4)C5=CC(=CC=C5)OC,Ki,>10000,nM,BindingDB,,50312771,20137933
112,P35462,KRUBQUVNIYCARV-MKPDMIMOSA-N,CC1CN(CC(N1CCCC2=CC=CC=C2)C)CCCN(C3=CC=CC=C3)C4=CC=CC=C4,C[C@@H]1CN(C[C@@H](N1CCCC2=CC=CC=C2)C)CCCN(C3=CC=CC=C3)C4=CC=CC=C4,Ki,>5000,nM,BindingDB,,50104141,11543687
114,P35462,YQRZJWYKYUBPKB-UHFFFAOYSA-N,CN1CCC2=C(C=CC(=C2)O)C(C1)C3=CC=CC=C3,CN1CCC2=C(C=CC(=C2)O)C(C1)C3=CC=CC=C3,Ki,>1000,nM,BindingDB,,50100513,25076379
115,P35462,WSEQXVZVJXJVFP-UHFFFAOYSA-N,CN(C)CCCC1(C2=C(CO1)C=C(C=C2)C#N)C3=CC=C(C=C3)F,CN(C)CCCC1(C2=C(CO1)C=C(C=C2)C#N)C3=CC=C(C=C3)F,Ki,>10000,nM,PDSP,,,11454918
116,P35462,MFGYZKGJWDJWAA-UHFFFAOYSA-N,CC1=NN2C(=C1CN3CCN(CC3)C4=CC=C(C=C4)Cl)C=CC=C2C#N,CC1=NN2C(=C1CN3CCN(CC3)C4=CC=C(C=C4)Cl)C=CC=C2C#N,Ki,21000,nM,BindingDB,,50109945,11844688
119,P35462,PZYOBKWKADZRBF-IBGZPJMESA-N,CC1=C(C=C(C=C1)CN2CCOC(C2)CSC3=CC=CC=C3)C,CC1=C(C=C(C=C1)CN2CCO[C@@H](C2)CSC3=CC=CC=C3)C,Ki,>10000,nM,BindingDB,,50156929,27080176
120,P35462,UDPONPQEXNUGCI-KDURUIRLSA-N,CC1CN(CC(N1)C)CCCN(C2=CC=CC=C2)C3=CC=CC=C3,C[C@@H]1CN(C[C@@H](N1)C)CCCN(C2=CC=CC=C2)C3=CC=CC=C3,Ki,>8000,nM,BindingDB,,50104136,11543687
121,P35462,HRSTWOYEDHKWAG-UHFFFAOYSA-N,C1CN(CCN1CC2=CC=CS2)C3=CC=C(C=C3)Cl,C1CN(CCN1CC2=CC=CS2)C3=CC=C(C=C3)Cl,Ki,>10000,nM,ChEMBL,CHEMBL234,CHEMBL2420776,23920439
124,P35462,XMPZUZYWPNRLHG-UHFFFAOYSA-N,C1CN(CCC1(CN)C2=CC=C(C=C2)Cl)CC3=CNC4=CC=CC=C43,C1CN(CCC1(CN)C2=CC=C(C=C2)Cl)CC3=CNC4=CC=CC=C43,Ki,>5000,nM,ChEMBL,CHEMBL234,CHEMBL246232,17095222
125,P35462,MPSBVAIRNBRYCN-UHFFFAOYSA-N,C1CN(CCN1CCNC(=O)C2=CC3=CC=CC=C3C(=C2)Br)C4=CC=CC=C4,C1CN(CCN1CCNC(=O)C2=CC3=CC=CC=C3C(=C2)Br)C4=CC=CC=C4,Ki,>10000,nM,ChEMBL,CHEMBL234,CHEMBL30256,"Bioorg. Med. Chem. Lett., (1996) 6:12:1361"
126,P35462,QAAKBUYWNXINKR-UHFFFAOYSA-N,CCCNCCCCNC(=O)C1=CC=C(C=C1)C2=CC=CC=C2,CCCNCCCCNC(=O)C1=CC=C(C=C1)C2=CC=CC=C2,Ki,11000,nM,BindingDB,,50274409,18834111
127,P35462,QJQORSLQNXDVGE-UHFFFAOYSA-N,CN1C=CC2=CC3=C(CCN3C(=O)NC4=CN=CC=C4)C=C21,CN1C=CC2=CC3=C(CCN3C(=O)NC4=CN=CC=C4)C=C21,Ki,>10000,nM,BindingDB,,50060417,8821530
130,P35462,HOXIFZKRDKLRKX-UHFFFAOYSA-N,CC1=CC=C(C=C1)C2CN(CCO2)CCCSC3=NN=C(N3C)C4=C(N=CO4)C,CC1=CC=C(C=C1)C2CN(CCO2)CCCSC3=NN=C(N3C)C4=C(N=CO4)C,Ki,>10000,nM,ChEMBL,CHEMBL234,CHEMBL3765402,26786693
131,P35462,NTVSBHFQAIUFRR-DHIUTWEWSA-N,CCCN1CCOC2C1CCC3=C2C=C(C=C3)C(=O)NCC4=CC=C(C=C4)OC,CCCN1CCO[C@H]2[C@H]1CCC3=C2C=C(C=C3)C(=O)NCC4=CC=C(C=C4)OC,Ki,>10000,nM,BindingDB,,50413636,19324548
133,P35462,YCDXELFFFUYKMO-UHFFFAOYSA-N,C1CN(CCC1C2=CC(=NN2)C3=CC=C(C=C3)Cl)CCC4=CC=CC=C4,C1CN(CCC1C2=CC(=NN2)C3=CC=C(C=C3)Cl)CCC4=CC=CC=C4,Ki,>4000,nM,ChEMBL,CHEMBL234,CHEMBL6416,8642551
134,P35462,SSVIIFPCYYWMIA-LASHMREHSA-N,COC1=CC=CC=C1N2CCN(CC2)CC3=CN(N=N3)C4C(C(C(C(O4)CO)O)O)F,COC1=CC=CC=C1N2CCN(CC2)CC3=CN(N=N3)[C@H]4[C@@H]([C@H]([C@@H]([C@H](O4)CO)O)O)F,Ki,17000,nM,BindingDB,,50442754,24100078
135,P35462,FUBQWNPFXKULIT-UHFFFAOYSA-N,CN1CCCC2=CC=CC=C2CC3=CC(=C(C=C3CC1)OC)OC,CN1CCCC2=CC=CC=C2CC3=CC(=C(C=C3CC1)OC)OC,Ki,14830,nM,BindingDB,,50219144,17676831
138,P35462,AJIMVLSQIMXLNV-UHFFFAOYSA-N,CN1CCC2=CC(=C(C3=C2C1CC4=CC5=C(C=C43)OCO5)OCC6=CC=C(C=C6)Br)OC,CN1CCC2=CC(=C(C3=C2C1CC4=CC5=C(C=C43)OCO5)OCC6=CC=C(C=C6)Br)OC,Ki,>900,nM,ChEMBL,CHEMBL234,CHEMBL3633757,26475518
139,P35462,VEYSGMPQWOSGTB-UHFFFAOYSA-N,C1CN(CCN1CC2=CC3=C(N2)C=CC(=C3)C#N)C4=CC=C(C=C4)F,C1CN(CCN1CC2=CC3=C(N2)C=CC(=C3)C#N)C4=CC=C(C=C4)F,Ki,15000,nM,BindingDB,,50094503,11087581
140,P35462,LADZDZFEEAEQNW-UHFFFAOYSA-N,C1CN(CCN1CC2=C3C=CC4=CC=CC=C4N3N=C2)C5=CC=C(C=C5)Cl,C1CN(CCN1CC2=C3C=CC4=CC=CC=C4N3N=C2)C5=CC=C(C=C5)Cl,Ki,21000,nM,ChEMBL,CHEMBL234,CHEMBL269576,9990464
141,P35462,ORNYDPYZWVONOG-UHFFFAOYSA-N,CS(=O)(=O)NC1=C(C=CC(=C1)OCCNCC2=CC=CS2)F,CS(=O)(=O)NC1=C(C=CC(=C1)OCCNCC2=CC=CS2)F,Ki,>400,nM,ChEMBL,CHEMBL234,CHEMBL101910,9871673
142,P35462,WOELKTNFFNSJSS-UHFFFAOYSA-N,C1CN(CCN1CC2=CC3=C(N2)C=CC(=C3)C#N)C4=CC=C(C=C4)Cl,C1CN(CCN1CC2=CC3=C(N2)C=CC(=C3)C#N)C4=CC=C(C=C4)Cl,Ki,13000,nM,ChEMBL,CHEMBL234,CHEMBL140594,11087581
143,P35462,FPVKDWNGSLXDRY-UHFFFAOYSA-N,C1CN(CCN1CC2=CC=CC=C2)C3=CC=CC=C3O,C1CN(CCN1CC2=CC=CC=C2)C3=CC=CC=C3O,Ki,>400,nM,ChEMBL,CHEMBL234,CHEMBL100952,9871673
144,P35462,MVWVAUAORDNVHV-UHFFFAOYSA-N,CN1CCC2=C(CCC3=CC=CC=C3C1)C=CC(=C2)O,CN1CCC2=C(CCC3=CC=CC=C3C1)C=CC(=C2)O,Ki,>10000,nM,ChEMBL,CHEMBL234,CHEMBL595720,19744859
145,P35462,FJFGTZQHFSUNCX-UHFFFAOYSA-N,CCN(CC)C1=C(C=C2C(CN(CCC2=C1)C)C3=CC=CC=C3)O,CCN(CC)C1=C(C=C2C(CN(CCC2=C1)C)C3=CC=CC=C3)O,Ki,>1000,nM,ChEMBL,CHEMBL234,CHEMBL3356088,25076379
147,P35462,VBOQYPQEPHKASR-GSVOUGTGSA-N,C(CS(=O)(=O)O)C(C(=O)O)N,C(CS(=O)(=O)O)[C@H](C(=O)O)N,Ki,>10000,nM,BindingDB,,86196,12649361
148,P35462,NIMADOZRRAVFFL-UHFFFAOYSA-N,C1CN(CCC1N2C=CC(=C2)C=O)CC3=CC=CC=C3,C1CN(CCC1N2C=CC(=C2)C=O)CC3=CC=CC=C3,Ki,31000,nM,BindingDB,,50082172,10560741
150,P35462,XWNSNFBCWKDIED-UHFFFAOYSA-N,CN1C(C2=CC=CC=C2C1=O)CCN3CCN(CC3)C4=CC=C(C=C4)Cl,CN1C(C2=CC=CC=C2C1=O)CCN3CCN(CC3)C4=CC=C(C=C4)Cl,Ki,>3000,nM,ChEMBL,CHEMBL234,CHEMBL36337,9873377
151,P35462,VYZFKCYKUBTWCJ-UHFFFAOYSA-N,CCC1=NC2=C(O1)C(=C3CCN(CCC3=C2)CCCSC4=NN=C(N4C)C5=C6C=CC(=NC6=CC=C5)C)Br,CCC1=NC2=C(O1)C(=C3CCN(CCC3=C2)CCCSC4=NN=C(N4C)C5=C6C=CC(=NC6=CC=C5)C)Br,Ki,>63.1,nM,BindingDB,,50411644,18248991
152,P35462,HMTVAZYSTOCXKI-UHFFFAOYSA-N,CN1C2=CC=CC=C2N=C1CN3CCN(CC3)C4=CC=C(C=C4)C(F)(F)F,CN1C2=CC=CC=C2N=C1CN3CCN(CC3)C4=CC=C(C=C4)C(F)(F)F,Ki,>10000,nM,BindingDB,,50415269,20005096
153,P35462,GZCUMTDIYBMHMP-UHFFFAOYSA-N,CN1CCC2=C(C=CC(=C2)N)C(C1)C3=CC=CC=C3,CN1CCC2=C(C=CC(=C2)N)C(C1)C3=CC=CC=C3,Ki,>1000,nM,BindingDB,,50100448,25076379
154,P35462,OCLCIUHCAHLFPM-UHFFFAOYSA-N,C1CN(CCN1CC2=CC=CS2)C3=CC=CC=C3O,C1CN(CCN1CC2=CC=CS2)C3=CC=CC=C3O,Ki,>10000,nM,ChEMBL,CHEMBL234,CHEMBL2420774,23920439
156,P35462,RLEVEXRYULMVDM-UHFFFAOYSA-N,C1CN(CCC1(C2=CC=C(C=C2)O)O)CC3=CNC4=CC=CC=C43,C1CN(CCC1(C2=CC=C(C=C2)O)O)CC3=CNC4=CC=CC=C43,Ki,16800,nM,ChEMBL,CHEMBL234,CHEMBL392823,17095222
157,P35462,LEVWYRKDKASIDU-UHFFFAOYSA-N,C(C(C(=O)O)N)SSCC(C(=O)O)N,C(C(C(=O)O)N)SSCC(C(=O)O)N,Ki,>10000,nM,PDSP,,,12649361
161,P35462,WHDATORJGMRETC-OUUBHVDSSA-N,COC1=CC=CC=C1N2CCN(CC2)CC3=CN(N=N3)C4C(C(C(C(O4)CF)O)O)O,COC1=CC=CC=C1N2CCN(CC2)CC3=CN(N=N3)[C@H]4[C@@H]([C@H]([C@@H]([C@H](O4)CF)O)O)O,Ki,25000,nM,ChEMBL,CHEMBL234,CHEMBL2443003,24100078
162,P35462,QSQQQURBVYWZKJ-UHFFFAOYSA-N,CC(CC1=CNC2=CC=CC=C21)N,CC(CC1=CNC2=CC=CC=C21)N,Ki,>10000,nM,ChEMBL,CHEMBL234,CHEMBL30713,23602445
163,P35462,LKZRXKGEHQPMRS-UHFFFAOYSA-N,COC1=CC=CC=C1NC2CCN(CC2)CCCCN3C(=O)C4=CC=CC=C4C3=O,COC1=CC=CC=C1NC2CCN(CC2)CCCCN3C(=O)C4=CC=CC=C4C3=O,Ki,>1000,nM,ChEMBL,CHEMBL234,CHEMBL392791,17826096
164,P35462,ZALZZXXESRJJEH-IBGZPJMESA-N,CC1CN(CCN1C(=O)C2=CC3=C(C=C2)C=CN3)C(=O)C4=CC=C(C=C4)C5=CC=C(C=C5)OC,C[C@H]1CN(CCN1C(=O)C2=CC3=C(C=C2)C=CN3)C(=O)C4=CC=C(C=C4)C5=CC=C(C=C5)OC,Ki,>10000,nM,ChEMBL,CHEMBL234,CHEMBL1081254,20137933
165,P35462,JVQBISWUXRKBAJ-KRWDZBQOSA-N,C1COC(CN1CC2=NC3=CC=CC=C3N2)CCC4=CC=CC=C4,C1CO[C@H](CN1CC2=NC3=CC=CC=C3N2)CCC4=CC=CC=C4,Ki,25900,nM,ChEMBL,CHEMBL234,CHEMBL3335536,25221667
167,P35462,UOTFFOLRZJNLDZ-UHFFFAOYSA-N,CN1C(=NN=C1SCCCN2CCOC(C2)C3=CC=C(C=C3)C(F)(F)F)C4=CC=C(C=C4)S(=O)(=O)N,CN1C(=NN=C1SCCCN2CCOC(C2)C3=CC=C(C=C3)C(F)(F)F)C4=CC=C(C=C4)S(=O)(=O)N,Ki,>10000,nM,ChEMBL,CHEMBL234,CHEMBL3764830,26786693
168,P35462,YFGHCGITMMYXAQ-LJQANCHMSA-N,C1=CC=C(C=C1)C(C2=CC=CC=C2)S(=O)CC(=O)N,C1=CC=C(C=C1)C(C2=CC=CC=C2)[S@](=O)CC(=O)N,Ki,39000,nM,BindingDB,,50336892,27933960
169,P35462,VSVDMIMYERSROL-UHFFFAOYSA-N,CC1=CN=C(C=C1)CNCC2(CCN(CC2)C(=O)C3=CC(=CS3)Br)F,CC1=CN=C(C=C1)CNCC2(CCN(CC2)C(=O)C3=CC(=CS3)Br)F,Ki,19000,nM,BindingDB,,50328628,20860381
171,P35462,LEXAFGYQTMMLCP-UHFFFAOYSA-N,CCCCNC(=O)C1=CC2=CC=CC=C2N1,CCCCNC(=O)C1=CC2=CC=CC=C2N1,Ki,21542,nM,ChEMBL,CHEMBL234,CHEMBL2164434,22632094
172,P35462,DEWALVCCVMLGFD-UHFFFAOYSA-N,CC1=CC=CC=C1N2CCN(C2=O)CCN3CCCCCC3,CC1=CC=CC=C1N2CCN(C2=O)CCN3CCCCCC3,Ki,>630.96,nM,ChEMBL,CHEMBL234,CHEMBL1081310,20153647
174,P35462,SWFXFUUQMZDQAK-CYBMUJFWSA-N,CCCN1CCCC(C1)C2=CC(=CC=C2)NS(=O)(=O)C(F)(F)F,CCCN1CCC[C@H](C1)C2=CC(=CC=C2)NS(=O)(=O)C(F)(F)F,Ki,>2000,nM,BindingDB,,50039774,8064801
175,P35462,BJWYIHWMKMZYRS-LJQANCHMSA-N,C1CN=C(NC1CN2CCN(CC2)C3=CC=CC=C3)C4=CC=CC=C4,C1CN=C(N[C@H]1CN2CCN(CC2)C3=CC=CC=C3)C4=CC=CC=C4,Ki,13000,nM,BindingDB,,50124195,12617906
176,P35462,DNNMNDDMPUSDQC-UHFFFAOYSA-N,CN1CCC2=C(C=C(C=C2)O)C(C1)C3=CC=CC=C3,CN1CCC2=C(C=C(C=C2)O)C(C1)C3=CC=CC=C3,Ki,>1000,nM,ChEMBL,CHEMBL234,CHEMBL1193274,25076379
177,P35462,VAGUGVHWYBXLRK-UHFFFAOYSA-N,C1CN2CC3=C4C(=CC=C3)NC=C4C2C5=CC=CC=C51,C1CN2CC3=C4C(=CC=C3)NC=C4C2C5=CC=CC=C51,Ki,>10000,nM,ChEMBL,CHEMBL234,CHEMBL1077189,20180564
179,P35462,YKCXNSAIVWHWKR-UJCHZGTJSA-N,CC1C2C(CN1CC3=CC=CC=C3)C(C2N4CCCC4)CO,C[C@H]1[C@H]2[C@@H](CN1CC3=CC=CC=C3)[C@H]([C@@H]2N4CCCC4)CO,Ki,11000,nM,BindingDB,,50389444,22846798
180,P35462,RWOJEGLVFGCYFU-UHFFFAOYSA-N,CN1C(=NN=C1SCCCN2CCOC(C2)C3=CC=C(C=C3)C(F)(F)F)C4=CC=C(C=C4)C#N,CN1C(=NN=C1SCCCN2CCOC(C2)C3=CC=C(C=C3)C(F)(F)F)C4=CC=C(C=C4)C#N,Ki,>10000,nM,ChEMBL,CHEMBL234,CHEMBL3764639,26786693
181,P35462,YDBCEBYHYKAFRX-UHFFFAOYSA-N,CC1=C(C=CC(=C1)C2=NOC(=N2)C)C3=CC=C(C=C3)C(=O)NC4=CC(=C(C=C4)OC)N5CCN(CC5)C,CC1=C(C=CC(=C1)C2=NOC(=N2)C)C3=CC=C(C=C3)C(=O)NC4=CC(=C(C=C4)OC)N5CCN(CC5)C,Ki,>10000,nM,BindingDB,,79215,16143528
183,P35462,UDEAASQJJIGOTN-IAGOWNOFSA-N,CCCN1CCOC2C1CCC3=C2C=C(C=C3)C(=O)N(C)C,CCCN1CCO[C@H]2[C@H]1CCC3=C2C=C(C=C3)C(=O)N(C)C,Ki,>10000,nM,ChEMBL,CHEMBL234,CHEMBL485029,19324548
184,P35462,DKXYPAWNMBQJBN-GOSISDBHSA-N,C1CN(CCN1CC2CC(=O)NC(=N2)C3=CC=CC=C3)C4=CC=CC=C4,C1CN(CCN1C[C@H]2CC(=O)NC(=N2)C3=CC=CC=C3)C4=CC=CC=C4,Ki,12000,nM,BindingDB,,50124194,12617906
185,P35462,FOEFMWUQXMNIHK-UHFFFAOYSA-N,CC1=CC=C(C=C1)N2CCN(CC2)CCC3C4=CC=CC=C4C(=O)N3,CC1=CC=C(C=C1)N2CCN(CC2)CCC3C4=CC=CC=C4C(=O)N3,Ki,>3000,nM,ChEMBL,CHEMBL234,CHEMBL287078,9873377
187,P35462,RISVNNDOXVACCB-UHFFFAOYSA-N,C1CN(CCN1CC2=CN3C=CC=NC3=N2)C4=CC=C(C=C4)F,C1CN(CCN1CC2=CN3C=CC=NC3=N2)C4=CC=C(C=C4)F,Ki,60000,nM,BindingDB,,50189836,16789750
189,P35462,USFUFHFQWXDVMH-UHFFFAOYSA-N,CC1=NSC(=C1)NC(=O)NC2=CC3=C(C=C2)N(C=C3)C,CC1=NSC(=C1)NC(=O)NC2=CC3=C(C=C2)N(C=C3)C,Ki,>10000,nM,PDSP,,,8788493
190,P35462,KOUYXAYVESBRAY-UHFFFAOYSA-N,C1CN(CCN1CCNC(=O)C2=C(C3=CC=CC=C3C(=C2)Br)O)C4=CC=CC=C4,C1CN(CCN1CCNC(=O)C2=C(C3=CC=CC=C3C(=C2)Br)O)C4=CC=CC=C4,Ki,>10000,nM,ChEMBL,CHEMBL234,CHEMBL29529,"Bioorg. Med. Chem. Lett., (1996) 6:12:1361"
191,P35462,PSYAJOBNPBYKRW-UHFFFAOYSA-N,CC1=CC2=C(C=C1)N=C(C3=C(O2)SC(=C3)Cl)N4CCN(CC4)CC(C)(C)C(=O)O,CC1=CC2=C(C=C1)N=C(C3=C(O2)SC(=C3)Cl)N4CCN(CC4)CC(C)(C)C(=O)O,Ki,>5510,nM,ChEMBL,CHEMBL234,CHEMBL3899169,None
192,P35462,JNAGEIMWCSOQKU-OCCSQVGLSA-N,C=CCN1CCC2C1CCC3=C2C=CC=C3OS(=O)(=O)C(F)(F)F,C=CCN1CC[C@H]2[C@@H]1CCC3=C2C=CC=C3OS(=O)(=O)C(F)(F)F,Ki,>500,nM,ChEMBL,CHEMBL234,CHEMBL2111566,8064801
194,P35462,GUDVQJXODNJRIJ-UHFFFAOYSA-N,CC1CN(CC(N1)C)CCCN2C3=CC=CC=C3C4=CC=CC=C42,CC1CN(CC(N1)C)CCCN2C3=CC=CC=C3C4=CC=CC=C42,Ki,>10000,nM,PDSP,,,8301582
195,P35462,NLEVDCFBQNJLSW-UHFFFAOYSA-N,CN1CCC(C1=O)CCN2CCC(CC2)C3=CN(C4=C3C=C(C=C4)C5=NN(C=N5)C)C6=CC=C(C=C6)F,CN1CCC(C1=O)CCN2CCC(CC2)C3=CN(C4=C3C=C(C=C4)C5=NN(C=N5)C)C6=CC=C(C=C6)F,Ki,>7100,nM,ChEMBL,CHEMBL234,CHEMBL97333,12519065
196,P35462,BLLNREQHFDCHGW-UHFFFAOYSA-N,C1CN(CCN1CC2=CC=CN3C2=C(C=N3)CO)C4=CC=C(C=C4)Cl,C1CN(CCN1CC2=CC=CN3C2=C(C=N3)CO)C4=CC=C(C=C4)Cl,Ki,23000,nM,ChEMBL,CHEMBL234,CHEMBL328925,11495580
197,P35462,FDBKWBKBMRKPJG-UHFFFAOYSA-N,CC1=CC2=NC(=C(N2C=N1)CN3CCN(CC3)C4=CC=C(C=C4)OC)C,CC1=CC2=NC(=C(N2C=N1)CN3CCN(CC3)C4=CC=C(C=C4)OC)C,Ki,13000,nM,ChEMBL,CHEMBL234,CHEMBL550920,19481941
198,P35462,ZFLRVRLYWHNAEC-AWEZNQCLSA-N,CN1CCC2=CC(=C(C3=C2C1CC4=CC(=C(C=C43)OC)O)OC)OC,CN1CCC2=CC(=C(C3=C2[C@@H]1CC4=CC(=C(C=C43)OC)O)OC)OC,Ki,>950,nM,BindingDB,,50250422,25695425
199,P35462,YXLCOBLTAWMMRS-ZDRNMDQLSA-N,CCN(CC)C1C(C2C1C(N(C2)CC3=CC=CC=C3)C4=CC=CC=N4)CO,CCN(CC)[C@@H]1[C@H]([C@@H]2[C@H]1[C@H](N(C2)CC3=CC=CC=C3)C4=CC=CC=N4)CO,Ki,36000,nM,BindingDB,,50389450,22846798
201,P35462,WGXCRBHBCVCFFQ-UHFFFAOYSA-N,CC1=CC=C(C=C1)C2CN(CCC3=C(C(=C(C=C23)O)O)Cl)C,CC1=CC=C(C=C1)C2CN(CCC3=C(C(=C(C=C23)O)O)Cl)C,Ki,>10000,nM,BindingDB,,86268,12921854
202,P35462,XTZZQQZBOKCCIX-UHFFFAOYSA-N,C1CN(CCC1C2=CC(=NN2)C3=CN=CC=C3)CCC4=CC=CC=C4,C1CN(CCC1C2=CC(=NN2)C3=CN=CC=C3)CCC4=CC=CC=C4,Ki,>4200,nM,BindingDB,,50059231,9240352
205,P35462,UJELDYRUBKQNKE-UHFFFAOYSA-N,CN(C)CCC1=CN(C2=C1C=C(C=C2)O)C(=O)C3=CC=CC=C3,CN(C)CCC1=CN(C2=C1C=C(C=C2)O)C(=O)C3=CC=CC=C3,Ki,>3500,nM,ChEMBL,CHEMBL234,CHEMBL263700,11689074
206,P35462,AKTQSTPCOLTVQO-UHFFFAOYSA-N,COC1=CC=CC=C1N2CCN(CC2)CCCN=C3COC4=CC=CC=C4N3,COC1=CC=CC=C1N2CCN(CC2)CCCN=C3COC4=CC=CC=C4N3,Ki,>1000,nM,BindingDB,,50290197,
207,P35462,OENQQKMDIVNPMU-UHFFFAOYSA-N,CC1=C(OC=N1)C2=NN=C(N2C)SCCCN3CCOC(C3)C4=CC=C(C=C4)F,CC1=C(OC=N1)C2=NN=C(N2C)SCCCN3CCOC(C3)C4=CC=C(C=C4)F,Ki,>10000,nM,ChEMBL,CHEMBL234,CHEMBL3765754,26786693
209,P35462,UPQNBHKMICCAIA-SFHVURJKSA-N,CC1CN(CCN1C(=O)C2=CC3=C(C=C2)C=CN3)C(=O)C4=CC=C(C=C4)C5=CC(=CC=C5)OC(F)(F)F,C[C@H]1CN(CCN1C(=O)C2=CC3=C(C=C2)C=CN3)C(=O)C4=CC=C(C=C4)C5=CC(=CC=C5)OC(F)(F)F,Ki,>10000,nM,ChEMBL,CHEMBL234,CHEMBL1080155,20137933
211,P35462,OETFULLTUNJRQW-UHFFFAOYSA-N,C1CN(CC=C1C2=NC3=C(O2)C=CC(=C3)Cl)CC4=CC=C(C=C4)Cl,C1CN(CC=C1C2=NC3=C(O2)C=CC(=C3)Cl)CC4=CC=C(C=C4)Cl,Ki,>4500,nM,BindingDB,,50290025,
212,P35462,QUTOXCQDVCWRKR-UHFFFAOYSA-N,CC1=CC=C(C=C1)C2=CC3=C(C=C2O)C(CN(CC3)C)C4=CC=CC=C4,CC1=CC=C(C=C1)C2=CC3=C(C=C2O)C(CN(CC3)C)C4=CC=CC=C4,Ki,>1000,nM,ChEMBL,CHEMBL234,CHEMBL3325912,25076379
214,P35462,JCXPHDPIKCCHEL-HXUWFJFHSA-N,C1CNC(=NCC1N2CCN(CC2)C3=CC=CC=C3)C4=CC=CC=C4,C1CNC(=NC[C@@H]1N2CCN(CC2)C3=CC=CC=C3)C4=CC=CC=C4,Ki,12000,nM,ChEMBL,CHEMBL234,CHEMBL169562,12617906
215,P35462,SEVLDDAIFKZMCD-OYTPZHDJSA-N,CCN(CC)C1C(C2C1C(N(C2)CC3=CC=CC=C3)C4=CC=CC=C4)CO,CCN(CC)[C@@H]1[C@H]([C@@H]2[C@H]1[C@H](N(C2)CC3=CC=CC=C3)C4=CC=CC=C4)CO,Ki,13200,nM,ChEMBL,CHEMBL234,CHEMBL2062848,22846798
217,P35462,BOVIKQWJNPOZRM-UHFFFAOYSA-N,C1CN2CCC3=CC=CC=C3C2C4=CNC5=CC=CC1=C54,C1CN2CCC3=CC=CC=C3C2C4=CNC5=CC=CC1=C54,Ki,>10000,nM,ChEMBL,CHEMBL234,CHEMBL1086790,20180564
218,P35462,MEJNSTSZPFFDHJ-UHFFFAOYSA-N,CN1CCC2=CC(=C(C=C2C(C1)C3=CC=CC=C3)CN)O,CN1CCC2=CC(=C(C=C2C(C1)C3=CC=CC=C3)CN)O,Ki,>1000,nM,BindingDB,,50100447,25076379
219,P35462,GBXGGFJVHZPNGD-UHFFFAOYSA-N,C1CNCCC1CN2CCN(C2=O)C3=CC(=CC=C3)Cl,C1CNCCC1CN2CCN(C2=O)C3=CC(=CC=C3)Cl,Ki,>630.96,nM,ChEMBL,CHEMBL234,CHEMBL1085674,20153647
220,P35462,JZGXUWOYCFNOGI-UHFFFAOYSA-N,CN1CCC2=CC(=C(C=C2C(C1)C3=CC=CC=C3)CO)O,CN1CCC2=CC(=C(C=C2C(C1)C3=CC=CC=C3)CO)O,Ki,>1000,nM,BindingDB,,50100446,25076379
223,P35462,NTTKBDRKKNQJKU-UHFFFAOYSA-N,CC1=C(NC(=O)N1C2CCN(CC2)C)C3=CC=CC=C3,CC1=C(NC(=O)N1C2CCN(CC2)C)C3=CC=CC=C3,Ki,>4400,nM,ChEMBL,CHEMBL234,CHEMBL90711,10411491
224,P35462,UDVBAIMSAZRJGM-UHFFFAOYSA-N,CN1C(=NN=C1SCCCN2CCOC(C2)C3=CC=C(C=C3)C(F)(F)F)C4=CC=C(C=C4)C(=O)N,CN1C(=NN=C1SCCCN2CCOC(C2)C3=CC=C(C=C3)C(F)(F)F)C4=CC=C(C=C4)C(=O)N,Ki,>10000,nM,ChEMBL,CHEMBL234,CHEMBL3765426,26786693
225,P35462,LHYAIPJNIYZFAE-UHFFFAOYSA-N,COC1=CC=CC=C1N2CCN(CC2)CC3=CN(N=N3)C4=CC=C(C=C4)OCCF,COC1=CC=CC=C1N2CCN(CC2)CC3=CN(N=N3)C4=CC=C(C=C4)OCCF,Ki,17000,nM,BindingDB,,50442752,24100078
226,P35462,XTNXLNGNJZRBRW-UHFFFAOYSA-N,C1=CC=C(C=C1)CNCCOC2=CC=CC=C2,C1=CC=C(C=C1)CNCCOC2=CC=CC=C2,Ki,>400,nM,BindingDB,,50069917,9871673
228,P35462,LADSERODBYZUAW-FQEVSTJZSA-N,CC1CN(CCN1C(=O)C2=CC3=C(C=C2)C=CN3)C(=O)C4=CC=C(C=C4)C5=CC=CC=C5C,C[C@H]1CN(CCN1C(=O)C2=CC3=C(C=C2)C=CN3)C(=O)C4=CC=C(C=C4)C5=CC=CC=C5C,Ki,>10000,nM,BindingDB,,50312766,20137933
229,P35462,PNVNVHUZROJLTJ-UHFFFAOYSA-N,CN(C)CC(C1=CC=C(C=C1)OC)C2(CCCCC2)O,CN(C)CC(C1=CC=C(C=C1)OC)C2(CCCCC2)O,Ki,>10000,nM,PDSP,,,11454918
230,P35462,VVQSDIAXLRLSBM-UHFFFAOYSA-N,C1CN(CCC1NC(=O)NC(=O)C2=CC=CC=C2)CC3=CC=CC=C3,C1CN(CCC1NC(=O)NC(=O)C2=CC=CC=C2)CC3=CC=CC=C3,Ki,>4400,nM,ChEMBL,CHEMBL234,CHEMBL327310,10411491
231,P35462,AYTNWERJAAXIPL-UHFFFAOYSA-N,C1CN(CCN1CC2=C3C(=CC=CN3N=C2)CO)C4=CC=C(C=C4)Cl,C1CN(CCN1CC2=C3C(=CC=CN3N=C2)CO)C4=CC=C(C=C4)Cl,Ki,>100000,nM,BindingDB,,50109951,11844688
232,P35462,YOILXOMTHPUMRG-JSGCOSHPSA-N,CCCN1CCOC2C1COC3=C2C=C(C=C3)O,CCCN1CCO[C@@H]2[C@@H]1COC3=C2C=C(C=C3)O,Ki,>10000,nM,BindingDB,,50090831,10956195
233,P35462,ZMAZHOAGBMLOSO-SFHVURJKSA-N,CC1CN(CCN1C(=O)C2=CC3=C(C=C2)C=CN3)C(=O)C4=CC=C(C=C4)C5=CC=CC=C5Cl,C[C@H]1CN(CCN1C(=O)C2=CC3=C(C=C2)C=CN3)C(=O)C4=CC=C(C=C4)C5=CC=CC=C5Cl,Ki,>10000,nM,BindingDB,,50312779,20137933
234,P35462,JVAVTGGGYFPSIB-UHFFFAOYSA-N,CC1=CC=CC=C1CC2C3=C(CCN2C)C=C(C=C3)OC,CC1=CC=CC=C1CC2C3=C(CCN2C)C=C(C=C3)OC,Ki,>10000,nM,ChEMBL,CHEMBL234,CHEMBL594127,19744859
236,P35462,IENZQIKPVFGBNW-UHFFFAOYSA-N,COC1=C(C=C2C(=C1)C(=NC(=N2)N3CCN(CC3)C(=O)C4=CC=CO4)N)OC,COC1=C(C=C2C(=C1)C(=NC(=N2)N3CCN(CC3)C(=O)C4=CC=CO4)N)OC,Ki,>7100,nM,ChEMBL,CHEMBL234,CHEMBL2,12519065
237,P35462,WRQPPYQGOCMHJN-UHFFFAOYSA-N,C1CN(CCC1N2C(=NN=N2)C3=CC=CC=C3)CC4=CC=CC=C4,C1CN(CCC1N2C(=NN=N2)C3=CC=CC=C3)CC4=CC=CC=C4,Ki,>4400,nM,BindingDB,,50077009,10340615
239,P35462,KOFYUIUZURNMRL-UHFFFAOYSA-N,CC1=CC2=NC(=C(N2C=N1)CN3CCN(CC3)C4=CC=CC=C4OC)C,CC1=CC2=NC(=C(N2C=N1)CN3CCN(CC3)C4=CC=CC=C4OC)C,Ki,>10000,nM,PDSP,,,19481941
240,P35462,ZXUYYZPJUGQHLQ-QGZVFWFLSA-N,C1CN(CCN1CCCC(C2=CC=C(C=C2)F)O)C3=NC=C(C=N3)F,C1CN(CCN1CCC[C@H](C2=CC=C(C=C2)F)O)C3=NC=C(C=N3)F,Ki,>2000,nM,BindingDB,,50036737,7902870
241,P35462,JPJLOKLXASWXIM-UHFFFAOYSA-N,CN1CCN(CC1)CC2=C3C=CC=CN3N=C2,CN1CCN(CC1)CC2=C3C=CC=CN3N=C2,Ki,34000,nM,ChEMBL,CHEMBL234,CHEMBL7505,9990464
242,P35462,VEPYYOGIARRSSX-UHFFFAOYSA-N,COC1=C(C=C2C(=C1)C3=C(CN(CC3)CC4=CC=C(C=C4)Cl)C(=O)O2)OC,COC1=C(C=C2C(=C1)C3=C(CN(CC3)CC4=CC=C(C=C4)Cl)C(=O)O2)OC,Ki,>3000,nM,ChEMBL,CHEMBL234,CHEMBL90173,9276014
244,P35462,GIJMBCTXZDHLHI-UHFFFAOYSA-N,CC1=C(OC=N1)C2=NN=C(N2C)SCCCN3CCOC(C3)C4=CC=C(C=C4)Br,CC1=C(OC=N1)C2=NN=C(N2C)SCCCN3CCOC(C3)C4=CC=C(C=C4)Br,Ki,>10000,nM,ChEMBL,CHEMBL234,CHEMBL3764833,26786693
245,P35462,NAIGOHVHPOGNLZ-UHFFFAOYSA-N,C1CN(CCN1CC2=CN=C(C=C2)F)C3=CC4=C(C=C3)OCCO4,C1CN(CCN1CC2=CN=C(C=C2)F)C3=CC4=C(C=C3)OCCO4,Ki,17000,nM,ChEMBL,CHEMBL234,CHEMBL1923416,22039961
247,P35462,VUEGBGWRCATKQZ-ZDUSSCGKSA-N,CCCN1CCCC(C1)C2=CC(=CC=C2)OS(=O)(=O)C(F)(F)F,CCCN1CCC[C@@H](C1)C2=CC(=CC=C2)OS(=O)(=O)C(F)(F)F,Ki,>1623,nM,BindingDB,,50041962,8230107
248,P35462,GRRGOFXERNJCAY-UHFFFAOYSA-N,C1CN(CCN1CC2=CN=C(N2)C3=CC=CC=C3)C4=NC=CN=C4,C1CN(CCN1CC2=CN=C(N2)C3=CC=CC=C3)C4=NC=CN=C4,Ki,>6665,nM,ChEMBL,CHEMBL234,CHEMBL440511,9016321
249,P35462,HHRUJJWXMZRWIG-UHFFFAOYSA-N,COC1=CC2=C(C=C1)C3=C(CN(CC3)CC4=CC=C(C=C4)[N+](=O)[O-])C(=O)O2,COC1=CC2=C(C=C1)C3=C(CN(CC3)CC4=CC=C(C=C4)[N+](=O)[O-])C(=O)O2,Ki,>3000,nM,BindingDB,,50059495,9276014
250,P35462,LAQPIGHSUVYYGI-UHFFFAOYSA-N,C1CN(CCN1CC2=CC=CN3C2=CC=N3)C4=CC=C(C=C4)Cl,C1CN(CCN1CC2=CC=CN3C2=CC=N3)C4=CC=C(C=C4)Cl,Ki,12000,nM,ChEMBL,CHEMBL234,CHEMBL90374,11495580
251,P35462,MUMVCUPHGPDDKM-UHFFFAOYSA-N,C1CN(CCN1CC2=NN3C=CC=CC3=C2)C4=CC=C(C=C4)OCCF,C1CN(CCN1CC2=NN3C=CC=CC3=C2)C4=CC=C(C=C4)OCCF,Ki,15000,nM,ChEMBL,CHEMBL234,CHEMBL272853,18307287
252,P35462,GDIAQHPBSQUEQC-UHFFFAOYSA-N,CN1C(=NN=C1SCCCN2CCOC(C2)C3=CC=C(C=C3)C(F)(F)F)C4=CN=C(C=C4)C(=O)N,CN1C(=NN=C1SCCCN2CCOC(C2)C3=CC=C(C=C3)C(F)(F)F)C4=CN=C(C=C4)C(=O)N,Ki,>10000,nM,ChEMBL,CHEMBL234,CHEMBL3764306,26786693
254,P35462,IPSSDOFRDHFANX-UHFFFAOYSA-N,CN1CCCC2=CC3=C(C=C2C4=CC=CC=C4CC1)OCO3,CN1CCCC2=CC3=C(C=C2C4=CC=CC=C4CC1)OCO3,Ki,>10000,nM,BindingDB,,50304404,19744859
255,P35462,WFXYNLKNMYICFR-QGZVFWFLSA-N,CCN1CCC2=C3C1CC4=C(C3=CC(=C2)OCCCF)C(=C(C=C4)O)O,CCN1CCC2=C3[C@H]1CC4=C(C3=CC(=C2)OCCCF)C(=C(C=C4)O)O,Ki,>10000,nM,ChEMBL,CHEMBL234,CHEMBL1672305,21666830
256,P35462,XCHZXOAINJSZCY-UHFFFAOYSA-O,C1CC[NH+](C1)CC2=C(C=CC3=C2OC(=O)C4=C3CCC4)O,C1CC[NH+](C1)CC2=C(C=CC3=C2OC(=O)C4=C3CCC4)O,Ki,>10000,nM,BindingDB,,86572,21926995
257,P35462,SRPARXJRVCCTLF-WLHGVMLRSA-N,C1CN(CCN1CCCN=C2COC3=CC=CC=C3N2)C4=NC=CC=N4.C(=CC(=O)O)C(=O)O,C1CN(CCN1CCCN=C2COC3=CC=CC=C3N2)C4=NC=CC=N4.C(=C/C(=O)O)\C(=O)O,Ki,>7900,nM,ChEMBL,CHEMBL234,CHEMBL80655,"Bioorg. Med. Chem. Lett., (1997) 7:18:2399"
258,P35462,YNLYAYGRKYOTBJ-LJQANCHMSA-N,CC1CN(CCN1C(=O)C2=CC3=C(C=C2)C=CN3)C(=O)C4=CC=C(C=C4)C5=CC(=CC=C5)OC,C[C@@H]1CN(CCN1C(=O)C2=CC3=C(C=C2)C=CN3)C(=O)C4=CC=C(C=C4)C5=CC(=CC=C5)OC,Ki,>10000,nM,ChEMBL,CHEMBL234,CHEMBL1081649,20137933
262,P35462,XFXYHGUUKCNNDR-UHFFFAOYSA-N,CC1=C(C=C(C=C1)N2CCN(CC2)CCC3C4=CC=CC=C4C(=O)N3C)C,CC1=C(C=C(C=C1)N2CCN(CC2)CCC3C4=CC=CC=C4C(=O)N3C)C,Ki,>3000,nM,ChEMBL,CHEMBL234,CHEMBL35182,9873377
265,P35462,OOEUHRGMLFVKQO-UHFFFAOYSA-N,C1CN(CCN1CC2=CNC3=C2C=CC=N3)C4=CC=C(C=C4)I,C1CN(CCN1CC2=CNC3=C2C=CC=N3)C4=CC=C(C=C4)I,Ki,>4500,nM,BindingDB,,50050465,8642550
266,P35462,YLJUQDZJFUBUSL-UHFFFAOYSA-N,CN1C(=NN=C1SCCCN2CCOC(C2)C3=CC=C(C=C3)C(F)(F)F)C4=NC=CN=C4,CN1C(=NN=C1SCCCN2CCOC(C2)C3=CC=C(C=C3)C(F)(F)F)C4=NC=CN=C4,Ki,>10000,nM,ChEMBL,CHEMBL234,CHEMBL3765169,26786693
267,P35462,OGWAJJGAXANYMJ-UHFFFAOYSA-N,CN1CCN(CC1)C2=C(C=CC(=C2)NC(=O)N3CCN(CC3)C4=CC=C(C=C4)Cl)OC,CN1CCN(CC1)C2=C(C=CC(=C2)NC(=O)N3CCN(CC3)C4=CC=C(C=C4)Cl)OC,Ki,>10000,nM,BindingDB,,50173091,16143528
269,P35462,WJXQBRZOHAKKTH-UHFFFAOYSA-N,COC1=CC2=C(C=C1)C3C4=CC=CC=C4CCN3CC2,COC1=CC2=C(C=C1)C3C4=CC=CC=C4CCN3CC2,Ki,>10000,nM,BindingDB,,50304394,19744859
270,P35462,FFFHZYDWPBMWHY-UHFFFAOYSA-N,C(CS)C(C(=O)O)N,C(CS)C(C(=O)O)N,Ki,>10000,nM,PDSP,,,12649361
271,P35462,BLGOAHHKRXNKKY-UHFFFAOYSA-N,CN1C=CC=C1C2=NN=C(N2C)SCCCN3CCOC(C3)C4=CC=C(C=C4)C(F)(F)F,CN1C=CC=C1C2=NN=C(N2C)SCCCN3CCOC(C3)C4=CC=C(C=C4)C(F)(F)F,Ki,>10000,nM,ChEMBL,CHEMBL234,CHEMBL3764739,26786693
274,P35462,DAVHXSIZTCBGJE-IYBDPMFKSA-N,CC1CN(CC(N1)C)CCCN2C3=C(C=C(C=C3)N)C4=CC=CC=C42,C[C@@H]1CN(C[C@@H](N1)C)CCCN2C3=C(C=C(C=C3)N)C4=CC=CC=C42,Ki,>8000,nM,ChEMBL,CHEMBL234,CHEMBL318770,11543687
277,P35462,YMRDVYNNWZFRFP-UHFFFAOYSA-N,CC1=C(OC=N1)C2=NN=C(N2C)SCCCN3CCOC(C3)C4=C(C=C(C=C4)C(F)(F)F)F,CC1=C(OC=N1)C2=NN=C(N2C)SCCCN3CCOC(C3)C4=C(C=C(C=C4)C(F)(F)F)F,Ki,>10000,nM,ChEMBL,CHEMBL234,CHEMBL3764586,26786693
278,P35462,VGSYEFOBFMUWGO-OAHLLOKOSA-N,CC1CCCN1CCC2=CC3=C(O2)C=CC(=C3)C(=O)C4=CC=C(C=C4)F,C[C@@H]1CCCN1CCC2=CC3=C(O2)C=CC(=C3)C(=O)C4=CC=C(C=C4)F,Ki,>10000,nM,BindingDB,,50158610,22313227
280,P35462,ZBPNGKUYZAIANH-UHFFFAOYSA-N,CCOC(=O)N1CCC2=CC=CC=C2CC3=C(CC1)C4=CC=CC=C4S3,CCOC(=O)N1CCC2=CC=CC=C2CC3=C(CC1)C4=CC=CC=C4S3,Ki,>1000,nM,ChEMBL,CHEMBL234,CHEMBL3754576,"MedChemComm, (2015) 6:9:1679"
281,P35462,APHXKHUFVKITGC-UHFFFAOYSA-N,C1CN(CCN1C(=O)C2=CC=C(C=C2)C3=CC=CC=C3)C(=O)C4=CC5=C(C=C4)C=CN5,C1CN(CCN1C(=O)C2=CC=C(C=C2)C3=CC=CC=C3)C(=O)C4=CC5=C(C=C4)C=CN5,Ki,>10000,nM,BindingDB,,50312770,20137933
282,P35462,VUFRFPUOFHXBBM-HRFSGMKKSA-N,CC1=NC2=CC=CC(=C2C=C1)C3=NN=C(N3C)SCCCN4CC5CC5(C4)C6=CC=C(C=C6)Br,CC1=NC2=CC=CC(=C2C=C1)C3=NN=C(N3C)SCCCN4C[C@H]5C[C@]5(C4)C6=CC=C(C=C6)Br,Ki,>501.19,nM,ChEMBL,CHEMBL234,CHEMBL1080164,19891474
284,P35462,YKCXNSAIVWHWKR-IQZDNPOKSA-N,CC1C2C(CN1CC3=CC=CC=C3)C(C2N4CCCC4)CO,C[C@@H]1[C@@H]2[C@H](CN1CC3=CC=CC=C3)[C@@H]([C@H]2N4CCCC4)CO,Ki,36000,nM,BindingDB,,50389443,22846798
285,P35462,ZFUOLNAKPBFDIJ-UHFFFAOYSA-N,COC1=CC=CC=C1CNCCC2=CC(=C(C=C2OC)I)OC,COC1=CC=CC=C1CNCCC2=CC(=C(C=C2OC)I)OC,Ki,>500,nM,BindingDB,,50271706,18468904
289,P35462,LGZPNSXZRKGUES-DKSPCFMDSA-N,CN(CCC1=CC(=CC=C1)F)C2C3C4CC5C2C6C3CC4C56,CN(CCC1=CC(=CC=C1)F)[C@H]2C3C4CC5C2C6C3CC4C56,Ki,>10000,nM,ChEMBL,CHEMBL234,CHEMBL1643902,21146989
290,P35462,LBIPTTYQIBCFPG-UHFFFAOYSA-N,CC1=CC=C(C=C1)C2CN(CCC3=C(C(=C(C=C23)O)O)Br)C,CC1=CC=C(C=C1)C2CN(CCC3=C(C(=C(C=C23)O)O)Br)C,Ki,>10000,nM,BindingDB,,86264,12921854
293,P35462,CHWNCWDZWSQLTG-UHFFFAOYSA-N,CC1=NC(=CC=C1)N2CCN(CC2)CCCCNC(=O)C3=CC=CC=N3,CC1=NC(=CC=C1)N2CCN(CC2)CCCCNC(=O)C3=CC=CC=N3,Ki,>1000,nM,ChEMBL,CHEMBL234,CHEMBL3358516,25343529
297,P35462,WRHLCVDDLDKASN-UHFFFAOYSA-N,C1CN(CCN1CC2=CC=CS2)C3=CC=C(C=C3)F,C1CN(CCN1CC2=CC=CS2)C3=CC=C(C=C3)F,Ki,>10000,nM,ChEMBL,CHEMBL234,CHEMBL2420775,23920439
298,P35462,CBQGYUDMJHNJBX-UHFFFAOYSA-N,CCOC1=CC=CC=C1OC(C2CNCCO2)C3=CC=CC=C3,CCOC1=CC=CC=C1OC(C2CNCCO2)C3=CC=CC=C3,Ki,>10000,nM,PDSP,,,11454918
299,P35462,XKKQDWMQMVRHDS-UHFFFAOYSA-N,COC1=CC=CC=C1N2CCN(CC2)CCCNC(=O)C3=CC4=NON=C4C=C3,COC1=CC=CC=C1N2CCN(CC2)CCCNC(=O)C3=CC4=NON=C4C=C3,Ki,>1000,nM,BindingDB,,50274871,19081257
301,P35462,RZAVUFOOSFLHIY-UHFFFAOYSA-N,CC1=NN2C(=C1CN3CCN(CC3)C4=CC=C(C=C4)Cl)C=CC=C2C#C,CC1=NN2C(=C1CN3CCN(CC3)C4=CC=C(C=C4)Cl)C=CC=C2C#C,Ki,17000,nM,ChEMBL,CHEMBL234,CHEMBL156851,11844688
303,P35462,XUJNEKJLAYXESH-UHFFFAOYSA-N,C(C(C(=O)O)N)S,C(C(C(=O)O)N)S,Ki,>10000,nM,BindingDB,,86203,12649361
305,P35462,FFEARJCKVFRZRR-UHFFFAOYSA-N,CSCCC(C(=O)[O-])[NH3+],CSCCC(C(=O)[O-])[NH3+],Ki,>10000,nM,BindingDB,,86195,12649361
306,P35462,IRKUMRQQBHRFLD-UHFFFAOYSA-N,CC1=CC=CC(=C1)C2=CC3=C(C=C2O)C(CN(CC3)C)C4=CC=CC=C4,CC1=CC=CC(=C1)C2=CC3=C(C=C2O)C(CN(CC3)C)C4=CC=CC=C4,Ki,>1000,nM,BindingDB,,50100431,25076379
309,P35462,DQPPITADMDONIT-UHFFFAOYSA-N,CC1=CC(=NC=C1)N2CCN(CC2)CCC3C4=CC=CC=C4C(=O)N3,CC1=CC(=NC=C1)N2CCN(CC2)CCC3C4=CC=CC=C4C(=O)N3,Ki,>3000,nM,ChEMBL,CHEMBL234,CHEMBL37638,9873377
311,P35462,XVOYSCVBGLVSOL-UHFFFAOYSA-N,C(C(C(=O)O)N)S(=O)(=O)O,C(C(C(=O)O)N)S(=O)(=O)O,Ki,>10000,nM,BindingDB,,85473,12649361
315,P35462,WTLBLIGPXACYET-UHFFFAOYSA-N,C1=C(C=C(C=C1C#N)F)C#CC2=CSC(=N2)CF,C1=C(C=C(C=C1C#N)F)C#CC2=CSC(=N2)CF,Ki,>10000,nM,ChEMBL,CHEMBL234,CHEMBL229429,17571866
316,P35462,SMRWXTZCUTYMQO-MRXNPFEDSA-N,CN1CCC2=C3C1CC4=C(C3=CC(=C2)OCCCF)C(=C(C=C4)O)O,CN1CCC2=C3[C@H]1CC4=C(C3=CC(=C2)OCCCF)C(=C(C=C4)O)O,Ki,>10000,nM,BindingDB,,50336858,21666830
317,P35462,SGWVLOCBQLQWQV-UHFFFAOYSA-N,C1CN(CCN1C2=CC=C(C=C2)Cl)C(=O)C3=C4C=CC=CN4N=C3,C1CN(CCN1C2=CC=C(C=C2)Cl)C(=O)C3=C4C=CC=CN4N=C3,Ki,61000,nM,BindingDB,,50073807,9990464
318,P35462,MJOVYQVAQIHDSE-DKSPCFMDSA-N,CN(CCC1=CC=CC=C1)C2C3C4CC5C2C6C3CC4C56,CN(CCC1=CC=CC=C1)[C@H]2C3C4CC5C2C6C3CC4C56,Ki,>10000,nM,ChEMBL,CHEMBL234,CHEMBL2432058,23981939
319,P35462,HMMLWDCQIVJIHP-UHFFFAOYSA-N,CC1=NC2=CC=CC(=C2C=C1)C3=NN=C(N3C)SCCCN4CC5CC5(C4)C6=CC=CC=C6,CC1=NC2=CC=CC(=C2C=C1)C3=NN=C(N3C)SCCCN4CC5CC5(C4)C6=CC=CC=C6,Ki,>501.19,nM,ChEMBL,CHEMBL234,CHEMBL1081203,19891474
321,P35462,MSRMAGLOYWBNOO-UHFFFAOYSA-N,C1CCN(C1)CCOC2=CC=CC=C2C(C3=CC=CC=C3)O,C1CCN(C1)CCOC2=CC=CC=C2C(C3=CC=CC=C3)O,Ki,>10000,nM,BindingDB,,50151047,15293986
322,P35462,WQOCUOYKDKZARU-UHFFFAOYSA-N,CC1=CC=C(C=C1)C2CN(CCO2)CCCSC3=NN=C(N3C)C4=CC=C(C=C4)C5=NOC(=N5)C,CC1=CC=C(C=C1)C2CN(CCO2)CCCSC3=NN=C(N3C)C4=CC=C(C=C4)C5=NOC(=N5)C,Ki,>10000,nM,ChEMBL,CHEMBL234,CHEMBL3764246,26786693
323,P35462,OTVQCHUIPJYASM-UHFFFAOYSA-N,C1CN(CCN1CC2=CN=C(N2)C3=CC=CC=C3)C4=NC=CC=N4,C1CN(CCN1CC2=CN=C(N2)C3=CC=CC=C3)C4=NC=CC=N4,Ki,>8000,nM,ChEMBL,CHEMBL234,CHEMBL103772,9016321
324,P35462,QASCBWTWFDWZJI-UHFFFAOYSA-N,CC1(C(=O)C2=C(C=C(C=C2NC1=O)Cl)Cl)C3=CC(=CC=C3)OCC4=CC=CC=C4,CC1(C(=O)C2=C(C=C(C=C2NC1=O)Cl)Cl)C3=CC(=CC=C3)OCC4=CC=CC=C4,Ki,>10000,nM,ChEMBL,CHEMBL234,CHEMBL253096,18053713
325,P35462,ZXUYYZPJUGQHLQ-KRWDZBQOSA-N,C1CN(CCN1CCCC(C2=CC=C(C=C2)F)O)C3=NC=C(C=N3)F,C1CN(CCN1CCC[C@@H](C2=CC=C(C=C2)F)O)C3=NC=C(C=N3)F,Ki,>2000,nM,BindingDB,,50036736,7902870
326,P35462,GIYXEZZPINFSPU-UHFFFAOYSA-N,CC1=C(NC(=O)N1C2CCN(CC2)CCC3=CC=CC=C3)C4=CC=CC=C4,CC1=C(NC(=O)N1C2CCN(CC2)CCC3=CC=CC=C3)C4=CC=CC=C4,Ki,>3200,nM,BindingDB,,50079177,10411491
328,P35462,WZANXVXLOKIMAM-SSDOTTSWSA-N,C1C(CN2C3=C1C=CC=C3NC2=O)N,C1[C@H](CN2C3=C1C=CC=C3NC2=O)N,Ki,11800,nM,ChEMBL,CHEMBL234,CHEMBL3799271,27035329
329,P35462,MMZBXOUZUBNDST-OAHLLOKOSA-N,CN1CCC2=C3C1CC4=C(C3=CC(=C2)OCCF)C(=C(C=C4)O)O,CN1CCC2=C3[C@H]1CC4=C(C3=CC(=C2)OCCF)C(=C(C=C4)O)O,Ki,>10000,nM,BindingDB,,50336859,21666830
330,P35462,PMZOPKCHYGDQPO-UHFFFAOYSA-N,CN1C(=NN=C1SCCCN2CCOC(C2)C3=CC=C(C=C3)C(F)(F)F)C4=CC=C(C=C4)C5=NC=CO5,CN1C(=NN=C1SCCCN2CCOC(C2)C3=CC=C(C=C3)C(F)(F)F)C4=CC=C(C=C4)C5=NC=CO5,Ki,>10000,nM,ChEMBL,CHEMBL234,CHEMBL3764143,26786693
331,P35462,ODRXDASPVTXFDY-UHFFFAOYSA-N,CN1C(=NN=C1SCCCN2CCOC(C2)C3=C(C=C(C=C3)C(F)(F)F)F)C4=CC=C(C=C4)C(=O)N,CN1C(=NN=C1SCCCN2CCOC(C2)C3=C(C=C(C=C3)C(F)(F)F)F)C4=CC=C(C=C4)C(=O)N,Ki,>10000,nM,ChEMBL,CHEMBL234,CHEMBL3764597,26786693
335,P35462,JUDKOGFHZYMDMF-CQSZACIVSA-N,C1CNCC(C2=CC(=C(C=C21)O)O)C3=CC=CC=C3,C1CNC[C@@H](C2=CC(=C(C=C21)O)O)C3=CC=CC=C3,Ki,>10000,nM,BindingDB,,50004822,9686407
338,P35462,ZBGYXTWHZHZMHW-UHFFFAOYSA-N,CN1C(=NN=C1SCCCN2CCOC(C2)C3=CC=C(C=C3)C(F)(F)F)C4=CC(=CC=C4)C(=O)N,CN1C(=NN=C1SCCCN2CCOC(C2)C3=CC=C(C=C3)C(F)(F)F)C4=CC(=CC=C4)C(=O)N,Ki,>10000,nM,ChEMBL,CHEMBL234,CHEMBL3764212,26786693
339,P35462,CMFMZBLAQQULNF-UHFFFAOYSA-N,CC(=O)NCC1(CCN(CC1)CC2=CNC3=CC=CC=C32)C4=CC=C(C=C4)Cl,CC(=O)NCC1(CCN(CC1)CC2=CNC3=CC=CC=C32)C4=CC=C(C=C4)Cl,Ki,12500,nM,BindingDB,,50198267,17095222
341,P35462,RWDSDWDANDUVKH-UHFFFAOYSA-N,C1CN2C(CN1CCCCNC(=O)C3=CC4=CC=CC=C4C=C3)C5=CC=CC=C5CC6=CC=CC=C62,C1CN2C(CN1CCCCNC(=O)C3=CC4=CC=CC=C4C=C3)C5=CC=CC=C5CC6=CC=CC=C62,Ki,>1000,nM,BindingDB,,50221397,17826096
342,P35462,PWQSSAWBTAKELO-UHFFFAOYSA-N,CS(=O)(=O)C1=CC2=C(C=C1)SC3=CC=CC=C3N2CCCN4CCC(CC4)C(=O)O,CS(=O)(=O)C1=CC2=C(C=C1)SC3=CC=CC=C3N2CCCN4CCC(CC4)C(=O)O,Ki,>100,nM,BindingDB,,179868,
343,P35462,WHYWZOSKHMUDHU-UHFFFAOYSA-N,COC1=CC=C(C=C1)N2CCN(CC2)CCC3C4=CC=CC=C4C(=O)N3,COC1=CC=C(C=C1)N2CCN(CC2)CCC3C4=CC=CC=C4C(=O)N3,Ki,>3000,nM,ChEMBL,CHEMBL234,CHEMBL37706,9873377
344,P35462,JEYKBVBGFCMXAB-UHFFFAOYSA-N,CN1CCCC1CC2=CNC3=C2C=C(C=C3)NS(=O)(=O)C4=CC=CC=C4Cl,CN1CCCC1CC2=CNC3=C2C=C(C=C3)NS(=O)(=O)C4=CC=CC=C4Cl,Ki,>1000,nM,BindingDB,,50159180,15658848
345,P35462,LSTIDGGQGHFYCB-UHFFFAOYSA-N,CN1C(=NN=C1SCCCN2CCOC(C2)C3=CC=C(C=C3)C(F)(F)F)C4=NC=CS4,CN1C(=NN=C1SCCCN2CCOC(C2)C3=CC=C(C=C3)C(F)(F)F)C4=NC=CS4,Ki,>10000,nM,ChEMBL,CHEMBL234,CHEMBL3764884,26786693
346,P35462,HKYVEEPQWZMBJJ-UHFFFAOYSA-N,CC1=CC=CC=C1CC2C3=C(CCN2C)C=C(C=C3)O,CC1=CC=CC=C1CC2C3=C(CCN2C)C=C(C=C3)O,Ki,>10000,nM,ChEMBL,CHEMBL234,CHEMBL594798,19744859
348,P35462,WHEWCDCGFVTYAK-UHFFFAOYSA-N,CN1C(=NN=C1SCCCN2CCOC(C2)C3=CC=C(C=C3)C(F)(F)F)C4=CN=CC=C4,CN1C(=NN=C1SCCCN2CCOC(C2)C3=CC=C(C=C3)C(F)(F)F)C4=CN=CC=C4,Ki,>10000,nM,ChEMBL,CHEMBL234,CHEMBL3764612,26786693
349,P35462,FXPWIJUEEVCPAI-SECBINFHSA-N,CNC1CC2=C3C(=CC(=C2)C#N)NC(=O)N3C1,CN[C@@H]1CC2=C3C(=CC(=C2)C#N)NC(=O)N3C1,Ki,27200,nM,BindingDB,,50164882,27035329
351,P35462,MESZSUFNQDICOD-SFHVURJKSA-N,CC1CN(CCN1C(=O)C2=CC3=C(C=C2)C=CN3)C(=O)C4=CC=C(C=C4)C5=CC=CC=C5F,C[C@H]1CN(CCN1C(=O)C2=CC3=C(C=C2)C=CN3)C(=O)C4=CC=C(C=C4)C5=CC=CC=C5F,Ki,>10000,nM,BindingDB,,50312778,20137933
354,P35462,GPZMWOXSIRVXQW-OAHLLOKOSA-N,CC1CCCN1CCC2=CC3=C(O2)C=CC(=C3)C(=O)C4=CC=C(C=C4)[N+](=O)[O-],C[C@@H]1CCCN1CCC2=CC3=C(O2)C=CC(=C3)C(=O)C4=CC=C(C=C4)[N+](=O)[O-],Ki,>10000,nM,ChEMBL,CHEMBL234,CHEMBL2031737,22313227
355,P35462,DVSMVUMYJDOPJQ-UHFFFAOYSA-N,CN1CCC2=C(C1)C3=C4N2C5=CC=CC=C5CCC4=CC=C3,CN1CCC2=C(C1)C3=C4N2C5=CC=CC=C5CCC4=CC=C3,Ki,>10000,nM,ChEMBL,CHEMBL234,CHEMBL3104091,24365159
358,P35462,DVYBIZHLZSDANU-QGZVFWFLSA-N,COC1=CC=CC=C1N2CCN(CC2)CC3CN=C4N3C(=NC5=CC=CC=C54)SC,COC1=CC=CC=C1N2CCN(CC2)C[C@H]3CN=C4N3C(=NC5=CC=CC=C54)SC,Ki,>50,nM,BindingDB,,50369382,9703460
362,P35462,PBNAEPBSIPQZEL-UHFFFAOYSA-N,CCCN(CCC)C1CCN2C(=C(C=N2)C(=O)OC)C1,CCCN(CCC)C1CCN2C(=C(C=N2)C(=O)OC)C1,Ki,17000,nM,BindingDB,,50172513,16134944
364,P35462,ZOAKYUHDXICZSY-UHFFFAOYSA-N,CC1=CC(=C(C=C1)OC)C(=O)NCCN2C3C4C5CC6C4C2(C7C6C5C73)O,CC1=CC(=C(C=C1)OC)C(=O)NCCN2C3C4C5CC6C4C2(C7C6C5C73)O,Ki,>10000,nM,ChEMBL,CHEMBL234,CHEMBL1779060,21555222
365,P35462,YALLSPQJAUWZEO-UHFFFAOYSA-N,C1CNCCC1C(=O)NCC2C3=CC=CC=C3C4=CC=CC=C24,C1CNCCC1C(=O)NCC2C3=CC=CC=C3C4=CC=CC=C24,Ki,>8000,nM,BindingDB,,50104134,11543687
366,P35462,GVOGXTVYHLDSDH-HZPDHXFCSA-N,CCCN1CCOC2C1CCC3=C2C=C(C=C3)C(=O)NC,CCCN1CCO[C@H]2[C@H]1CCC3=C2C=C(C=C3)C(=O)NC,Ki,>10000,nM,BindingDB,,50413629,19324548
369,P35462,QVNYQMPOJPXEFQ-UHFFFAOYSA-N,CC1=CC(=C(C=C1)C23CC2CN(C3)CCCSC4=NN=C(N4C)C5=C(N=CO5)C)F,CC1=CC(=C(C=C1)C23CC2CN(C3)CCCSC4=NN=C(N4C)C5=C(N=CO5)C)F,Ki,>630.96,nM,ChEMBL,CHEMBL234,CHEMBL1081869,19891474
370,P35462,LRXQEJJAWAKGAJ-UHFFFAOYSA-N,C1CN(CCN1CCCN2C3=CC=CC=C3C4=CC=CC=C42)C5=CC=CC=C5Cl,C1CN(CCN1CCCN2C3=CC=CC=C3C4=CC=CC=C42)C5=CC=CC=C5Cl,Ki,>4000,nM,BindingDB,,50082052,11543687
371,P35462,RKVOQFDZLRUOCJ-UHFFFAOYSA-N,C1CN2CCC3=C(C2C4=CC=CC=C41)C5=CC=CC=C5N3,C1CN2CCC3=C(C2C4=CC=CC=C41)C5=CC=CC=C5N3,Ki,>10000,nM,ChEMBL,CHEMBL234,CHEMBL1086789,20180564
372,P35462,XJDSIWDPPZVMAG-UHFFFAOYSA-N,COC1=C(C=C(C=C1)CCN2CCCC3=CC=CC=C3C2)Cl,COC1=C(C=C(C=C1)CCN2CCCC3=CC=CC=C3C2)Cl,Ki,>10000,nM,BindingDB,,50219146,17676831
377,P35462,DXNOFPQQCQAJFH-MRXNPFEDSA-N,C1CC(NC1)CC2=CNC3=C2C=C(C=C3)NS(=O)(=O)CC4=CC=CC=C4I,C1C[C@@H](NC1)CC2=CNC3=C2C=C(C=C3)NS(=O)(=O)CC4=CC=CC=C4I,Ki,>5000,nM,ChEMBL,CHEMBL234,CHEMBL2113386,15658848
379,P35462,VBOQYPQEPHKASR-UHFFFAOYSA-N,C(CS(=O)(=O)O)C(C(=O)O)N,C(CS(=O)(=O)O)C(C(=O)O)N,Ki,>10000,nM,BindingDB,,50164447,12649361
380,P35462,PGAUZNVGTNAJSV-UHFFFAOYSA-N,CN1CCN(CC1)C2=C(C=CC(=C2)NC(=O)N3CCN(CC3)C4=CC=CC=C4F)OC,CN1CCN(CC1)C2=C(C=CC(=C2)NC(=O)N3CCN(CC3)C4=CC=CC=C4F)OC,Ki,>10000,nM,BindingDB,,50173092,16143528
382,P35462,MTTIQVJXLIYTBS-HUUCEWRRSA-N,CCCN1CCOC2C1CCC3=C2C=C(C=C3)C4=NNN=N4,CCCN1CCO[C@H]2[C@H]1CCC3=C2C=C(C=C3)C4=NNN=N4,Ki,>10000,nM,ChEMBL,CHEMBL234,CHEMBL485017,19324548
383,P35462,HDJCZKUMAPSZET-UHFFFAOYSA-N,C1CCCN(CC1)CCN2CCN(C2=O)C3=CC=NC=C3,C1CCCN(CC1)CCN2CCN(C2=O)C3=CC=NC=C3,Ki,>630.96,nM,ChEMBL,CHEMBL234,CHEMBL1083815,20153647
385,P35462,KGAWYOXARZIJOP-UHFFFAOYSA-N,CN1C2=CC=CC=C2N=C1CN3CCN(CC3)C4=NC5=CC=CC=C5S4,CN1C2=CC=CC=C2N=C1CN3CCN(CC3)C4=NC5=CC=CC=C5S4,Ki,>10000,nM,ChEMBL,CHEMBL234,CHEMBL595609,20005096
386,P35462,FRYFTASOYSPSFB-UHFFFAOYSA-N,C1CC(CNC1)CN2CCN(C2=O)C3=CC(=CC=C3)Cl,C1CC(CNC1)CN2CCN(C2=O)C3=CC(=CC=C3)Cl,Ki,>630.96,nM,ChEMBL,CHEMBL234,CHEMBL1085673,20153647
387,P35462,CSMHWQDLHDNUCX-UHFFFAOYSA-N,COC1=C(C=C2CCN3CCCC4=CC=CC=C4C3C2=C1)Cl,COC1=C(C=C2CCN3CCCC4=CC=CC=C4C3C2=C1)Cl,Ki,>10000,nM,ChEMBL,CHEMBL234,CHEMBL394777,17676831
389,P35462,VBOQYPQEPHKASR-VKHMYHEASA-N,C(CS(=O)(=O)O)C(C(=O)O)N,C(CS(=O)(=O)O)[C@@H](C(=O)O)N,Ki,>10000,nM,BindingDB,,50220147,12649361
390,P35462,HSWZTUYZQLIVNT-UHFFFAOYSA-N,CN1CCC(CC1)C2=CC(=NN2)C3=CC=C(C=C3)Cl,CN1CCC(CC1)C2=CC(=NN2)C3=CC=C(C=C3)Cl,Ki,>1900,nM,BindingDB,,50059236,9240352
391,P35462,JLSSZJJVQVSQHQ-UHFFFAOYSA-N,CC1=C(NC(=O)N1C2CCN(CC2)CC3=CC=CC(=C3)C#N)C4=CC=CC=C4,CC1=C(NC(=O)N1C2CCN(CC2)CC3=CC=CC(=C3)C#N)C4=CC=CC=C4,Ki,>4800,nM,BindingDB,,50079171,10411491
392,P35462,JSGIEHICMIFPBV-UHFFFAOYSA-N,CN1C(C2=CC=CC=C2C1=O)CCN3CCN(CC3)C4=CC=C(C=C4)OC,CN1C(C2=CC=CC=C2C1=O)CCN3CCN(CC3)C4=CC=C(C=C4)OC,Ki,>3000,nM,BindingDB,,50070510,9873377
394,P35462,GHWJEDJMOVUXEC-UHFFFAOYSA-N,C1CNCC(C2=CC(=C(C(=C21)Cl)O)O)C3=CC=CC=C3,C1CNCC(C2=CC(=C(C(=C21)Cl)O)O)C3=CC=CC=C3,Ki,>10000,nM,BindingDB,,86282,12921854
395,P35462,CKFQOWSPJPMWEK-IINHSQADSA-N,CN(CCCC1=CC(=CC=C1)F)C2C3C4CC5C2C6C3CC4C56,CN(CCCC1=CC(=CC=C1)F)[C@H]2C3C4CC5C2C6C3CC4C56,Ki,>10000,nM,ChEMBL,CHEMBL234,CHEMBL2432060,23981939
401,P35462,RHJBKBICPFYODT-UHFFFAOYSA-N,C1CCCN(CC1)CCN2C=CN(C2=O)C3=CC(=CC=C3)Cl,C1CCCN(CC1)CCN2C=CN(C2=O)C3=CC(=CC=C3)Cl,Ki,>630.96,nM,ChEMBL,CHEMBL234,CHEMBL1083816,20153647
402,P35462,BRWKJOUZUNEUTN-UHFFFAOYSA-N,CCCNC1CC2=CC3=C(C=C2C1)SC(=N3)N,CCCNC1CC2=CC3=C(C=C2C1)SC(=N3)N,Ki,>10000,nM,ChEMBL,CHEMBL234,CHEMBL118637,11000009
403,P35462,ZJULUTHVMWQMLJ-OAHLLOKOSA-N,CCCN(CCC)C1CCN2C(=CC=C2CN(C)C)C1,CCCN(CCC)[C@@H]1CCN2C(=CC=C2CN(C)C)C1,Ki,12022.64,nM,ChEMBL,CHEMBL234,CHEMBL364532,15801839
406,P35462,CJCQHAUDAPOVBD-CQSZACIVSA-N,CCCN1CCCC(C1)C2=CC=CC(=C2)C(=O)N,CCCN1CCC[C@H](C1)C2=CC=CC(=C2)C(=O)N,Ki,>1285,nM,BindingDB,,50039761,8064801
407,P35462,DQESEABEPUDVEZ-UHFFFAOYSA-N,C1COCCN1CCOC2=CC=CC=C2CC3=CC=CC=C3,C1COCCN1CCOC2=CC=CC=C2CC3=CC=CC=C3,Ki,>10000,nM,ChEMBL,CHEMBL234,CHEMBL365697,15293986
408,P35462,DVYBIZHLZSDANU-UHFFFAOYSA-N,COC1=CC=CC=C1N2CCN(CC2)CC3CN=C4N3C(=NC5=CC=CC=C54)SC,COC1=CC=CC=C1N2CCN(CC2)CC3CN=C4N3C(=NC5=CC=CC=C54)SC,Ki,>50,nM,ChEMBL,CHEMBL234,CHEMBL1744044,9703460
409,P35462,HEHPXIHFYMLODY-UHFFFAOYSA-N,CS(=O)(=O)NC1=C(C=CC(=C1)OCCNCC2=CC=CC=C2)F,CS(=O)(=O)NC1=C(C=CC(=C1)OCCNCC2=CC=CC=C2)F,Ki,>5000,nM,BindingDB,,50069912,9871673
410,P35462,ZWNHEPFDYRKYSD-OAHLLOKOSA-N,CCCN1CCCC(C1)C2=CC=CC(=C2)C(=O)OC,CCCN1CCC[C@H](C1)C2=CC=CC(=C2)C(=O)OC,Ki,>1285,nM,BindingDB,,50039753,8064801
411,P35462,PAZHMMYMPVTXLZ-RTBURBONSA-N,CCCCNC(=O)C1=CC2=C(CCC3C2OCCN3CCC)C=C1,CCCCNC(=O)C1=CC2=C(CC[C@@H]3[C@@H]2OCCN3CCC)C=C1,Ki,>10000,nM,BindingDB,,50413620,19324548
412,P35462,JNDPGFKINLFTLJ-UHFFFAOYSA-N,CN1CCC2=C(C=C(C=C2)N)C(C1)C3=CC=CC=C3,CN1CCC2=C(C=C(C=C2)N)C(C1)C3=CC=CC=C3,Ki,>1000,nM,ChEMBL,CHEMBL234,CHEMBL3325920,25076379
414,P35462,HGQXWXQQBNFBJT-UHFFFAOYSA-N,CC1=CC=CC(=C1)C2CNCCC3=C(C(=C(C=C23)O)O)Br,CC1=CC=CC(=C1)C2CNCCC3=C(C(=C(C=C23)O)O)Br,Ki,>10000,nM,BindingDB,,86270,12921854
419,P35462,BJWYIHWMKMZYRS-IBGZPJMESA-N,C1CN=C(NC1CN2CCN(CC2)C3=CC=CC=C3)C4=CC=CC=C4,C1CN=C(N[C@@H]1CN2CCN(CC2)C3=CC=CC=C3)C4=CC=CC=C4,Ki,13000,nM,BindingDB,,50124193,12617906
420,P35462,YKMSTUDOGGAEJH-UHFFFAOYSA-N,CN1C2=CC=CC=C2N=C1CN3CCN(CC3)C4=CC=C(C=C4)Cl,CN1C2=CC=CC=C2N=C1CN3CCN(CC3)C4=CC=C(C=C4)Cl,Ki,>10000,nM,BindingDB,,71863,20005096
421,P35462,MOWGNBXIJRPPMR-UHFFFAOYSA-N,COC1=CC=C(C=C1)N2CCN(CC2)CC3=CC4=C(C=C3)OCC(=O)N4,COC1=CC=C(C=C1)N2CCN(CC2)CC3=CC4=C(C=C3)OCC(=O)N4,Ki,>3030,nM,BindingDB,,50083336,10602703
422,P35462,GNYXSGLNCOUDJV-UHFFFAOYSA-N,C1CN(CCN1CCC2C3=CC=CC=C3C(=O)N2)C4=CC5=CC=CC=C5C=C4,C1CN(CCN1CCC2C3=CC=CC=C3C(=O)N2)C4=CC5=CC=CC=C5C=C4,Ki,>3000,nM,BindingDB,,50070512,9873377
423,P35462,XUTWKCUZLXNZPI-UHFFFAOYSA-N,CC1(C(=O)C2=C(C=C(C=C2NC1=O)Cl)Cl)C3=CC=CC=C3,CC1(C(=O)C2=C(C=C(C=C2NC1=O)Cl)Cl)C3=CC=CC=C3,Ki,>10000,nM,BindingDB,,50228645,18053713
425,P35462,OKCSFONJDXUZOU-CAUKCHDASA-N,C1CCC(CC1)CNC2C3C4CC5C2C6C3CC4C56,C1CCC(CC1)CN[C@H]2C3C4CC5C2C6C3CC4C56,Ki,>10000,nM,ChEMBL,CHEMBL234,CHEMBL2432038,23981939
427,P35462,LILDBTJYRFAMFE-VCSLONGPSA-N,CCCN1CCC2C3C1CCCC3C(C4=C2C=C5C=CC(=CC5=N4)C(F)(F)F)CC,CCCN1CC[C@@H]2[C@H]3[C@H]1CCC[C@@H]3[C@H](C4=C2C=C5C=CC(=CC5=N4)C(F)(F)F)CC,Ki,>10000,nM,BindingDB,,50204306,27839919
428,P35462,UROZVASCLWFZOW-UHFFFAOYSA-N,CC1=C(C=C(C=C1)C2CCN(CC2)CC3=CC4=C(C=C3)OCC(=O)N4)C,CC1=C(C=C(C=C1)C2CCN(CC2)CC3=CC4=C(C=C3)OCC(=O)N4)C,Ki,>3030,nM,ChEMBL,CHEMBL234,CHEMBL149596,10602703
431,P35462,WGTCBXOFOSMWEQ-IBGZPJMESA-N,CC1CN(CCN1C(=O)C2=CC3=C(C=C2)C=CN3)C(=O)C4=CC=C(C=C4)C5=CC=CC=C5OC,C[C@H]1CN(CCN1C(=O)C2=CC3=C(C=C2)C=CN3)C(=O)C4=CC=C(C=C4)C5=CC=CC=C5OC,Ki,>10000,nM,ChEMBL,CHEMBL234,CHEMBL1081212,20137933
435,P35462,FLGOCJKEWNMJFU-UHFFFAOYSA-N,C1CN(CCN1CC2=CN=C(N2)C3=CC=CC=C3)C4=NC=NC=C4,C1CN(CCN1CC2=CN=C(N2)C3=CC=CC=C3)C4=NC=NC=C4,Ki,>8000,nM,ChEMBL,CHEMBL234,CHEMBL102599,9016321
437,P35462,KTAAQEHLGMUIRW-UHFFFAOYSA-N,CCC1=C(C=CC(=C1)OC)C2CC3=CC=CC=C3CN2C,CCC1=C(C=CC(=C1)OC)C2CC3=CC=CC=C3CN2C,Ki,>10000,nM,BindingDB,,50304406,19744859
438,P35462,KWTSXDURSIMDCE-UHFFFAOYSA-N,CC(CC1=CC=CC=C1)N,CC(CC1=CC=CC=C1)N,Ki,>10000,nM,BindingDB,,50005246,9686407
439,P35462,HPKXPFRRVVWAPD-UHFFFAOYSA-N,C1CCN(CC1)CC2=CNC3=CC=CC=C32,C1CCN(CC1)CC2=CNC3=CC=CC=C32,Ki,>3700,nM,BindingDB,,50050466,8642550
442,P35462,OBSYBRPAKCASQB-AGQYDFLVSA-N,CC(=O)OC1CC(C2(CCC3C(=O)OC(CC3(C2C1=O)C)C4=COC=C4)C)C(=O)OC,CC(=O)O[C@H]1C[C@H]([C@@]2(CC[C@H]3C(=O)O[C@@H](C[C@@]3([C@H]2C1=O)C)C4=COC=C4)C)C(=O)OC,Ki,>10000,nM,BindingDB,,50159165,12192085
443,P35462,MIJPHKXHAZCAQK-SFHVURJKSA-N,CC1CN(CCN1C(=O)C2=CC3=C(C=C2)C=CN3)C(=O)C4=CC=C(C=C4)C5=CC=C(C=C5)OC(F)(F)F,C[C@H]1CN(CCN1C(=O)C2=CC3=C(C=C2)C=CN3)C(=O)C4=CC=C(C=C4)C5=CC=C(C=C5)OC(F)(F)F,Ki,>10000,nM,ChEMBL,CHEMBL234,CHEMBL1080755,20137933
450,P35462,PQPVHIHIJVIEQG-UHFFFAOYSA-N,CC(C)(C)C1=CC=C(C=C1)SCCC2=CN=CN2,CC(C)(C)C1=CC=C(C=C1)SCCC2=CN=CN2,Ki,>1000,nM,BindingDB,,50317865,20384344
452,P35462,QDBZAAWPKCEIBY-HDICACEKSA-N,CC1CN(CC(N1C)C)CCCN2C3=CC=CC=C3C4=CC=CC=C42,C[C@@H]1CN(C[C@@H](N1C)C)CCCN2C3=CC=CC=C3C4=CC=CC=C42,Ki,>8000,nM,BindingDB,,50104117,11543687
455,P35462,SCFTWYRRDFJRSO-UHFFFAOYSA-N,CN1C2=CC=CC=C2N=C1CN3CCC(CC3)C4=CC=C(C=C4)C(F)(F)F,CN1C2=CC=CC=C2N=C1CN3CCC(CC3)C4=CC=C(C=C4)C(F)(F)F,Ki,>10000,nM,ChEMBL,CHEMBL234,CHEMBL593745,20005096
457,P35462,DXIJUOOAQKSDNE-UHFFFAOYSA-N,CC1=NC2=CC=CC(=C2C=C1)C3=NN=C(N3C)SCCC(C)N4CCC5=C(CC4)C=C6C(=C5)CN(C6=O)C,CC1=NC2=CC=CC(=C2C=C1)C3=NN=C(N3C)SCCC(C)N4CCC5=C(CC4)C=C6C(=C5)CN(C6=O)C,Ki,>501.19,nM,ChEMBL,CHEMBL234,CHEMBL272300,18248991
458,P35462,KNAMIYDBEIAANZ-UHFFFAOYSA-N,CC1CN(CCO1)CCOC2=CC=CC=C2CC3=CC=CC=C3,CC1CN(CCO1)CCOC2=CC=CC=C2CC3=CC=CC=C3,Ki,>10000,nM,BindingDB,,50151050,15293986
469,P35462,QZMSOIXRJNNDHS-UHFFFAOYSA-N,CN1CCC2=CC(=C(C=C2C(C1)C3=CC=CC=C3)O)N,CN1CCC2=CC(=C(C=C2C(C1)C3=CC=CC=C3)O)N,Ki,>1000,nM,BindingDB,,50100386,25076379
470,P35462,JXTPLVZCJWMJQJ-ZDUSSCGKSA-N,C1CNCC(C2=CC(=C(C(=C21)Br)O)O)C3=CC(=CC=C3)C(F)(F)F,C1CNC[C@H](C2=CC(=C(C(=C21)Br)O)O)C3=CC(=CC=C3)C(F)(F)F,Ki,>10000,nM,BindingDB,,86274,12921854
471,P35462,SUGVYNSRNKFXQM-UHFFFAOYSA-N,CC1=CC=C(C=C1)CN2C(=CC(=N2)C(=O)NC3C(C4CCC3(C4)C)(C)C)C5=CC(=C(C=C5)Cl)C,CC1=CC=C(C=C1)CN2C(=CC(=N2)C(=O)NC3C(C4CCC3(C4)C)(C)C)C5=CC(=C(C=C5)Cl)C,Ki,>10000,nM,PDSP,,,9454810
473,P35462,FKVYTXSHXQFEOI-HNNXBMFYSA-N,C1COC(CN1CC2=CNC3=C2C=CC(=C3)F)COC4=NC(=CC=C4)Cl,C1CO[C@@H](CN1CC2=CNC3=C2C=CC(=C3)F)COC4=NC(=CC=C4)Cl,Ki,>10000,nM,BindingDB,,50156813,27080176
474,P35462,CZUGKEKGXKWONC-SFHVURJKSA-N,CC1CN(CCN1C(=O)C2=CC3=C(C=C2)C=CN3)C(=O)C4=CC=C(C=C4)C5=CC=CC=C5C(F)(F)F,C[C@H]1CN(CCN1C(=O)C2=CC3=C(C=C2)C=CN3)C(=O)C4=CC=C(C=C4)C5=CC=CC=C5C(F)(F)F,Ki,>10000,nM,ChEMBL,CHEMBL234,CHEMBL1080735,20137933
475,P35462,WKFNOWSGTCBYBL-UHFFFAOYSA-N,CCCN(CCC)C1CCC(=CC1)C#N,CCCN(CCC)C1CCC(=CC1)C#N,Ki,13000,nM,ChEMBL,CHEMBL234,CHEMBL164631,10691700
477,P35462,PCPQHGBAGOWPLH-GOSISDBHSA-N,CC(=O)N(C)C1=C(C=C(C(=C1)OC)C(=O)NCC2CCN(C2)CC3=CC=CC=C3)Cl,CC(=O)N(C)C1=C(C=C(C(=C1)OC)C(=O)NC[C@H]2CCN(C2)CC3=CC=CC=C3)Cl,Ki,11000,nM,BindingDB,,50076041,10206547
478,P35462,RNXYMZNGMNWKMC-UHFFFAOYSA-N,COC(=O)CCCCCN1CCC(CC1)CNC(=O)C2=C3N(CCCO3)C4=CC=CC=C42,COC(=O)CCCCCN1CCC(CC1)CNC(=O)C2=C3N(CCCO3)C4=CC=CC=C42,Ki,>10000,nM,ChEMBL,CHEMBL234,CHEMBL1632158,21075638
479,P35462,KAWHMWCFXIXOBJ-HNNXBMFYSA-N,CC1=CC=CC(=C1)C2CN(CCC3=C(C(=C(C=C23)O)O)Br)C,CC1=CC=CC(=C1)[C@@H]2CN(CCC3=C(C(=C(C=C23)O)O)Br)C,Ki,>10000,nM,BindingDB,,86275,12921854
484,P35462,XXEHEVRQWFQRHR-UHFFFAOYSA-N,CCC(=O)N(C1CCN(CC1)CCCCNC(=O)C2=CC3=CC=CC=C3C=C2)C4=CC=CC=C4OC,CCC(=O)N(C1CCN(CC1)CCCCNC(=O)C2=CC3=CC=CC=C3C=C2)C4=CC=CC=C4OC,Ki,>1000,nM,ChEMBL,CHEMBL234,CHEMBL238877,17826096
486,P35462,HGRHWEAUHXYNNP-UHFFFAOYSA-N,COC1=CC2=C(C=C1)NC=C2CCN(CC=C)CC=C,COC1=CC2=C(C=C1)NC=C2CCN(CC=C)CC=C,Ki,>10000,nM,BindingDB,,50435344,26739781
488,P35462,ADVPTQAUNPRNPO-UHFFFAOYSA-N,C(C(C(=O)O)[NH3+])S(=O)[O-],C(C(C(=O)O)[NH3+])S(=O)[O-],Ki,>10000,nM,PDSP,,,12649361
492,P35462,BNXUKTBRYQQOIZ-UHFFFAOYSA-N,CN1CCN(CC1)C2=C(C=CC(=C2)NC(=O)N3CCN(CC3)C4=CC=C(C=C4)SC)OC,CN1CCN(CC1)C2=C(C=CC(=C2)NC(=O)N3CCN(CC3)C4=CC=C(C=C4)SC)OC,Ki,>10000,nM,ChEMBL,CHEMBL234,CHEMBL197796,16143528
494,P35462,ASYJQHKPLFUJFY-UHFFFAOYSA-N,C1CN(CC=C1C2=NC3=CC=CC=C3S2)CC4=CC=C(C=C4)Cl,C1CN(CC=C1C2=NC3=CC=CC=C3S2)CC4=CC=C(C=C4)Cl,Ki,>4400,nM,ChEMBL,CHEMBL234,CHEMBL306265,"Bioorg. Med. Chem. Lett., (1997) 7:17:2211"
498,P35462,ODUXFQKZMHFWKP-UHFFFAOYSA-N,CN1C(=NN=C1SCCCN2CCOC(C2)C3=CC=C(C=C3)C(F)(F)F)C4=CC(=CN=C4)C(=O)N,CN1C(=NN=C1SCCCN2CCOC(C2)C3=CC=C(C=C3)C(F)(F)F)C4=CC(=CN=C4)C(=O)N,Ki,>10000,nM,ChEMBL,CHEMBL234,CHEMBL3765422,26786693
503,P35462,QSGQMVZHKGEIIG-UHFFFAOYSA-N,CN1C(=NN=C1SCCCN2CCOC(C2)C3=CC=C(C=C3)C(F)(F)F)C4=CC=NC=C4,CN1C(=NN=C1SCCCN2CCOC(C2)C3=CC=C(C=C3)C(F)(F)F)C4=CC=NC=C4,Ki,>10000,nM,ChEMBL,CHEMBL234,CHEMBL3763200,26786693
504,P35462,BLWHAZZXRHTFJE-UHFFFAOYSA-N,COC1=C(C=C(C=C1)S(=O)(=O)NC2=CC(=CC(=C2Br)F)Br)N3CCNCC3,COC1=C(C=C(C=C1)S(=O)(=O)NC2=CC(=CC(=C2Br)F)Br)N3CCNCC3,Ki,>5011.87,nM,ChEMBL,CHEMBL234,CHEMBL329383,11140733
506,P35462,QXWNESOGWFJDFR-PBHICJAKSA-N,C1CC2CN(CCN2CC1COC3=CC=C(C=C3)F)C4=NC=C(C=N4)F,C1C[C@H]2CN(CCN2C[C@@H]1COC3=CC=C(C=C3)F)C4=NC=C(C=N4)F,Ki,>2000,nM,BindingDB,,50069041,9871530
508,P35462,WJYDVXOBGXFRGI-UHFFFAOYSA-N,CN1CCN(CC1)C2=C(C=CC(=C2)NC(=O)N3CCN(CC3)C4=CC=C(C=C4)C5=CC=CC=C5)OC,CN1CCN(CC1)C2=C(C=CC(=C2)NC(=O)N3CCN(CC3)C4=CC=C(C=C4)C5=CC=CC=C5)OC,Ki,>10000,nM,ChEMBL,CHEMBL234,CHEMBL197408,16143528
509,P35462,HWGSTWOVRDYFSO-VAVNGKDRSA-N,CN1CCC2CC(=O)C(C3C2C1CCC3)CC4=CC=CC=C4,CN1CC[C@H]2CC(=O)[C@@H]([C@@H]3[C@@H]2[C@H]1CCC3)CC4=CC=CC=C4,Ki,>10000,nM,BindingDB,,50204312,27839919
510,P35462,LQBNKUHZTYCCMU-UHFFFAOYSA-N,COC1=CC2=C(C=C1)C3C4=CC=CC=C4CCCN3CCC2,COC1=CC2=C(C=C1)C3C4=CC=CC=C4CCCN3CCC2,Ki,>10000,nM,ChEMBL,CHEMBL234,CHEMBL443843,17676831
512,P35462,GFVIYFMYUBERQL-UHFFFAOYSA-N,C1CN(CCN1CCCN=C2COC3=CC=CC=C3N2)C4=NC=CC=N4,C1CN(CCN1CCCN=C2COC3=CC=CC=C3N2)C4=NC=CC=N4,Ki,>7900,nM,BindingDB,,50290199,
516,P35462,AOENLUNXEDMDRT-UHFFFAOYSA-N,CN1CCN(CC1)C2=C(C=CC(=C2)NC(=O)N3CCN(CC3)C4=CC=C(C=C4)F)OC,CN1CCN(CC1)C2=C(C=CC(=C2)NC(=O)N3CCN(CC3)C4=CC=C(C=C4)F)OC,Ki,>10000,nM,ChEMBL,CHEMBL234,CHEMBL194206,16143528
517,P35462,HWHPJDOZGZLVJB-UHFFFAOYSA-N,CC1(CC(=O)N(C(=O)C1)CCCCN2CC3=CC=CC=C3C2)C,CC1(CC(=O)N(C(=O)C1)CCCCN2CC3=CC=CC=C3C2)C,Ki,>10000,nM,BindingDB,,50199137,27717652
518,P35462,GHAOYUDOVIKTMJ-UHFFFAOYSA-N,C1CN(CCN1CC2=CN3C=CN=CC3=N2)C4=CC=C(C=C4)F,C1CN(CCN1CC2=CN3C=CN=CC3=N2)C4=CC=C(C=C4)F,Ki,42000,nM,BindingDB,,50189838,16789750
525,P35462,HNIJOAWTFLCFJN-WLHGVMLRSA-N,C1CN(CCN1CCCCN=C2COC3=CC=CC=C3N2)C4=CC=CC=C4.C(=CC(=O)O)C(=O)O,C1CN(CCN1CCCCN=C2COC3=CC=CC=C3N2)C4=CC=CC=C4.C(=C/C(=O)O)\C(=O)O,Ki,>4000,nM,ChEMBL,CHEMBL234,CHEMBL309858,"Bioorg. Med. Chem. Lett., (1997) 7:18:2399"
526,P35462,QVEVPLLBXFALKP-UHFFFAOYSA-N,C1CN(CCN1CCC2C3=CC=CC=C3C(=O)N2)C4=CC=C(C=C4)Cl,C1CN(CCN1CCC2C3=CC=CC=C3C(=O)N2)C4=CC=C(C=C4)Cl,Ki,>3000,nM,ChEMBL,CHEMBL234,CHEMBL290351,9873377
529,P35462,RPZYOWNZYQHSLJ-SPIKMXEPSA-N,CCN(C)C1CCCC2=C1C=NC=C2.C(=CC(=O)O)C(=O)O.C(=CC(=O)O)C(=O)O,CCN(C1C2=C(C=CN=C2)CCC1)C.C(=C\C(=O)O)\C(=O)O.C(=C\C(=O)O)\C(=O)O,Ki,>10000,nM,ChEMBL,CHEMBL234,CHEMBL1794855,15203136
533,P35462,JEYKBVBGFCMXAB-MRXNPFEDSA-N,CN1CCCC1CC2=CNC3=C2C=C(C=C3)NS(=O)(=O)C4=CC=CC=C4Cl,CN1CCC[C@@H]1CC2=CNC3=C2C=C(C=C3)NS(=O)(=O)C4=CC=CC=C4Cl,Ki,>1000,nM,ChEMBL,CHEMBL234,CHEMBL606547,15658848
535,P35462,XINSSTGUTQPDTR-KRWDZBQOSA-N,C1COC(CN1CC2=CC=C(C=C2)Cl)CSC3=CC=CC=C3,C1CO[C@@H](CN1CC2=CC=C(C=C2)Cl)CSC3=CC=CC=C3,Ki,>10000,nM,BindingDB,,50156814,27080176
536,P35462,SYERHDJULLPKRY-UHFFFAOYSA-N,CN1CCN(CC1)C2=C(C=CC(=C2)NC(=O)C3CCN(CC3)C4=CC=CC=C4OC)OC,CN1CCN(CC1)C2=C(C=CC(=C2)NC(=O)C3CCN(CC3)C4=CC=CC=C4OC)OC,Ki,>10000,nM,ChEMBL,CHEMBL234,CHEMBL195927,16143528
537,P35462,GOTMKOSCLKVOGG-UHFFFAOYSA-N,CN1CCC2=CC(=C(C=C2C(C1)C3=CC=CC=C3)O)Cl,CN1CCC2=CC(=C(C=C2C(C1)C3=CC=CC=C3)O)Cl,Ki,>10000,nM,PDSP,,,12921854
544,P35462,LGKIWGDJKNJYMG-SFHVURJKSA-N,CC1CN(CCN1C(=O)C2=CC3=C(C=C2)C=CN3)C(=O)C4=CC=C(C=C4)C5=CC(=CC=C5)F,C[C@H]1CN(CCN1C(=O)C2=CC3=C(C=C2)C=CN3)C(=O)C4=CC=C(C=C4)C5=CC(=CC=C5)F,Ki,>10000,nM,ChEMBL,CHEMBL234,CHEMBL1082210,20137933
545,P35462,WDEYIXBZAKPKCG-SFHVURJKSA-N,CCCCOC1=C2CN3CCC4=CC(=C(C=C4C3CC2=C(C=C1O)Br)O)OC,CCCCOC1=C2CN3CCC4=CC(=C(C=C4[C@@H]3CC2=C(C=C1O)Br)O)OC,Ki,>10000,nM,ChEMBL,CHEMBL234,CHEMBL3905947,27688181
547,P35462,GDBWCGSXGHDTJU-UHFFFAOYSA-N,C1CCNC(C1)CN2CCN(C2=O)C3=CN=CC=C3,C1CCNC(C1)CN2CCN(C2=O)C3=CN=CC=C3,Ki,>630.96,nM,ChEMBL,CHEMBL234,CHEMBL1077197,20153647
557,P35462,YOTBRGBBWUDEHV-WLHGVMLRSA-N,C1CN(CCN1CCCCN=C2COC3=CC=CC=C3N2)C4=NC=CC=N4.C(=CC(=O)O)C(=O)O,C1CN(CCN1CCCCN=C2COC3=CC=CC=C3N2)C4=NC=CC=N4.C(=C/C(=O)O)\C(=O)O,Ki,>7900,nM,ChEMBL,CHEMBL234,CHEMBL309843,"Bioorg. Med. Chem. Lett., (1997) 7:18:2399"
560,P35462,GSMUFGQPDDQGFK-UHFFFAOYSA-N,CC1=C(NC(=O)N1C2CCN(CC2)CC3=CC=CC=C3Cl)C4=CC=CC=C4,CC1=C(NC(=O)N1C2CCN(CC2)CC3=CC=CC=C3Cl)C4=CC=CC=C4,Ki,>4000,nM,BindingDB,,50079163,10411491
562,P35462,QGKCXGBLQBZVNB-IQZDNPOKSA-N,CCN(CC)C1C(C2C1C(N(C2)CC3=CC=CC=C3)C)CO,CCN(CC)[C@@H]1[C@H]([C@@H]2[C@H]1[C@H](N(C2)CC3=CC=CC=C3)C)CO,Ki,21000,nM,ChEMBL,CHEMBL234,CHEMBL2062852,22846798
563,P35462,FKYWSGYMKJUZEP-ZOBUZTSGSA-N,C1CNCC2C1C(CC3=C2C=CC(=C3O)O)C4=CC=CC=C4,C1CNC[C@@H]2[C@@H]1[C@@H](CC3=C2C=CC(=C3O)O)C4=CC=CC=C4,Ki,130000,nM,ChEMBL,CHEMBL234,CHEMBL1224527,20709559
566,P35462,FODISKJARWLXOS-UHFFFAOYSA-N,C1CN(C(=O)C2=CC=CC=C21)CCCN3CCN(CC3)C4=NC=CC=N4,C1CN(C(=O)C2=CC=CC=C21)CCCN3CCN(CC3)C4=NC=CC=N4,Ki,24547.09,nM,ChEMBL,CHEMBL234,CHEMBL452150,19217777
567,P35462,LVXAMCKZCLWWTF-UHFFFAOYSA-N,C1=C(C=C(C=C1C#N)F)C#CC2=CSC(=N2)F,C1=C(C=C(C=C1C#N)F)C#CC2=CSC(=N2)F,Ki,>10000,nM,ChEMBL,CHEMBL234,CHEMBL1672288,21207959
571,P35462,TVIUJNLDORXPPC-OAHLLOKOSA-N,CCCN1CCC2=C3C1CC4=C(C3=CC(=C2)F)C(=C(C=C4)O)O,CCCN1CCC2=C3[C@H]1CC4=C(C3=CC(=C2)F)C(=C(C=C4)O)O,Ki,>10000,nM,ChEMBL,CHEMBL234,CHEMBL106622,21666830
574,P35462,VSWSLQBTTUYKSP-UHFFFAOYSA-N,C1CCC(CC1)N2CCC(CC2)N3C4=CC=CC=C4NC3=O,C1CCC(CC1)N2CCC(CC2)N3C4=CC=CC=C4NC3=O,Ki,>501.19,nM,ChEMBL,CHEMBL234,CHEMBL2146597,24900202
575,P35462,IBGOYLLAGSRGCH-UHFFFAOYSA-N,C1CN2C(CN1CCCCNC(=O)C3=CC4=CC=CC=C4S3)C5=CC=CC=C5CC6=CC=CC=C62,C1CN2C(CN1CCCCNC(=O)C3=CC4=CC=CC=C4S3)C5=CC=CC=C5CC6=CC=CC=C62,Ki,>1000,nM,BindingDB,,50221379,17826096
578,P35462,PDNJLMZEGXHSCU-GSVOUGTGSA-N,C(CS(=O)O)C(C(=O)O)N,C(CS(=O)O)[C@H](C(=O)O)N,Ki,>10000,nM,BindingDB,,86197,12649361
581,P35462,WMFCPIPAGHYFMC-UHFFFAOYSA-N,CC1=C(OC=N1)C2=NN=C(N2C)SCCCCN3CCOC(C3)C4=CC=C(C=C4)C(F)(F)F,CC1=C(OC=N1)C2=NN=C(N2C)SCCCCN3CCOC(C3)C4=CC=C(C=C4)C(F)(F)F,Ki,>10000,nM,ChEMBL,CHEMBL234,CHEMBL3763418,26786693
582,P35462,LQNWDAJOIFVKPY-UHFFFAOYSA-N,CN1C=NC=C1C2=NN=C(N2C)SCCCN3CCOC(C3)C4=CC=C(C=C4)C(F)(F)F,CN1C=NC=C1C2=NN=C(N2C)SCCCN3CCOC(C3)C4=CC=C(C=C4)C(F)(F)F,Ki,>10000,nM,ChEMBL,CHEMBL234,CHEMBL3764251,26786693
589,P35462,GPCVUHGDQJVKPL-UHFFFAOYSA-N,CCN(C)C1CCCC2=C1C=NC=C2,CCN(C)C1CCCC2=C1C=NC=C2,Ki,>10000,nM,BindingDB,,50366923,15203136
590,P35462,DYLJVOXRWLXDIG-UHFFFAOYSA-N,COC1=C(C(=CC=C1)OC)C2=CC(=NN2C3=C4C=CC(=CC4=NC=C3)Cl)C(=O)NC5(C6CC7CC(C6)CC5C7)C(=O)O,COC1=C(C(=CC=C1)OC)C2=CC(=NN2C3=C4C=CC(=CC4=NC=C3)Cl)C(=O)NC5(C6CC7CC(C6)CC5C7)C(=O)O,Ki,>10000,nM,PDSP,,,http://www.jneurosci.org/content/25/7/1629.full.pdf+html
595,P35462,IMTICVASEJSMDW-UHFFFAOYSA-N,CN1C(=NN=C1SCCCN2CCOC(C2)C3=CC=C(C=C3)C(F)(F)F)C4=CC=C(C=C4)C5=NN=CO5,CN1C(=NN=C1SCCCN2CCOC(C2)C3=CC=C(C=C3)C(F)(F)F)C4=CC=C(C=C4)C5=NN=CO5,Ki,>10000,nM,ChEMBL,CHEMBL234,CHEMBL3765285,26786693
598,P35462,CZEUYEVFOZRSCP-UHFFFAOYSA-N,C1CC(NC1)CC2=CNC3=C2C=C(C=C3)NS(=O)(=O)C4=CC=CC=C4Cl,C1CC(NC1)CC2=CNC3=C2C=C(C=C3)NS(=O)(=O)C4=CC=CC=C4Cl,Ki,>5000,nM,BindingDB,,50159175,15658848
600,P35462,PHGKHKLVMARJOV-UHFFFAOYSA-N,C=CCN1CCC2=C(C(=C(C=C2C(C1)C3=CC=CC=C3C(F)(F)F)O)O)Br,C=CCN1CCC2=C(C(=C(C=C2C(C1)C3=CC=CC=C3C(F)(F)F)O)O)Br,Ki,>10000,nM,BindingDB,,86272,12921854
605,P35462,MIOMZHKUIQMOIR-GOTSBHOMSA-N,C1CN(CCC1C(=O)C2=CC=C(C=C2)F)C3CCN(CC3O)CC4=CC=C(C=C4)F,C1CN(C[C@@H]([C@H]1N2CCC(CC2)C(=O)C3=CC=C(C=C3)F)O)CC4=CC=C(C=C4)F,Ki,>20000,nM,BindingDB,,50351964,21732626
606,P35462,MYYHPWVXRPLYMD-SFHVURJKSA-N,CC1CN(CCN1C(=O)C2=CC3=C(C=C2)C=CN3)C(=O)C4=CC=C(C=C4)C5=CC(=CC=C5)C(F)(F)F,C[C@H]1CN(CCN1C(=O)C2=CC3=C(C=C2)C=CN3)C(=O)C4=CC=C(C=C4)C5=CC(=CC=C5)C(F)(F)F,Ki,>10000,nM,BindingDB,,50312774,20137933
607,P35462,AGPVWRLINFFKSF-UHFFFAOYSA-N,CN1C(=NN=C1SCCCN2CCOC(C2)C3=CC=C(C=C3)C(F)(F)F)C4=CSC=C4,CN1C(=NN=C1SCCCN2CCOC(C2)C3=CC=C(C=C3)C(F)(F)F)C4=CSC=C4,Ki,>10000,nM,ChEMBL,CHEMBL234,CHEMBL3764191,26786693
608,P35462,ODMLUIATXKBXOW-UHFFFAOYSA-N,C1CN2C3=CC=CC=C3C(=C2OC1)C(=O)NCC4CCN(CC4)CCCCCC(=O)O,C1CN2C3=CC=CC=C3C(=C2OC1)C(=O)NCC4CCN(CC4)CCCCCC(=O)O,Ki,>10000,nM,ChEMBL,CHEMBL234,CHEMBL1632174,21075638
609,P35462,XSPGVWRPBIUSAP-UHFFFAOYSA-N,CCOC(=O)N1CCC2=CC=CC=C2CC3=C(CC1)SC=C3,CCOC(=O)N1CCC2=CC=CC=C2CC3=C(CC1)SC=C3,Ki,>1000,nM,ChEMBL,CHEMBL234,CHEMBL3753195,"MedChemComm, (2015) 6:9:1679"
619,P35462,VEJWDLHOLWGRLH-UHFFFAOYSA-N,C1CN(CCN1CC2=CC=CC=C2)C3=CC=CC=C3,C1CN(CCN1CC2=CC=CC=C2)C3=CC=CC=C3,Ki,>400,nM,BindingDB,,50069919,9871673
627,P35462,IRJWRVXIZNQJBA-WLHGVMLRSA-N,C1CN(CCN1CCCN=C2COC3=CC=CC=C3N2)C4=CC=CC=N4.C(=CC(=O)O)C(=O)O,C1CN(CCN1CCCN=C2COC3=CC=CC=C3N2)C4=CC=CC=N4.C(=C/C(=O)O)\C(=O)O,Ki,>7900,nM,ChEMBL,CHEMBL234,CHEMBL310311,"Bioorg. Med. Chem. Lett., (1997) 7:18:2399"
635,P35462,PDJMURIRAHUSPJ-UHFFFAOYSA-N,CC1=C(NC(=O)N1C2CCN(CC2)CC3=CC(=CC=C3)Cl)C4=CC=CC=C4,CC1=C(NC(=O)N1C2CCN(CC2)CC3=CC(=CC=C3)Cl)C4=CC=CC=C4,Ki,>4700,nM,ChEMBL,CHEMBL234,CHEMBL93832,10411491
636,P35462,OHBRURMYVYWCLY-UHFFFAOYSA-N,CN1CCN(CC1)C2=C(C=CC(=C2)NC(=O)N3CCN(CC3)C4=CC=CC=C4Cl)OC,CN1CCN(CC1)C2=C(C=CC(=C2)NC(=O)N3CCN(CC3)C4=CC=CC=C4Cl)OC,Ki,>10000,nM,ChEMBL,CHEMBL234,CHEMBL370128,16143528
639,P35462,GGUUYQBMWBFCFQ-IBGZPJMESA-N,CC1CN(CCN1C(=O)C2=CC3=C(C=C2)C=CN3)C(=O)C4=CC=C(C=C4)C5=CC=CC=C5,C[C@H]1CN(CCN1C(=O)C2=CC3=C(C=C2)C=CN3)C(=O)C4=CC=C(C=C4)C5=CC=CC=C5,Ki,>10000,nM,BindingDB,,50312776,20137933
642,P35462,PGGCRGAETLNAJC-UHFFFAOYSA-N,CN1C(=O)C=NN(C1=O)CCCCN2CCN(CC2)C3=CC(=CC=C3)OC,CN1C(=O)C=NN(C1=O)CCCCN2CCN(CC2)C3=CC(=CC=C3)OC,Ki,>10000,nM,BindingDB,,50182020,16458504
643,P35462,ITEDPGCPPXPZHP-CQSZACIVSA-O,CC(C1CC1)[NH+](CCC(=O)N2CCC3=CC=CC=C32)C4CC4,C[C@H](C1CC1)[NH+](CCC(=O)N2CCC3=CC=CC=C32)C4CC4,Ki,>10000,nM,BindingDB,,86579,21926995
644,P35462,SUGVYNSRNKFXQM-ACSDJOOWSA-N,CC1=CC=C(C=C1)CN2C(=CC(=N2)C(=O)NC3C(C4CCC3(C4)C)(C)C)C5=CC(=C(C=C5)Cl)C,CC1=CC=C(C=C1)CN2C(=CC(=N2)C(=O)NC3[C@]4(CCC(C4)C3(C)C)C)C5=CC(=C(C=C5)Cl)C,Ki,>10000,nM,BindingDB,,21280,9454810
646,P35462,IPMURAOMTDBMON-OAHLLOKOSA-O,C[NH+](CC1=NC2=CC=CC=C2S1)CC(CC3=CC=CC=C3)O,C[NH+](CC1=NC2=CC=CC=C2S1)C[C@@H](CC3=CC=CC=C3)O,Ki,>10000,nM,BindingDB,,86577,21926995
647,P35462,MEKSQRMXWZHFIP-UHFFFAOYSA-N,CN1C(=O)C=NN(C1=O)CCCCN2CCN(CC2)C3=CC=CC=C3OC,CN1C(=O)C=NN(C1=O)CCCCN2CCN(CC2)C3=CC=CC=C3OC,Ki,>10000,nM,ChEMBL,CHEMBL234,CHEMBL2413154,23816046
652,P35462,OEUUCWVHNBAMPM-UHFFFAOYSA-N,CC1=C(OC=N1)C2=NN=C(N2C)SCCCN3CCOC(C3)C4=CC=C(C=C4)C(F)(F)F,CC1=C(OC=N1)C2=NN=C(N2C)SCCCN3CCOC(C3)C4=CC=C(C=C4)C(F)(F)F,Ki,>10000,nM,ChEMBL,CHEMBL234,CHEMBL3764557,26786693
673,P35462,QXENIDYJYZUXDA-UHFFFAOYSA-N,CCOC(=O)N1CCC2=C(CC3=CC=CC=C3CC1)SC=C2,CCOC(=O)N1CCC2=C(CC3=CC=CC=C3CC1)SC=C2,Ki,>1000,nM,ChEMBL,CHEMBL234,CHEMBL3752882,"MedChemComm, (2015) 6:9:1679"
676,P35462,QCRYFTXYPJTHHB-UHFFFAOYSA-N,CC1=CC=CC(=C1)C2CNCCC3=C(C(=C(C=C23)O)O)Cl,CC1=CC=CC(=C1)C2CNCCC3=C(C(=C(C=C23)O)O)Cl,Ki,>10000,nM,BindingDB,,86269,12921854
677,P35462,UVOXCNCVSFLEPX-CHWSQXEVSA-N,CCCN1CCC2C1CCC3=C2C(=CC=C3)O,CCCN1CC[C@@H]2[C@H]1CCC3=C2C(=CC=C3)O,Ki,>4762,nM,BindingDB,,50034342,
690,P35462,UTPGRZGMQVAYAA-UHFFFAOYSA-N,CNC1=NC=NC(=C1)C2=CSC(=N2)N(C)C(=O)C3=CC=C(C=C3)F,CNC1=NC=NC(=C1)C2=CSC(=N2)N(C)C(=O)C3=CC=C(C=C3)F,Ki,>10000,nM,ChEMBL,CHEMBL234,CHEMBL569270,24147864
692,P35462,UBIQMAFTTDZGEX-UHFFFAOYSA-N,CN(C)CC1(CC2=C1C=C(C=C2)OC)C3(CCCCC3)O,CN(C)CC1(CC2=C1C=C(C=C2)OC)C3(CCCCC3)O,Ki,>10000,nM,BindingDB,,85805,11454918
693,P35462,GQRIAOUUYRIMLH-UHFFFAOYSA-N,CCCN1CCCC(C1)C2=CC=CC(=C2)C#N,CCCN1CCCC(C1)C2=CC=CC(=C2)C#N,Ki,>1425,nM,ChEMBL,CHEMBL234,CHEMBL107492,8230107
697,P35462,CZEUYEVFOZRSCP-CQSZACIVSA-N,C1CC(NC1)CC2=CNC3=C2C=C(C=C3)NS(=O)(=O)C4=CC=CC=C4Cl,C1C[C@@H](NC1)CC2=CNC3=C2C=C(C=C3)NS(=O)(=O)C4=CC=CC=C4Cl,Ki,>5000,nM,ChEMBL,CHEMBL234,CHEMBL609742,15658848
701,P35462,XKGPHJMKJBEURD-UHFFFAOYSA-N,CN1CCC2=C(C1)C3=C4N2CCC5=CC=CC=C5C4=CC=C3,CN1CCC2=C(C1)C3=C4N2CCC5=CC=CC=C5C4=CC=C3,Ki,>10000,nM,ChEMBL,CHEMBL234,CHEMBL3104093,24365159
707,P35462,QBRPGZFNANDQNL-DNVCBOLYSA-N,CNC1C(C2=C1C3=C(C=C2)N(C=C3)S(=O)(=O)C4=CC=CC=C4)CCO,CN[C@@H]1[C@@H](C2=C1C3=C(C=C2)N(C=C3)S(=O)(=O)C4=CC=CC=C4)CCO,Ki,>10000,nM,ChEMBL,CHEMBL234,CHEMBL3895173,28029458
